编号,名称,门派,使用类型,条件,消耗,技能,飞升,角色等级,冷却回合,资源,模型大,模型小,功效
1,十方无敌,大唐官府,8,,,,,,,wzife.wdf,1137925403,4107877611,提高角色的伤害
2,无双一击,大唐官府,8,,,,,,,wzife.wdf,2203124248,2998720398,提高角色的命中
3,神兵鉴赏,大唐官府,8,,,,,,,wzife.wdf,743065692,4243999668,无效果
4,文韬武略,大唐官府,8,,,,,,,wzife.wdf,1708888521,3150772814,提高角色的防御
5,为官之道,大唐官府,8,,,,,,,wzife.wdf,2338752455,2050205097,其它门派技能的等级不能高于本技能。
6,紫薇之术,大唐官府,8,,,,,,,wzife.wdf,3941011754,1942519774,提高角色的法伤和法防
7,疾风步,大唐官府,8,,,,,,,wzife.wdf,2104231936,552299472,提高角色的躲避
8,横扫千军,大唐官府,4,当前气血比例≥50%,最大气血*10%，技能等级为奇数时消耗会有50%-150%的随机波动,十方无敌|30,,,,wzife.wdf,151046561,2967724427,对敌方单个目标连续发动3次物理攻击，使用后需休息一回合。
9,后发制人,大唐官府,4,,当前气血*5%，技能等级为奇数时消耗会有509%-150%的随机波动,无双一击|25,,,,wzife.wdf,3809037555,1112380505,休息一回合后临时提高伤害力、命中和速度，自动攻击目标
10,兵器谱,大唐官府,12,,一定的活力，受装备等级影响,神兵鉴赏|5,,,,wzife.wdf,1814276494,4262913816,能够鉴定武器和铠甲，学习后也可在长安书店制作相应等级的“神兵图鉴”
11,千里神行,大唐官府,0,,10点气血、10点魔法,疾风步|1,,,,wzife.wdf,13494159,1717996623,平时状态下使用，可以瞬间回到自己的门派
12,杀气诀,大唐官府,3,,40点魔法,为官之道|15,,,,wzife.wdf,1673396685,1326507976,战斗中临时提高自己或队友的命中
13,斩龙诀,大唐官府,4,,150点愤怒,紫薇之术|20,,20,,wzife.wdf,40028053,1152390271,克制龙宫弟子的必杀技
14,反间之计,大唐官府,4,,30点魔法,文韬武略|20,,,,wzife.wdf,146786390,841319996,令怪物处于混乱状态，不能用于玩家对战
15,破釜沉舟,大唐官府,4,10|最大气血|百分比,最大气血*10%,十方无敌|120,真,,,wzife.wdf,1580308746,619017033,同时攻击对方三个目标
16,安神诀,大唐官府,2,,30点魔法,文韬武略|120,真,,,wzife.wdf,3150617611,2204689180,一定回合内临时提升自身灵力
17,嗜血,大唐官府,12,,一定的活力，受装备等级影响,文韬武略|35,,30,,wzife.wdf,2341356120,831906636,打造后为项链提高一定的属性
18,其疾如风,大唐官府,2,,200点魔法,,,,4,wzife.wd3,2718476462,407794048,使用后下回合，我方人物获得增加30%速度
19,其疾如林,大唐官府,2,,200点魔法,,,,4,wzife.wd3,1241199591,2424291766,使用后下回合，回合结束时，若3个以上单位处于封印状态，则解除所有异常状态。
20,其疾如火,大唐官府,2,,200点魔法,,,,4,wzife.wd3,1989203646,1650371514,使用后下回合，我方人物获得增加20%造成的伤害
21,其疾如山,大唐官府,2,,200点魔法,,,,4,wzife.wd3,1055337578,40250350,使用后下回合，我方人物获得降低20%受到的伤害
22,目空,大唐官府,8,,,,,,,wzife.wd2,0x72ED61A1,0x72ED61A1,使用特技、翩鸿一击、后发制人攻击时忽略目标10%防御。
23,风刃,大唐官府,8,,,,,,,wzife.wd2,0xF97A7093,0xF97A7093,大唐官府，普通攻击时可以对其他任意三个单位造成等级*3的伤害
24,扶阵,大唐官府,8,,,,,,,wzife.wd2,0xD5131E6F,0xD5131E6F,大唐官府，使队伍每个人的阵法加成效果在原数值提升3%。
25,翩鸿一击,大唐官府,4,,50点魔法,,,,5,wzife.wd2,0x30E001D4,0x30E001D4,兵贵神速，对敌人造成135%的伤害
26,勇武,大唐官府,8,,,,,,,wzife.wd2,0x265842A6,0x265842A6,后发制人将获得以下额外效果：额外增加防御值40%的伤害结果；使用时不消耗气血，转而使自己增加气血上限*15%的气血（最高为人物等级*8）；使用时增加自身10点愤怒。
27,长驱直入,大唐官府,4,,150点魔法,,,,5,wzife.wd2,0xAB6EA7B4,0xAB6EA7B4,以迅雷不及掩耳之势切入战场，给敌军最薄弱的环节予以致命一击
28,杀意,大唐官府,8,,,,,,,wzife.wd2,0xBB962DBE,0xBB962DBE,触发物理必杀时。必杀伤害增加20%。
29,念心,大唐官府,8,,,,,,,wzife.wd2,0xAB64E8CF,0xAB64E8CF,攻击目标且自身召唤兽为在场时，额外增加10%必杀率。（鬼魂倒地视为未在场）
30,静岳,大唐官府,8,,,,,,,wzife.wd2,0xB363459E,0xB363459E,处于后发制人或者横扫千军，破釜沉舟的休息状态时，所受伤害减少150点。
31,干将,大唐官府,8,,,,,,,wzife.wd2,0x01C779BC,0x01C779BC,使用破斧沉舟技能时有20%的几率额外增加一个伤害目标。
32,勇念,大唐官府,8,,,,,,,wzife.wd2,0x2EF39CEC,0x2EF39CEC,使用横扫千军时，忽略目标10%防御。
33,神凝,大唐官府,8,,,,,,,wzife.wd2,0x9640C6B0,0x9640C6B0,自身提高10%抗封印率。
34,狂狷,大唐官府,8,,,,,,,wzife.wd2,0xAFA63BA0,0xAFA63BA0,将自身（力量属性/耐力属性）*16转化为伤害力。
35,不惊,大唐官府,8,,,,,,,wzife.wd2,0x8F6C13D3,0x8F6C13D3,额外忽视目标自身武器宝石锻造等级*5的防御。
36,突进,大唐官府,8,,,,,,,wzife.wd2,0xA839BBD0,0xA839BBD0,每回合开始时有45%的几率触发，提升自身防御值8%的伤害力。
37,破空,大唐官府,8,,,,,,,wzife.wd2,0x0821ADC7,0x0821ADC7,攻击被保护时，被保护者所受伤害结果增加15%。
38,历战,大唐官府,8,,,,,,,wzife.wd2,0x438B3BD1,0x438B3BD1,带有“安神决”时，受到的法术伤害降低50%。安神诀有70%几率抵抗驱散效果。
39,连破,大唐官府,8,,,,,,,wzife.wd2,0x8E319047,0x8E319047,横扫千军有18%几率不进入休息状态。
40,无敌,大唐官府,8,,,,,,,wzife.wd2,0x4640D75C,0x4640D75C,横扫千军变为4次攻击，气血消耗额外增加10%
41,破军,大唐官府,8,,,,,,,wzife.wd2,0xDC241728,0xDC241728,使用横扫千军时每次攻击时额外增加受击目标气血最大上限的1%*攻击次序+200的伤害结果。
42,额外能力,大唐官府,8,,,,,,,wzife.wd2,0xA209C3C2,0xA209C3C2,学习“无敌”以后，每个额外的乾元丹会增加增加40点伤害，学习“破军”以后，每个额外的乾元丹会增加280点气血。
43,黄庭经,方寸山,8,,,,,,,wzife.wdf,2680262225,1501050246,无效果
44,磐龙灭法,方寸山,8,,,,,,,wzife.wdf,423192983,1962038233,按技能等级提高伤害力
45,霹雳咒,方寸山,8,,,,,,,wzife.wdf,53930907,300592749,无效果
46,符之术,方寸山,1,,,,,,,wzife.wdf,3599571341,921854792,无效果
47,归元心法,方寸山,8,,,,,,,wzife.wdf,3444112895,2996031232,按技能等级提高防御力
48,神道无念,方寸山,8,,,,,,,wzife.wdf,1749937072,3852659463,按技能等级提高灵力
49,斜月步,方寸山,8,,,,,,,wzife.wdf,769022309,2124205828,按技能等级提高躲避力
50,三星灭魔,方寸山,4,,150点愤怒值,黄庭经|25,,20,,wzife.wdf,1209970630,84450076,克制魔王寨弟子的必杀技
51,五雷咒,方寸山,4,,30点魔法,霹雳咒|1,,,,wzife.wdf,3103307429,1116134864,施展法术攻击对方单人
52,飞行符,方寸山,0,,50点魔法、6点活力，活力消耗随着技能等级提高而降低，最低2点,符之术|21,,,,wzife.wdf,1788221468,1798664293,制作一张飞行符
53,兵解符,方寸山,2,MP≥10,当前所有魔法、90%当前气血，使用失败无消耗,符之术|10,,,,wzife.wdf,1268134129,2026082073,在战斗中逃离战场回到自己门派
54,催眠符,方寸山,4,,45点魔法,符之术|10,,,,wzife.wdf,3523869082,104771547,令对手在受到伤害前无法行动
55,失心符,方寸山,4,,60点魔法,符之术|40,,,,wzife.wdf,1506622772,3407760722,令对手一定回合内无法使用法术，并降低灵力
56,落魄符,方寸山,4,,40点魔法,符之术|15,,,,wzife.wdf,1553239295,2036240644,令对手一定回合内无法使用法术，并出现攻击偏差
57,失忆符,方寸山,4,,50点魔法,符之术|20,,,,wzife.wdf,1562829683,2704552245,令对手一定回合无法使用特技并使其施法有一定几率失败
58,追魂符,方寸山,4,,55点魔法,符之术|25,,,,wzife.wdf,1021060099,2404071232,令对手一定回合无法使用物理攻击，并降低物理防御力
59,离魂符,方寸山,4,,50点魔法,符之术|25,,,,wzife.wdf,30806,3355342391,令对手一定回合内无法使用法术，并降低躲避力
60,失魂符,方寸山,4,,60点魔法,符之术|25,,,,wzife.wdf,2029120895,2414938178,令对手一定回合无法使用法术攻击，并降低物理防御力
61,定身符,方寸山,4,,60点魔法,符之术|30,,,,wzife.wdf,170590832,2539497909,概率令对手一定回合停止行动，并降低法术防御力
62,归元咒,方寸山,2,,20点魔法,归元心法|1,,,,wzife.wdf,2473529751,3090930843,消耗魔法值来补充自己的气血
63,凝神术,方寸山,2,,50点魔法,归元心法|100,,,,wzife.wd1,3869803971,3077203266,固定10回合内增加10%自身的封系命中与上限。不受修炼效果影响。
64,乾天罡气,方寸山,2,,20点气血,神道无念|30,,,,wzife.wdf,3309202999,2018341630,消耗气血来补充自己的魔法值
65,乙木仙遁,方寸山,0,,10点气血和10点魔法,斜月步|1,,,,wzife.wdf,71432172,436091648,平时状态下使用，可以瞬间回到自己的门派
66,分身术,方寸山,2,,80点魔法,神道无念|120,真,,,wzife.wdf,2099222596,1436233235,一定回合里躲避每回合的首次攻击
67,碎甲符,方寸山,4,,作用人数*50点魔法,符之术|120,真,,,wzife.wdf,417555669,3175526110,降低对方多人物理防御力及灵力
68,落雷符,方寸山,4,,作用人数*30点魔法,符之术|20,,,,wzife.wd1,3476452217,3226830020,作用为当目标为怪物时攻击对方多个目标，作用人数公式为技能等级除以30+1，最多3个。随着作用人数增加降低伤害效果，魔法消耗随着作用人数增加而增加。对含有鬼魂术、高级鬼魂术的敌人伤害增加20%
69,神兵护法,方寸山,12,,和技能等级数相同的活力,神道无念|35,,30,,wzife.wdf,1217133207,3100160960,打造后为帽子提高一定的属性
70,否极泰来,方寸山,4,,100点魔法,,,,8,wzife.wd3,2494574845,2171889511,移除自身异常状态、复制指定目标部分增益状态
71,苦缠,方寸山,8,,,,,,,wzife.wd2,0xE99E9C96,0xE99E9C96,失魂符、失心符、定身符降低属性的效果增加3%。
72,雷动,方寸山,8,,,,,,,wzife.wd2,0xD2180C25,0xD2180C25,使用落雷符时增加100点伤害。
73,奔雷,方寸山,8,,,,,,,wzife.wd2,0xB490BD29,0xB490BD29,使用五雷咒时，额外攻击另一个敌方目标。自身封印命中率下降15%。霹雳咒等级≥125时，首目标额外提高10%伤害。
74,黄粱,方寸山,8,,,,,,,wzife.wd2,0xD3CF1A9E,0xD3CF1A9E,敌方目标被自己催眠时。必须受到100点以上的伤害才会苏醒。
75,不舍,方寸山,8,,,,,,,wzife.wd2,0xB60A561A,0xB60A561A,每受到大于气血上限20%的物理伤害后，会自动使用归元咒，被封印时无法触发。
76,鬼怮,方寸山,8,,,,,,,wzife.wd2,0xB44BA05E,0xB44BA05E,五雷咒提升对含有鬼魂术的敌人伤害提高30%。
77,补缺,方寸山,8,,,,,,,wzife.wd2,0x3A33F2CD,0x3A33F2CD,回合开始时，若自身魔法小于魔法上限30%时，有35%几率回复乾天罡气同等量的魔法
78,不倦,方寸山,8,,,,,,,wzife.wd2,0xA2F9E185,0xA2F9E185,催眠符命中效果增加20%
79,不灭,方寸山,8,,,,,,,wzife.wd2,0xAE728B11,0xAE728B11,每次使用完封印类法术时，有15%的几率自动使用技能归元咒并在一定回合内提高自身10%的防御和灵力
80,化身,方寸山,8,,,,,,,wzife.wd2,0xE950182D,0xE950182D,分身术持续回合数提高1回合
81,集中,方寸山,8,,,,,,,wzife.wd2,0x2ACC6068,0x2ACC6068,提升(武器伤害/命中)*24的灵力。
82,批亢,方寸山,8,,,,,,,wzife.wd2,0x200F0880,0x200F0880,带有分身术状态时，所受伤害降低15%。
83,斗法,方寸山,8,,,,,,,wzife.wd2,0x1EEA41F8,0x1EEA41F8,增加10%的封印命中率。
84,吐纳,方寸山,8,,,,,,,wzife.wd2,0x47BCA30B,0x47BCA30B,主动使用的归元咒将额外恢复气血上限*20%的气血，但额外消耗对应值*25%的魔法值。
85,飞符炼魂,方寸山,4,,60点魔法,,,,6,wzife.wd2,0x4C6405CB,0x4C6405CB,—道法力强大的符咒，能在攻击敌人的同时附加封印效果，由于效果惊人，普提祖师禁止弟子随意使用。使用法术攻击目标后70%几率附加落魄符，持续4回合，并额外造成250+“斜月步”等级*2点伤害。消耗:60点魔法;冷却回合:6.
86,鬼念,方寸山,8,,,,,,,common/wzife.wdf,0x173015AE,0x173015AE,含有鬼魂术(包括高级鬼魂术)类的敌人降低对自身造成伤害的15%
87,碎甲,方寸山,8,,,,,,,wzife.wd2,0xF701C5B5,0xF701C5B5,使碎甲符作用人数提高3人，持续回合数增加1回合。
88,摧心,方寸山,8,,,,,,,wzife.wd2,0xF2BAFEF2,0xF2BAFEF2,当自身对目标造成物理伤害之后，目标概率会在之后的3回合内进入虚弱状态，降低10%的伤害力、灵力和物理防御。该效果的持续回合可以被刷新。
89,顺势而为,方寸山,4,,60点愤怒,,,,6,wzife.wd2,0x9E6FFF66,0x9E6FFF66,精于封印的方寸弟子可以耗费一定的愤怒值对目标施加强大的法力
90,钟馗论道,方寸山,2,,40点魔法,,,,6,wzife.wd2,0xB7CDB6AA,0xB7CDB6AA,为自己附加“钟尴论道”效果，获得下述效果，持续5回合:1)五雷咒伤害增加50%、飞符炼魂伤害增加20%且不触发冷却回合;2)回合结束时减少自身带有的“锢魂术”“死亡禁锢”1回合持续时间;自身气血≥50%方可使用，使用后气血为1。冷却回合:8(战斗开始时具有4回合冷却回合)消耗:80点魔法。
91,额外能力,方寸山,8,,,,,,,wzife.wd2,0xA209C3C2,0xA209C3C2,学习“顺势而为”以后，每个额外的乾元丹会增加增加30点速度，学习“钟道论道”以后，每个额外的乾元丹会增加40点法术伤害。
92,金刚伏魔,化生寺,8,,,,,,,wzife.wdf,2566898861,3862994147,按技能等级提高伤害力
93,小乘佛法,化生寺,8,,,,,,,wzife.wdf,2925047058,1573500785,按技能等级提高灵力
94,诵经,化生寺,8,,,,,,,wzife.wdf,1921499236,3515981629,无效果
95,佛光普照,化生寺,8,,,,,,,wzife.wdf,3599571341,921854792,无效果
96,大慈大悲,化生寺,8,,,,,,,wzife.wdf,1267473253,3966881348,按技能等级提高防御力
97,歧黄之术,化生寺,8,,,,,,,wzife.wdf,2055755507,93243227,无效果
98,渡世步,化生寺,8,,,,,,,wzife.wdf,2399184502,2261339260,按技能等级提高躲避力
99,紫气东来,化生寺,4,,150点愤怒值,小乘佛法|25,,20,,wzife.wdf,3576748561,3918273363,克制普陀山弟子的必杀技
100,唧唧歪歪,化生寺,4,,5点气血，20点魔法，作用于多人时消耗魔法增加,诵经|1,,,,wzife.wdf,1856916618,2374732908,攻击性法术，达到一定等级后可以对多人使用
101,达摩护体,化生寺,3,,30点魔法,佛光普照|30,,,,wzife.wdf,1415107827,3131800459,战斗中临时提高自己或队友的气血上限
102,金刚护法,化生寺,3,,40点魔法,佛光普照|30,,,,wzife.wdf,479962043,3700736796,战斗中临时提高自己或队友的伤害力，技能等级较高后可作用于多人
103,韦陀护法,化生寺,3,,35点魔法,佛光普照|20,,,,wzife.wdf,2121060262,2888289425,战斗中临时提高自己或队友的命中，技能达到一定等级后可用于多人
104,金刚护体,化生寺,3,,30点魔法,佛光普照|35,,,,wzife.wdf,1377178114,3453377621,战斗中临时提高自己或队友的防御力，技能达到一定等级后可用于多人
105,一苇渡江,化生寺,3,,30点魔法,佛光普照|30,,,,wzife.wdf,2822966564,1136663058,战斗中临时提高自己或队友的敏捷，技能达到一定等级后可用于多人
106,我佛慈悲,化生寺,3,,150点魔法,大慈大悲|40,,,,wzife.wdf,1545297145,266298194,战斗中使用，可以复活死亡的队友
107,推拿,化生寺,2,,50点魔法，非战斗时减半,岐黄之术|10,,,,wzife.wdf,404486915,4289032145,使用后可以恢复自身的气血和气血上限
108,活血,化生寺,3,,70点魔法，非战斗时减半,岐黄之术|25,,,,wzife.wdf,2432822176,2865439591,使用后可以恢复队友的气血和气血上限
109,推气过宫,化生寺,3,,100点魔法，非战斗时减半,岐黄之术|35,,,,wzife.wdf,971215069,2227035198,战斗中恢复多人气血
110,妙手回春,化生寺,6,,25%的最大魔法,岐黄之术|40,,,,wzife.wdf,416089174,2939581056,使用后可以恢复多人的气血上限
111,救死扶伤,化生寺,3,,150点魔法，非战斗时减半,岐黄之术|50,,,,wzife.wdf,2043895215,4157454265,使用后可以恢复多人的气血和气血上限
112,解毒,化生寺,3,,40点魔法,岐黄之术|15,,,,wzife.wdf,1966642136,546423120,使用后可以解除中毒的状态
113,佛门普渡,化生寺,0,,10点气血和10点魔法,渡世步|1,,,,wzife.wdf,2996697873,3423122163,平时状态下使用，可以瞬间回到自己的门派
114,舍生取义,化生寺,3,,150点魔法，且每次使用时会降低自身5%物理防御及3%灵力,岐黄之术|120级,真,,,wzife.wdf,1135928864,1707332905,将目标当前气血恢复到满
115,佛法无边,化生寺,3,,150点魔法,金刚伏魔|120级 ,真,,,wzife.wdf,2286663605,3100187427,使目标施展某些攻击性法术时一定几率出现连续两次攻击（不包括需停回合的法术及群体攻击性法术，如横扫千军、鹰击、后发制人、连环击）
116,拈花妙指,化生寺,12,,和技能等级数相同的活力,佛光普照|35,,30,,wzife.wdf,177955034,2841407500,打造后为鞋子提高一定的速度
117,醍醐灌顶,化生寺,4,,100点魔法,,,,6,wzife.wd3,220585988,47783851,解除目标的一个封印效果、恢复气血于气血上限、增加愤怒、清空药性。
118,止戈,化生寺,8,,,,,,,wzife.wd2,0x96670F08,0x96670F08,在原恢复技能的治疗量上再增加自身武器伤害*18%的治疗量。
119,销武,化生寺,8,,,,,,,wzife.wd2,0x9A717CB4,0x9A717CB4,唧唧歪歪所造成的伤害将提高与人物等级同等的伤害量
120,佛屠,化生寺,8,,,,,,,wzife.wd2,0x32BE260B,0x32BE260B,金刚护法的的增益效果将在原始效果上再次增加武器伤害的9%。
121,佛誉,化生寺,8,,,,,,,wzife.wd2,0xF28C8F12,0xF28C8F12,活血效果提高20%。
122,仁心,化生寺,8,,,,,,,wzife.wd2,0x265842A6,0x265842A6,使用活血时有20%的几率使活血的功效增加100%，但会额外消耗100点魔法。
123,聚气,化生寺,8,,,,,,,wzife.wd2,0x86873B99,0x86873B99,每次使用恢复类门派技能时，都将会获得一层聚气印记，每层聚气印记将额外提高辅助类门派技能的功效9%
124,佛显,化生寺,8,,,,,,,wzife.wd2,0x8D52FE90,0x8D52FE90,推气过宫治疗效果提升10%
125,心韧,化生寺,8,,,,,,,wzife.wd2,0x823DD991,0x823DD991,在使用推气过宫时有15%的几率使治疗效果增加100%，但同时也将额外消耗150点魔法。
126,归气,化生寺,8,,,,,,,wzife.wd2,0x369BD94B,0x369BD94B,自身所有的治疗类技能都将额外增加10%的消耗，但是治疗效果将增加8%。
127,天照,化生寺,8,,,,,,,wzife.wd2,0xE1910A2F,0xE1910A2F,每次使用舍生取义时都将有20%的几率恢复75点魔法，但将额外扣除75点气血。
128,舍利,化生寺,8,,,,,,,wzife.wd2,0xEE1C323A,0xEE1C323A,自身死亡后，己方队员随机一名队员将增加自身与自身愤怒同等的愤怒量，但是最高不会超过120点，一场战斗最多触发3次此效果.
129,感念,化生寺,8,,,,,,,wzife.wd2,0xDC31E128,0xDC31E128,使用舍生取义时，临时提升目标物理防御及法术防御10%，持续3回合，不可叠加。
130,慈针,化生寺,8,,,,,,,wzife.wd2,0xFD3253DA,0xFD3253DA,使用我佛慈悲可以使自身获得30点愤怒。
131,佛性,化生寺,8,,,,,,,wzife.wd2,0x5D47F1F4,0x5D47F1F4,我佛慈悲可以增加目标80点物理防御及法术防御，持续5回合。
132,妙悟,化生寺,8,,,,,,5,wzife.wd2,0x2F3B9A81,0x2F3B9A81,增加佛法无边3%的触发率，增加1持续回合数。
133,慈心,化生寺,8,,,,,,,wzife.wd2,0x5816C756,0x5816C756,使用慈航普度时消耗的愤怒减少40点。
134,映法,化生寺,8,,,,,,,wzife.wd2,0xC8D9EE20,0xC8D9EE20,金刚护法、金刚护体、一苇渡江有50%几率对所有单位起效。
135,流刚,化生寺,8,,,,,,,wzife.wd2,0x067D652B,0x067D652B,金刚护法、金刚护体、一苇渡江的效果增加20%。
136,渡劫金身,化生寺,3,,10点愤怒,,,,5,wzife.wd2,0x3819B112,0x3819B112,给目标附加—个状态，持续2个回合或目标死亡。状态消失时，恢复目标—定气血、气血上限(效果与“大慈大悲”等级、治疗能力相关)。
137,诸天看护,化生寺,3,,100点魔法,,,,5,wzife.wd2,0xED073209,0xED073209,给目标附加一个状态，该状态使目标将所受到的所有伤害减少50%，同时将此伤害的100%反弹给对方随机单位。持续1个回合，反弹8次攻击后效果消失。
138,额外能力,化生寺,8,,,,,,,wzife.wd2,0xA209C3C2,0xA209C3C2,学习“渡劫金身”以后，每个额外能力的乾元丹会增加30点治疗能力，学习“诸天看护”以后，每个额外的乾元丹会增加80点法术防御。
139,毒经,女儿村,8,,,,,,,wzife.wdf,3161058590,1458078261,按技能等级提高伤害力
140,倾国倾城,女儿村,8,,,,,,,wzife.wdf,594113044,3862994147,无效果
141,沉鱼落雁,女儿村,8,,,,,,,wzife.wdf,370722733,1052773261,无效果
142,闭月羞花,女儿村,8,,,,,,,wzife.wdf,3321056507,4213596062,无效果
143,香飘兰麝,女儿村,8,,,,,,,wzife.wdf,3531606030,1383632532,按技能等级提高灵力
144,玉质冰肌,女儿村,8,,,,,,,wzife.wdf,3438751351,2264853140,按技能等级提高防御力
145,清歌妙舞,女儿村,8,,,,,,,wzife.wdf,1027945253,2444515719,按技能等级提高速度
146,红袖添香,女儿村,3,,30点魔法,倾国倾城|20,,,,wzife.wdf,547746768,1757842178,战斗中提升自己和队友的速度
147,楚楚可怜,女儿村,2,,30点魔法,倾国倾城|10,,,,wzife.wdf,3842255938,952615752,停止行动并保护自己免受伤害
148,满天花雨,女儿村,4,,40点魔法,沉鱼落雁|25,,,,wzife.wdf,2270504354,1714354841,使用后增加自己的攻击力，并可能使对手中毒，效果最高累加三回合，持续到战斗结束
149,情天恨海,女儿村,4,,150点愤怒值,沉鱼落雁|25,,20,,wzife.wdf,1898550998,2472450541,克制五庄观弟子的必杀技
150,莲步轻舞,女儿村,4,,40点魔法,闭月羞花|30,,,,wzife.wdf,3508375370,4243867972,令对手一定回合无法使用法术
151,如花解语,女儿村,4,,35点魔法,闭月羞花|20,,,,wzife.wdf,1912374008,1283470548,令对手一定回合无法使用物理攻击
152,似玉生香,女儿村,4,,50点魔法,闭月羞花|40,,,,wzife.wdf,2732466496,3524410344,令对手一定回合无法使用法术和物理攻击
153,娉婷嬝娜,女儿村,4,,40点魔法,闭月羞花|25,,,,wzife.wdf,768000231,1404049159,使对手一定回合无法使用装备特技，且被动法宝将不会触发效果。
154,轻如鸿毛,女儿村,12,,和技能等级数相同的活力,香飘兰麝|35,,30,,wzife.wdf,33492847,367093981,打造后为武器提高一定的属性
155,百毒不侵,女儿村,2,,30点魔法,玉质冰肌|10,,,,wzife.wdf,45388430,938983833,解毒并在一定回合内避免中毒
156,移形换影,女儿村,0,,10点气血和10点魔法,清歌妙舞|1,,,,wzife.wdf,2099222596,1436233235,平时状态下使用，可以瞬间回到自己的门派
157,一笑倾城,女儿村,4,,60点魔法,倾国倾城|120,真,,,wzife.wdf,3266381545,522280593,令多个目标一定回合无法使用法术
158,飞花摘叶,女儿村,4,,60点魔法,清歌妙舞|120,真,,,wzife.wdf,4065673057,1962869359,吸取对方多人魔法为我方队员所使用
159,雨落寒沙,女儿村,4,,作用人数*20点魔法,沉鱼落雁|20级,,,,wzife.wd1,2465624576,562574867,消耗一定魔法对目标造成暗器伤害，技能每增加一级伤害效果增加1点，最多增加100点伤害
160,月下霓裳,女儿村,4,,100点魔法,,,,6,wzife.wd3,4257633385,3293272905,使目标不能召唤召唤兽和使用法宝，持续4回合。
161,自矜,女儿村,8,,,,,,,wzife.wd2,0x22A77A43,0x22A77A43,每次使用单体封印技能失败时，使得下次单体封印时成功率提高30%。到下一次命中时清空该效果。
162,暗伤,女儿村,8,,,,,,,wzife.wd2,0x50E3D938,0x50E3D938,雨落寒沙增加武器伤害*18%的固定伤害。
163,杏花,女儿村,8,,,,,,,wzife.wd2,0x30B186DD,0x30B186DD,使用雨落寒沙技能攻击时对方中毒几率增加4%。并且能对带有“高级毒”的单位起效。
164,花舞,女儿村,8,,,,,,,wzife.wd2,0xD5669AE4,0xD5669AE4,每回合开始时提升自身6%的初始速度，持续到战斗结束。
165,倩影,女儿村,8,,,,,,,wzife.wd2,0x86C6B8EF,0x86C6B8EF,提升自己50点速度。
166,淬芒,女儿村,8,,,,,,,wzife.wd2,0x20661796,0x20661796,每一次你使对方中毒，都可以为自己增加4%的封印命中率，封印对方时，封印命中率将重置
167,傲娇,女儿村,8,,,,,,,wzife.wd2,0x53DABF54,0x53DABF54,使用特技时，愤怒消耗减少5点。使用笑里藏刀时，愤怒消耗额外减少6点。
168,花护,女儿村,8,,,,,,,wzife.wd2,0xC412A4C0,0xC412A4C0,使用水清诀、冰清诀、晶清诀、玉清诀时，愤怒消耗减少8点，并且可以使目标100%抵抗封类法术，持续一回合。
169,天香,女儿村,8,,,,,,,wzife.wd2,0x2AD7F908,0x2AD7F908,每次使对方中毒，你回复5点愤怒。
170,国色,女儿村,8,,,,,,,wzife.wd2,0x0D719443,0x0D719443,召唤兽进入战斗时速度增加12%。
171,鸿影,女儿村,8,,,,,,,wzife.wd2,0x25260F44,0x25260F44,若处于被封印状态，仍然可以使用雨落寒沙技能。
172,轻霜,女儿村,8,,,,,,,wzife.wd2,0x848E3B4F,0x848E3B4F,任何企图攻击你的对手都有30%在攻击时受到毒的影响，每回合损失毒经技能等级*3的气血，持续4回合，该状态不可叠加。
173,机巧,女儿村,8,,,,,,,wzife.wd2,0xE6EF1BBC,0xE6EF1BBC,每次你的封印成功时，敌方会受到毒的影响，每回合损失毒经技能等级*3的气血，持续4回合，该状态不可叠加。（仅封印回合有效）
174,毒引,女儿村,8,,,,,,,wzife.wd2,0x57BD8D19,0x57BD8D19,对手主动解除由女儿村弟子产生的毒效果时，会额外受到600点气血损失，但最低将对手气血降为1点。
175,毒雾,女儿村,8,,,,,,,wzife.wd2,0xA3E0CA7F,0xA3E0CA7F,使用封印技能时，有30%几率使目标中毒。
176,嫣然,女儿村,8,,,,,,,wzife.wd2,0x463DBA13,0x463DBA13,一笑倾城和似玉生香的命中率提高12%，对每个目标的持续回合有60%的几率提升1回合。
177,磐石,女儿村,8,,,,,,,wzife.wd2,0x4F264E2A,0x4F264E2A,一个回合中，受到一个目标的伤害后，之后每次所受其他目标的伤害会递减50点。
178,花殇,女儿村,8,,,,,,,wzife.wd2,0x3590A7E4,0x3590A7E4,飞花摘叶目标人数提高3人，持续回合提高一回合，且命中几率提高5%
179,碎玉弄影,女儿村,4,,40点愤怒,,,,5,wzife.wd2,0x347D755D,0x347D755D,“宁为玉碎，不为瓦全”，又有多少对手可以从女儿村弟子曼妙的舞姿身影中体味那一份决绝呢？以牺牲4%的封印命中率对目标使用似玉生香，若第一次不中，则可以触发第二次，第二次也牺牲4%的封印命中率。
180,鸿渐于陆,女儿村,4,,100点魔法,,,,4,wzife.wd2,0x18D93692,0x18D93692,伤其十指，不如断其一指必要的时刻可以将伤害凝聚起来给予对手一次致命的攻击附加武器伤害*130%的伤害对敌方单体进行攻击使目标有100%率中毒
181,额外能力,女儿村,8,,,,,,,wzife.wd2,0xA209C3C2,0xA209C3C2,学习“碎玉弄影”以后，每个额外乾元丹会增加40点封印命中等级，学习“鸿渐于陆”以后，每个额外的乾元丹会增加80点抵抗封妖等级。
182,瞬息万变,神木林,8,,,,,,,common/wzife.wdf,91138644,3611723828,无效果
183,万灵诸念,神木林,8,,,,,,,common/wzife.wdf,1673295044,3633730222,按技能等级提高灵力
184,巫咒,神木林,8,,,,,,,common/wzife.wdf,1387740863,3945429798,按技能等级提高伤害力
185,万物轮转,神木林,8,,,,,,,common/wzife.wdf,236054114,3548374182,按技能等级提高防御力
186,天人庇护,神木林,8,,,,,,,common/wzife.wdf,466502506,2656066797,按技能等级提高躲避力
187,神木恩泽,神木林,8,,,,,,,common/wzife.wdf,1911264426,785936658,无效果
188,驭灵咒,神木林,8,,,,,,,common/wzife.wdf,3018347230,1524159458,按技能等级提高最大魔法上限
189,落叶萧萧,神木林,4,,70点魔法*作用人数,瞬息万变|35,,,,common/wzife.wdf,0x2E734F9D,0x0B8CF3A1,使用法术攻击敌方多个目标。 攻击个数=技能等级除以35+1，最多5人。
190,荆棘舞,神木林,4,,80点魔法,万灵诸念|20,,,,common/wzife.wdf,0xDD2AB898,0x6A647570,使用法术攻击敌方，造成较高伤害。
191,尘土刃,神木林,4,,80点魔法,万灵诸念|20,,,,common/wzife.wdf,0x3FE17E30,0x71C197B0,使用法术攻击敌方单体目标，并附加固定伤害。
192,冰川怒,神木林,4,,80点魔法,万灵诸念|20,,,,common/wzife.wdf,0xEDF81F56,0x3B12CD18,使用法术攻击敌方单体目标。并且有一定概率冻结目标。冻结期间目标伤害降低10%，并且每回合概率不行动
193,雾杀,神木林,4,,150点魔法,巫咒|40,,,,common/wzife.wdf,0x1EE55D3C,0x0DA2D8DF,使用法术攻击敌方单人目标，对敌人造成持续毒性伤害。
194,血雨,神木林,4,,200点魔法，200点气血,巫咒|120,真,,,common/wzife.wdf,0x126B932F,0x7D52C301,消耗自身气血，对敌人单体目标造成大量伤害。 使用后，自己下回合无法使用法术。 
195,星月之惠,神木林,2,,150点魔法,巫咒|40,,,,common/wzife.wdf,4284560198,8287795,回复自身一定的气血值。
196,炎护,神木林,2,,100点魔法,天人庇护|50,,,,common/wzife.wdf,0xA215E746,0xC5D73984,抵御50%的气血伤害，每抵御1点伤害消耗1点魔法
197,叶隐,神木林,0,,10点气血和10点魔法,天人庇护|1,,,,common/wzife.wdf,0x64FEA3A4,0x51763883,平时状态下使用，可以瞬间回到自己的门派。
198,神木呓语,神木林,12,,10点气血和10点魔法,神木恩泽|3,,30,,common/wzife.wdf,0x977F5625,0x33CC0A38,打造后为鞋子临时增加一定的魔法值。
199,蜜润,神木林,3,,100点魔法,驭灵咒|120,真,,,common/wzife.wdf,0x058EE366,0xF83E2272,增加己方多人的法术伤害力 
200,蝼蚁蚀天,神木林,0,,150点愤怒值,驭灵咒|25,,20,,common/wzife.wdf,0xAC0B8B61,0xAC574467,克制凌波城弟子的必杀技。
201,花语歌谣,神木林,2,,100点魔法,,,,2,wzife.wd3,1009005548,764272371,随机获得下列3个效果中的1个，触发2~3次后buff消失。?1）落叶萧萧额外作用3个单位。?2）尘土刃、冰川怒、荆棘舞触发月影的概率提升为原来的4倍。?3）自身行动后，若自身处于封印状态，解除自身所有封印状态
202,风灵,神木林,8,,,,,,,common/wzife.wdf,0x4BB78E6D,0x4BB78E6D,每次使用单体封印技能失败时，使得下次单体封印时成功率提高30%。到下一次命中时清空该效果。攻击时，每命中一个目标都有48%的几率使施法者获得风灵效果，风灵效果持续到战斗结束，最高可叠加10层；施法者进行法术攻击时额外增加风灵层数*瞬息万变技能等级*0.1的法术攻击伤害力。
203,法身,神木林,8,,,,,,,common/wzife.wdf,0xC3E2C628,0xC3E2C628,你的落叶萧萧在对目标施放时会额外作用一个单位。
204,咒术,神木林,8,,,,,,,common/wzife.wdf,0xDBFE0302,0xDBFE0302,同时被落叶萧萧命中的目标有25%几率获得“雾杀”效果。如果目标带有雾杀效果，且目标雾杀效果消失时会为施法者附加一层“雾痕”的效果，雾痕会使施法者增加雾痕层数*0.1*巫咒技能等级的法术伤害，但雾痕效果最高叠加6层
205,雾痕,神木林,8,,,,,,,common/wzife.wdf,0xDBFE0302,0xDBFE0302,同时被落叶萧萧命中的目标有25%几率获得“雾杀”效果。如果目标带有雾杀效果，且目标雾杀效果消失时会为施法者附加一层“雾痕”的效果，雾痕会使施法者增加雾痕层数*0.1*巫咒技能等级的法术伤害，但雾痕效果最高叠加6层
206,灵压,神木林,8,,,,,,,common/wzife.wdf,0x8BE68718,0x8BE68718,法术攻击类技能伤害结果提高8%。
207,咒法,神木林,8,,,,,,,common/wzife.wdf,0xE17F1C2E,0xE17F1C2E,巫咒等级≥人物等级时，增加60点法术伤害力。
208,蔓延,神木林,8,,,,,,,common/wzife.wdf,0xDA21274D,0xDA21274D,使用荆棘舞时会消耗自身所有的雾痕，每层雾痕额外增加30点伤害效果
209,鞭挞,神木林,8,,,,,,,common/wzife.wdf,0x2AAB3A47,0x2AAB3A47,荆棘舞会额外增加“万灵诸念”等级*风灵层数*0.3的法术伤害力。
210,月影,神木林,8,,,,,,,wzife.wd2,0x95F03B6B,0x95F03B6B,星月之惠效果增加20%。
211,不侵,神木林,8,,,,,,,common/wzife.wdf,0x51C241BE,0x51C241BE,带有“炎护”时，攻击你的目标有50%的几率被附加“雾杀”效果。
212,风魂,神木林,8,,,,,,,common/wzife.wdf,0xD53A237C,0xD53A237C,战斗中提升自身风灵层数*10的防御。
213,冰锥,神木林,8,,,,,,,common/wzife.wdf,0x83D1EA06,0x83D1EA06,当使用冰川怒成功冰冻目标时有几率将是施法者身上的雾痕层数提高一倍；当冰川怒对触发过“高级神佑复生”或“神佑复生”的目标时将附加风灵层数*15的伤害值。
214,血契,神木林,8,,,,,,,common/wzife.wdf,0x1A899ACD,0x1A899ACD,使用血雨时会消耗自身全部的雾痕印记，但会额外对目标使用一次血雨，且使用血雨时无需休息并且会附加200点的固定伤害，但同时自身会再次消耗200点魔法。
215,滋养,神木林,8,,,,,,,common/wzife.wdf,0x82DE1BB0,0x82DE1BB0,使用蜜润时，会为目标额外回复自身一定的魔法
216,纯净,神木林,8,,,,,,,common/wzife.wdf,0x8E6B4692,0x8E6B4692,进入战斗时临时提高万物轮转等级*2的气血上限
217,破杀,神木林,8,,,,,,,common/wzife.wdf,0xE567BAAB,0xE567BAAB,“雾杀”在消失时会发生爆炸，爆炸产生的伤害为最后回合本应造成伤害的150%。
218,追击,神木林,8,,,,,,,common/wzife.wdf,0xCE2EEB29,0xCE2EEB29,当使用尘土刃时有风灵层数*5%的几率对额外的一个目标造成50%的伤害。
219,灵能,神木林,8,,,,,,,common/wzife.wdf,0xF316F196,0xF316F196,使用落叶萧萧将有30%的几率对目标额外造成(施法者灵力#W//瞬息万变技能等级)*5的伤害
220,寄生,神木林,8,,,,,,,common/wzife.wdf,0x92FE057C,0x92FE057C,使用尘土刃时将会引爆目标身上的所有雾痕印记，每层印记造成75点的固定伤害。
221,风卷残云,神木林,4,,150点魔法,,,,5,common/wzife.wdf,0x3778487D,0x3778487D,神木林在觉醒，风在咆哮！大风带着神木林弟子的怒意无情的打击面前的敌人。对目标使用一次落叶萧萧技能，并且对目标附加风灵印记层数*50点的固定伤害。
222,凋零之歌,神木林,4,,100点魔法,,,,8,common/wzife.wdf,0x281E732A,0x281E732A,歌声飘进敌人的耳中，颤动着敌人心窝，在无形中侵袭着敌阵的斗志，埋下毁灭之种。目标接下来2回合受到的法术伤害增加16%，若目标带有雾杀效果，则引爆雾杀效果，否则只能造成100点伤害；并使对手随机3个未带雾杀效果的目标获得雾杀效果。
223,额外能力,神木林,8,,,,,,,wzife.wd2,0xA209C3C2,0xA209C3C2,学习“风卷残云”以后，每个额外的乾元丹会增加增加40点法术伤害，学习“凋零之歌”以后，每个额外的乾元丹会增加280点气血。
224,天罡气,天宫,8,,,,,,,wzife.wdf,4224325719,517623127,按技能等级提高伤害力
225,傲世诀,天宫,8,,,,,,,wzife.wdf,3001127144,1049195070,无效果
226,清明自在,天宫,8,,,,,,,wzife.wdf,3231066014,3842629365,按技能等级提高气血上限
227,宁气诀,天宫,8,,,,,,,wzife.wdf,1979452270,3573433154,按技能等级提高灵力
228,乾坤塔,天宫,8,,,,,,,wzife.wdf,646614501,3014813769,按技能等级提高防御力
229,混天术,天宫,8,,,,,,,wzife.wdf,3643496130,481805567,无效果
230,云霄步,天宫,8,,,,,,,wzife.wdf,276418186,3893284871,按技能等级提高躲避力
231,天神护体,天宫,2,,50点魔法,天罡气|30,,,,wzife.wdf,2173852985,4200916921,战斗中提升自己的灵力
232,天神护法,天宫,2,,30点魔法,天罡气|40,,,,wzife.wdf,4053425914,3750198819,战斗中提升自己的防御
233,天诛地灭,天宫,4,,150点愤怒值,天罡气|25,,20,,wzife.wdf,4053425914,3701201548,克制地府弟子的必杀技
234,知己知彼,天宫,4,,80点魔法,清明自在|35,,,,wzife.wdf,196316992,2448181313,使用后可以领悟目标的状态
235,宁心,天宫,3,,30点魔法,宁气诀|20,,,,wzife.wdf,2585090388,1957863037,解除并避免女儿村封类法术的影响
236,镇妖,天宫,4,,45点魔法,乾坤塔|50,,,,wzife.wdf,2821624851,251203682,一定回合禁止目标使用特技，可与其他封印效果叠加
237,错乱,天宫,4,,60点魔法,乾坤塔|50,,,,wzife.wdf,3622268205,4290077259,令对手无法使用法术，并在物理攻击时出现目标偏差
238,百万神兵,天宫,4,,60点魔法,混天术|40,,,,wzife.wdf,3140668291,4284468319,令对方无法使用物理攻击
239,腾云驾雾,天宫,0,,10点气血和10点魔法,云霄步|1,,,,wzife.wdf,1924869232,906709372,平时状态下使用，可以瞬间回到自己的门派
240,天雷斩,天宫,4,,30点魔法,傲世诀|25,,,,wzife.wdf,315619009,958381035,使用后可以给予敌人重击，并降低灵力。但自己也会减少物理防御力。作用对象为怪物时，作用人数为多人。
241,五雷轰顶,天宫,4,,50点魔法,天罡气|35,,,,wzife.wdf,4236045895,1825724039,减少敌人25%当前气血及魔法，但最高不会超过自己等级×50，失败只减少5%的当前气血
242,金刚镯,天宫,4,,50点魔法,混天术|120级,真,,,wzife.wdf,4185507078,1737815847,一定回合内降对方的武器伤害
243,雷霆万钧,天宫,4,,35点魔法×作用人数,天罡气|120级,真,,,wzife.wdf,1167105764,2063612274,攻击性法术，使用后攻击对方多个目标
244,浩然正气,天宫,12,,和技能等级数相同的活力,天罡气|35,,,,wzife.wdf,3449922467,567769462,打造后为衣服提高一定的属性
245,掌心雷,天宫,4,,50点魔法,乾坤塔|50,,,,wzife.wdf,763772202,1576485465,使用它后可以使对手不能使用主动法宝。效果可与其他封系效果叠加。成功几率等同封印成功率，受法术攻击修炼影响
246,天雷灌注,天宫,4,,50点魔法,乾坤塔|50,,,,wzife.wdf,763772202,1576485465,强化你的下一个雷霆万钧。
247,鸣雷诀,天宫,2,,100点魔法,,,,8,wzife.wd3,376590482,502623457,自身气血≤50%时方可使用，回合结束时对对方气血最低的单位造成人物等级*8的伤害，持续4回合
248,威吓,天宫,8,,,,,,,wzife.wd2,0x4E4ECD7C,0x4E4ECD7C,五雷轰顶成功时造成的伤害比例在基础上增加8%并且目标本回合内不再增加愤怒值。
249,疾雷,天宫,8,,,,,,,wzife.wd2,0x67324D63,0x67324D63,使用天雷斩攻击NPC时，额外增加0.6*(敏捷点数-人物等级)的伤害力。
250,轰鸣,天宫,8,,,,,,,wzife.wd2,0x11DBB164,0x11DBB164,使用五雷轰顶技能成功时使目标减少240点物理防御，效果持续3回合，效果不能叠加，不能刷新。
251,趁虚,天宫,8,,,,,,,wzife.wd2,0x54E910DB,0x54E910DB,每次使用特技之后，在接下来两个回合的封印成功率提高8%，效果不可叠加，可以被刷新。
252,余韵,天宫,8,,,,,,,wzife.wd2,0x8009DFB1,0x8009DFB1,“魔兽之印”“河东狮吼”“圣灵之甲”“碎甲术”“停陷术”“啸风诀”的效果增加50%。
253,驭意,天宫,8,,,,,,,wzife.wd2,0x2CBA65C0,0x2CBA65C0,增加自身魔力属性点5%的速度；自身封印命中率降低5%。
254,震慑,天宫,8,,,,,,,wzife.wd2,0xC5CB9BBB,0xC5CB9BBB,使用错乱成功封印对手后，使目标同时附有掌心雷的封印效果；自身法术伤害力降低10%。
255,神念,天宫,8,,,,,,,wzife.wd2,0xA79CD890,0xA79CD890,使用法宝时，额外获得10点愤怒。
256,伏魔,天宫,8,,,,,,,wzife.wd2,0x7D54F95D,0x7D54F95D,附魔天书的效果增加50%；自身封印命中率降低5%。
257,苏醒,天宫,8,,,,,,,wzife.wd2,0xC8EF7B06,0xC8EF7B06,在一回合内掉血量达到自身气血上限的40%，回合结束时自动移除自身封印类异常状态，人物死亡时则失效。
258,护佑,天宫,8,,,,,,,wzife.wd2,0xFEAD9161,0xFEAD9161,增加50点防御力及法术防御力。
259,电芒,天宫,8,,,,,,,wzife.wd2,0x7B970F69,0x7B970F69,被雷霆万钧击中的目标，身上将缠绕着电流。带有此电流的目标再次受到雷霆万钧打击时额外承受5%的伤害，持续3回合，不可叠加，可以被刷新。
260,月桂,天宫,8,,,,,,,wzife.wd2,0x71D17EEA,0x71D17EEA,增加武器伤害*12%的封印命中等级，但不再增加法术伤害力。
261,怒火,天宫,8,,,,,,,wzife.wd2,0x58B7E9CB,0x58B7E9CB,当因气血损失而增加＞10的愤怒时，可以额外增加5点愤怒。
262,灵光,天宫,8,,,,,,,wzife.wd2,0x9571F0A2,0x9571F0A2,装备上的宝石舍利子效果增加25%；自身封印命中率降低5%。
263,神律,天宫,8,,,,,,,wzife.wd2,0xEA46BD71,0xEA46BD71,天神护体法防效果增加100%，额外增加云霄步等级*0.3的速度，但不再增加法伤。
264,洞察,天宫,8,,,,,,,wzife.wd2,0x8660A7C9,0x8660A7C9,你的知己知彼额外提高自身等级*2的伤害、防御、法伤、法防、封印等级、抗封等级，持续3回合。
265,雷波,天宫,8,,,,,,,wzife.wd2,0xA7603CC9,0xA7603CC9,雷霆万钧对首目标造成的伤害提高8%，“电芒”产生的电流增加1持续回合数。
266,画地为牢,天宫,4,,50点魔法,,,,5,wzife.wd2,0xBAF731FA,0xBAF731FA,天宫弟子随手布下的囚牢，却是无数穷凶极恶之徒的饮恨之所。对敌方使用后，降低敌方1个单位16%的对封印法术抵抗能力以及16%的封印能力，持续回合为5回合。消耗:50点魔法;冷却时间:5回合。
267,风雷韵动,天宫,4,,60点魔法,,,,,wzife.wd2,0x169010C9,0x169010C9,以风为弦、以雷为钟，其鸣如黄钟大吕般的攻击不仅能击溃对方的躯体，也能摧毁抵抗的意志。该技能本身伤害不会给目标增加愤怒值并降低目标8点愤怒，不受佛法无边影响。
268,额外能力,天宫,8,,,,,,,wzife.wd2,0xA209C3C2,0xA209C3C2,学习“画地为牢”以后，每个额外的乾元丹会增加增加40点封印命中等级，学习“风雷韵动”以后，每个额外的乾元丹会增加40点法术伤害。
269,九龙诀,龙宫,8,,,,,,,wzife.wdf,140291603,923894374,按技能等级提高灵力
270,破浪诀,龙宫,8,,,,,,,wzife.wdf,4132491653,3313121721,按技能等级提高伤害力
271,呼风唤雨,龙宫,8,,,,,,,wzife.wdf,438165716,1919875705,无效果
272,龙腾术,龙宫,8,,,,,,,wzife.wdf,3471484278,2151837087,无效果
273,逆鳞术,龙宫,8,,,,,,,wzife.wdf,3104091414,3406230011,按技能等级提高防御力
274,游龙术,龙宫,8,,,,,,,wzife.wdf,1730135660,316450658,按技能等级提高躲避力
275,龙附术,龙宫,8,,,,,,,wzife.wdf,3715378746,3758617445,无效果
276,解封,龙宫,3,,60点魔法,九龙诀|30,,,,wzife.wdf,2555181368,1807191850,单次解除女儿村封类法术的影响
277,清心,龙宫,3,,30点魔法,九龙诀|15,,,,wzife.wdf,22613468,3563353856,使用后可以解除中毒的状态
278,龙腾,龙宫,4,,作用人数*30点魔法,龙腾术|50,,,,wzife.wdf,2093346600,3650312562,施展强力的法术攻击对方单人
279,龙卷雨击,龙宫,4,,20点魔法，攻击多人时消耗增加,呼风唤雨|15,,,,wzife.wdf,201672841,842454497,施展法术攻击对方，技能达到一定等级后可攻击多人
280,逆鳞,龙宫,2,,40点魔法,逆鳞|30,,,,wzife.wdf,1493556934,3804853170,战斗中增加自己的伤害力
281,乘风破浪,龙宫,3,,40点魔法,游龙术|20,,,,wzife.wdf,90073709,3228417140,战斗中增加自己或队友的躲避力
282,水遁,龙宫,0,,战斗时消耗当前所有魔法，非战斗时消耗10点气血、魔法,游龙术|1,,,,wzife.wdf,596614171,2671300567,平时或战斗中使用，可以瞬间回到自己的门派
283,龙吟,龙宫,4,,30点魔法,龙附|30,,,,wzife.wdf,1318499395,2137943042,龙啸九天，使用后可以减少对方全体队员一定的气血和魔法值
284,龙啸九天,龙宫,4,,150点愤怒值,龙附|25,,20,,wzife.wdf,3644673853,2124753589,克制盘丝洞弟子的必杀技
285,龙附,龙宫,12,,和技能等级数相同的活力,龙附|35,,30,,wzife.wdf,2888970157,1784954158,打造后为武器提高一定的属性
286,神龙摆尾,龙宫,2,,100点魔法,破浪诀|120级,真,,,wzife.wdf,1562612473,2539345287,持续一定回合的防御性法术，拥有该效果时施法者减少20%所承受的物理伤害。
287,二龙戏珠,龙宫,4,,70点魔法,九龙诀|120级,真,,,wzife.wdf,1266218218,630766288,施展法术攻击对方两个目标
288,龙战于野,龙宫,2,,100点魔法,,,,8,wzife.wd3,830551480,3422758826,减少自身部分法术防御10%，使用龙卷雨击、龙腾、亢龙归海时额外消耗350点法力值并提高30%伤害结果，持续8回合
289,波涛,龙宫,8,,,,,,,wzife.wd2,0x4714CA13,0x4714CA13,龙腾造成的伤害将额外增加破浪诀等级*1.5的固定伤害。
290,破浪,龙宫,8,,,,,,,wzife.wd2,0xA5F354BA,0xA5F354BA,每次使用技能时有概率额外提高100点临时法伤（只用于本次出手）
291,云霄,龙宫,8,,,,,,,wzife.wd2,0x8A3EF0F0,0x8A3EF0F0,龙卷雨击造成伤害的时候，将概率额外增加100点临时伤害
292,逐浪,龙宫,8,,,,,,,wzife.wd2,0x890B8397,0x890B8397,龙卷雨击造成的伤害将额外增加破浪诀等级*0.5的固定伤害。
293,踏涛,龙宫,8,,,,,,,wzife.wd2,0x45238FC3,0x45238FC3,破浪诀等级≥人物等级时，增加60点法伤。
294,清吟,龙宫,8,,,,,,,wzife.wd2,0xA135A426,0xA135A426,龙吟技能额外将减少目标50-100点的气血值。
295,天龙,龙宫,8,,,,,,,wzife.wd2,0x4DEF4B05,0x4DEF4B05,每3次成功的施法，使得下—次法术攻击造成的伤害提升9%
296,龙珠,龙宫,8,,,,,,,wzife.wd2,0xF4F33841,0xF4F33841,每次使用二龙戏珠时，有8%的几率额外增加一个目标。
297,龙骇,龙宫,8,,,,,,,wzife.wd2,0xDFF0E26B,0xDFF0E26B,任何门派伤害法术造成的伤害增加40点伤害结果。
298,龙慑,龙宫,8,,,,,,,wzife.wd2,0xA9FDF759,0xA9FDF759,对敌人额外增加100点法术伤害结果。
299,傲翔,龙宫,8,,,,,,,wzife.wd2,0xA925D675,0xA925D675,神龙摆尾持续回合增加1回合，效果增加10%。
300,飞龙,龙宫,8,,,,,,,wzife.wd2,0x45A7F519,0x45A7F519,受到大于等于气血上限25%的伤害都有70%的几率触发神龙摆尾技能。
301,戏珠,龙宫,8,,,,,,,wzife.wd2,0x4B2FA59C,0x4B2FA59C,增加二龙戏珠伤害，数值为目标(1-当前气血#W//目标气血上限)*1000。
302,回魔,龙宫,8,,,,,,,wzife.wd2,0xEE1C323A,0xEE1C323A,每回合回复魔法上限与当前灵力的差值的5%。
303,月魂,龙宫,8,,,,,,,wzife.wd2,0xBF6B4C8C,0xBF6B4C8C,装备上的月亮石效果增加40%。
304,汹涌,龙宫,8,,,,,,,wzife.wd2,0x773514B8,0x773514B8,当目标处于法术减免状态下，忽视8%的减免效果。
305,龙魄,龙宫,8,,,,,,,wzife.wd2,0x97C568AA,0x97C568AA,龙卷雨击有10%几率额外作用3人。
306,摧意,龙宫,8,,,,,,,wzife.wd2,0x13DFE838,0x13DFE838,龙腾造成的伤害≥目标气血上限*20%时，减少目标300点魔法值。
307,亢龙归海,龙宫,4,,200点魔法,,,,6,wzife.wd2,0xCE07792D,0xCE07792D,矫健的神龙翻腾四海的英姿很少有人目睹，而之后更无人能够道出其中的神威。每回合临时增加自身5%的灵力，最高25%，持续到战斗结束。每回合额外消耗100点魔法
308,雷浪穿云,龙宫,4,,60点魔法,,,,,wzife.wd2,0x77EC444B,0x77EC444B,当那天地间卷起的白浪与电闪中的云彩揉成一片，任谁都无力承当神龙见首不见尾的后续打击。对目标使用后，目标在5回合内遭受的所有法术伤害增加30%，使用法术技能消耗魔法增加100%+30点。
309,额外能力,龙宫,8,,,,,,,wzife.wd2,0xA209C3C2,0xA209C3C2,学习“亢龙归海”以后，每个额外的乾元丹会增加增加40点法术伤害，学习“雷浪穿云”以后，每个额外的乾元丹会增加80点防御。
310,周易学,五庄观,8,,,,,,,wzife.wdf,951717916,3182787390,按技能等级提高魔法上限
311,潇湘仙雨,五庄观,8,,,,,,,wzife.wdf,3541032788,2723035390,按技能等级提高伤害力
312,乾坤袖,五庄观,8,,,,,,,wzife.wdf,2256743052,3443276818,无效果
313,修仙术,五庄观,8,,,,,,,wzife.wdf,3726980014,1673560698,无效果
314,混元道果,五庄观,8,,,,,,,wzife.wdf,675093303,3799123064,按技能等级提高灵力
315,明性修身,五庄观,8,,,,,,,wzife.wdf,4104116990,3074583809,按技能等级提高防御力
316,七星遁,五庄观,8,,,,,,,wzife.wdf,923985229,2400021580,按技能等级提高躲避力
317,日月乾坤,五庄观,4,,35点魔法 使用失败消耗：10点魔法,乾坤袖|20,,,,wzife.wdf,3902929414,3489253938,可令对手一定回合内无法行动，无法使用法术、特技和普通攻击，与怪物战斗中若对方均中此法术不会战斗胜利，与玩家对战时类似普通封类法术。
318,炼气化神,五庄观,3,,作用人数*30点气血,修仙术|30,,,,wzife.wdf,2394667501,1686425132,一定回合内补充自己和队友的魔法
319,生命之泉,五庄观,3,,作用人数*30点魔法,修仙术|30,,,,wzife.wdf,1093047199,2757069702,一定回合内补充自己和队友的气血
320,太极生化,五庄观,4,,150点愤怒值,修仙术|25,,20,,wzife.wdf,1665649019,1661704448,克制狮驼岭弟子的必杀技
321,斗转星移,五庄观,0,,10点气血和10点魔法,七星遁|1,,,,wzife.wdf,2019188530,655674701,平时状态下使用，可以瞬间回到自己的门派
322,三花聚顶,五庄观,2,,30点气血,明性修身|30,,,,wzife.wdf,3813527840,3150915326,消耗一定的气血来补充魔法，非战斗时每2分钟使用一次
323,驱魔,五庄观,3,,45点魔法,周易学|25,,,,wzife.wdf,1284415330,656352481,解除并避免方寸山封类法术的影响
324,驱尸,五庄观,3,,40点魔法,周易学|20,,,,wzife.wdf,1226417381,546827248,解除各类中毒状态
325,烟雨剑法,五庄观,4,当前气血高于上限的60%,50点魔法,潇湘仙雨|25,,,,wzife.wdf,3124546025,3643055813,使用后可以连续攻击对手两次
326,飘渺式,五庄观,4,,作用人数*30点魔法,潇湘仙雨|20,,,,wzife.wd1,3268745174,3398385178,作用为当目标为怪物时，通过法术启动物理攻击对方多个目标
327,天地同寿,五庄观,9,,50点魔法,乾坤袖|120,真,,,wzife.wdf,4224047219,0xe96f5294,为目标临时加上一个防御护罩，吸收全部法术伤害，降低目标50%防御效果，且所受物理伤害会加倍
328,乾坤妙法,五庄观,9,,50点魔法,乾坤袖|120,真,,,wzife.wdf,1736041428,3294906395,牺牲自己的物理防御来保护队友，使其不受任何负面影响，但也无法进行任何行动
329,一气化三清,五庄观,12,,和技能等级数相同的活力,修仙术|35,,30,,wzife.wdf,4257500096,2501870432,打造后为衣服提高一定的属性
330,同伤式,五庄观,4,,100点魔法,,,,8,wzife.wd3,1801367551,0x4047b06b,临时提升(己方速度-对方速度)的伤害力(最小为0)并移除自身所有增益状态发动一次攻击
331,体恤,五庄观,8,,,,,,,wzife.wd2,0xF19C2D33,0xF19C2D33,当生命之泉的作用目标气血≤30%时，生命之泉恢复效果增加150点。
332,锤炼,五庄观,8,,,,,,,wzife.wd2,0x18172D37,0x18172D37,武器耐久损失速度降低40%，增加3%武器伤害。
333,神附,五庄观,8,,,,,,,wzife.wd2,0x43F66789,0x43F66789,增加人物力量*8%的伤害力。
334,心浪,五庄观,8,,,,,,,wzife.wd2,0x284FBFEC,0x284FBFEC,回合结束时，若你愤怒少于50点，随机增加1~15点愤怒。
335,养生,五庄观,8,,,,,,,wzife.wd2,0xCF2DA86F,0xCF2DA86F,当你气血降低到50%以下，且没有生命之泉时，获得生命之泉效果。
336,强击,五庄观,8,,,,,,,wzife.wd2,0xA88BC46C,0xA88BC46C,攻击时忽视召唤兽10%的防御值；自身封印命中率降低5%。
337,归本,五庄观,8,,,,,,,wzife.wd2,0x736BD2FA,0x736BD2FA,日月乾坤命中时，60%取消对方主动法宝增加的持续效果。
338,修心,五庄观,8,,,,,,,wzife.wd3,0x151405E2,0x151405E2,使用除“慈航普度”以外的特技时，若愤怒不足将使用（所需愤怒*20）点魔法代替。每场战斗限一次。
339,混元,五庄观,8,,,,,,,wzife.wd2,0x03636ACD,0x03636ACD,当你气血≥70%时，临时提升5%的伤害力。
340,修身,五庄观,8,,,,,,,wzife.wd2,0x47BCA30B,0x47BCA30B,力量、体质、魔力、耐力、敏捷均增加14点。
341,同辉,五庄观,8,,,,,,,wzife.wd2,0xBF6B4C8C,0xBF6B4C8C,天地同寿状态下的目标防御值降低变为35%。
342,雨杀,五庄观,8,,,,,,,wzife.wd2,0xA88BC46C,0xB6C48838,使用烟雨剑法需要的气血要求降低5%。烟雨剑法第二次攻击的必杀率提高20%。
343,乾坤,五庄观,8,,,,,,,wzife.wd2,0x86543FA8,0x86543FA8,如果你连续2回合及以上没有使用日月乾坤，则你下一次使用日月乾坤成功率提高12%。
344,意境,五庄观,8,,,,,,,wzife.wd2,0xC5AFBFE0,0xC5AFBFE0,本方所有目标每回合结束时回复24点魔法值、1点愤怒。
345,傲视,五庄观,8,,,,,,,wzife.wd2,0xB6C48838,0xB6C48838,当攻击出现必杀时，下一次使用日月乾坤的成功率提高20%。
346,陌宝,五庄观,8,,,,,,,wzife.wd2,0xA88BC46C,0xA88BC46C,日月乾坤将附加无法使用道具的效果。自身物理伤害结果降低15%，封印命中率提升2%。
347,心随意动,五庄观,2,,30点魔法,,,,,wzife.wd2,0xFD5AC0B0,0xFD5AC0B0,这是五庄弟子的最高心境，于此心法下施展“日月乾坤”，令人陶陶乎直入另一个世界。激活后（再次使用关闭此状态），持续8回合后自动关闭。持续回合内：1.提升七星遁等级*1.5的封印命中等级、伤害力；2.使用日月乾坤封印成功后自己下回合不能使用日月乾坤；消耗：30点MP。
348,致命,五庄观,8,,,,,,,wzife.wd2,0x8C44F88C,0x8C44F88C,被你攻击的目标在回合结束时，若目标的气血小于气血上限的10%则直接暴毙。（对NPC最多造成等级*10点伤害）
349,清风望月,五庄观,3,,40点愤怒,,,,4,wzife.wd2,0x8FE977C4,0x8FE977C4,五庄观的弟子可以于乾坤腾挪之中领悟妙法，吸收2个队友身上的封印效果，使自己进入疯狂状态2回合。消耗：40点愤怒。冷却回合：4。
350,天命剑法,五庄观,4,,消耗最大气血的2%*实际攻击次数。,,,,5,wzife.wd2,0x30EA31AF,0x30EA31AF,率意而行、道法自然，在五庄弟子出手之际，他自身也道不出这一招之中蕴含了多少剑意。或许，只有冥冥之中的三清可知吧？以无人能够预知的剑术攻击目标，对其随机发动2~5次物理攻击。使用后下回合不能行动。使用需要气血≥气血上限的70%；消耗：消耗最大气血的2%*实际攻击次数。冷却回合：5回合。
351,额外能力,五庄观,8,,,,,,,wzife.wd2,0xA209C3C2,0xA209C3C2,学习“清风望月”以后，每个额外的乾元丹会增加增加30点速度，学习“天命剑法”以后，每个额外的乾元丹会增加40点伤害。
352,灵性,普陀山,8,,,,,,,wzife.wdf,3949490866,3143201775,按技能等级提高灵力
353,护法金刚,普陀山,8,,,,,,,wzife.wdf,223144262,84328029,按技能等级提高伤害力
354,观音咒,普陀山,8,,,,,,,wzife.wdf,1410587972,1911562650,无效果
355,五行学说,普陀山,8,,,,,,,wzife.wdf,3646722626,733606302,无效果
356,金刚经,普陀山,8,,,,,,,wzife.wdf,2444843522,4122844852,无效果
357,五行扭转,普陀山,8,,,,,,,wzife.wdf,3256679059,3457635171,按技能等级提高防御力
358,莲花宝座,普陀山,8,,,,,,,wzife.wdf,37911440,2202511971,按技能等级提高躲避力
359,普渡众生,普陀山,3,,50点魔法,金刚经|15,,,,wzife.wdf,688650727,3407231441,恢复队友的气血并治疗伤势
360,紧箍咒,普陀山,4,,50点魔法,观音咒|30,,,,wzife.wdf,1573115441,956876360,一定回合内每回合减少对方的气血和气血上限
361,杨柳甘露,普陀山,3,,150点魔法,观音咒|20,,,,wzife.wdf,3757213330,794491517,使用后可以复活已经死亡的队友，可以复活处在“锢魂术”或者“死亡召唤”状态下剩余回合小于等于2的队友。
362,日光华,普陀山,4,,50点魔法,五行学|10,,,,wzife.wdf,2064123225,877019458,施展法术攻击多人，并附加固定伤害
363,靛沧海,普陀山,4,,50点魔法,五行学|11,,,,wzife.wdf,2679663466,1783445565,施展法术攻击多人，并附加固定伤害
364,巨岩破,普陀山,4,,50点魔法,五行学|12,,,,wzife.wdf,3218559640,3817801025,施展法术攻击多人，并附加固定伤害
365,苍茫树,普陀山,4,,50点魔法,五行学|13,,,,wzife.wdf,1228860567,2355974251,施展法术攻击多人，并附加固定伤害
366,地裂火,普陀山,4,,50点魔法,五行学|14,,,,wzife.wdf,4132171079,75104423,施展法术攻击多人，并附加固定伤害
367,坐莲,普陀山,0,,10点气血和10魔法,莲花宝座|1,,,,wzife.wdf,2462764859,3850121742,平时状态下使用，可以瞬间回到自己的门派
368,五行错位,普陀山,4,,150点愤怒值,五行扭转|25,,20,,wzife.wdf,322760356,3739244200,克制女儿村弟子的必杀技
369,灵动九天,普陀山,3,,30点魔法,金刚经|120,真,,,wzife.wdf,2299324564,1921901005,妙法万千，唤九天神威为队友临时增加灵力
370,颠倒五行,普陀山,3,,80点魔法,五行扭转|120,真,,,wzife.wdf,1849998950,3616521026,为队友临时增加四系法术吸收率、法术闪避率及概率触发法术连击率(不对治疗效果生效)
371,莲华妙法,普陀山,12,,和技能等级数相同的活力,金刚经|35,,30,,wzife.wdf,4050867699,2277699794,打造后为项链提高一定的属性
372,自在心法,普陀山,3,,30点魔法,灵性|60,,,,wzife.wd1,1199130784,3420028880,清除己方队员身上普渡众生效果，同时将该回合剩余回合可增加的当前气血与气血上限结算进行回复。
373,清静菩提,普陀山,2,,100点魔法,,,,4,wzife.wd3,917584295,912434102,每回合结束时，随机解除双方一个单位所有异常状态，随机解除双方一个单位所有增益状态，持续4回合
374,化戈,普陀山,8,,,,,,,wzife.wd2,0x8FE4B9FF,0x8FE4B9FF,增加武器伤害*18%的治疗量。
375,推衍,普陀山,8,,,,,,,wzife.wd2,0x7D712683,0x7D712683,自身敏捷≥等级*2.2时，五行法术对目标伤害增加21%，。
376,借灵,普陀山,8,,,,,,,wzife.wd2,0x9C0D1C5B,0x9C0D1C5B,武器伤害的24%转化为五行法术伤害。
377,莲花心音,普陀山,3,,60点魔法,,,,,wzife.wd2,0x07DEBF4F,0x07DEBF4F,普陀弟子以莲花苞为躯，引魂入体，则可以复活在战斗中死亡的鬼魂幻兽。复活场上一个处于死亡状态的鬼魂宠，被复活目标获得60%的气血上限与当前36%的魔法值。
378,生克,普陀山,8,,,,,,,wzife.wd2,0x1C454D91,0x1C454D91,队伍内成员的五行克制能力增加4%。
379,默诵,普陀山,8,,,,,,,wzife.wd2,0x6AB318F7,0x6AB318F7,紧箍咒造成的伤害增加100%，同时如果目标处于紧箍咒时每回合结束时增加自身6点愤怒。
380,劳心,普陀山,8,,,,,,,wzife.wd2,0x00B8064E,0x00B8064E,当前气血≤气血上限*30%时，使用普渡众生或者杨柳甘露技能带来的气血恢复效果额外增加100%。
381,普渡,普陀山,8,,,,,,,wzife.wd2,0x9110FB84,0x9110FB84,普渡众生的气血恢复效果增加12%。
382,化怨,普陀山,8,,,,,,,wzife.wd2,0xBBC8F2A2,0xBBC8F2A2,当前气血≤气血上限*30%时，受到的所有伤害减少25%。
383,甘露,普陀山,8,,,,,,,wzife.wd2,0xAF6FDE97,0xAF6FDE97,对目标使用杨柳甘露法术成功时，有50%的几率附带普渡众生效果4回合。
384,法印,普陀山,8,,,,,,,wzife.wd2,0x4B145B23,0x4B145B23,颠倒五行法术吸收几率与上限增加10%、躲避率增加8%，持续回合数增加3。
385,秘术,普陀山,8,,,,,,,wzife.wd2,0xF109AB4C,0xF109AB4C,使用五行法术时，将波动150点伤害
386,灵动,普陀山,8,,,,,,,wzife.wd2,0x4DCD5F44,0x4DCD5F44,灵动九天效果增加30点，持续回合数增加3。
387,雨润,普陀山,8,,,,,,,wzife.wd2,0x4290BCBB,0x4290BCBB,当队伍中成员的普渡众生效果消失时，目标会额外恢复灵性等级*0.7的气血
388,莲心剑意,普陀山,2,,30点魔法,,,,,wzife.wd2,0xC2D6BBD3,0xC2D6BBD3,普陀山的弟子情系众生、虔心不染如一朵莲花绽放在凡尘中但江湖险恶、妖风魔雨为了护佑苍生她们不得不常怀剑意惩恶除奸使用此技能后进入进攻状态增加法术修炼等级*3%的固定伤害但降低自身12%被治疗的效果
389,玉帛,普陀山,8,,,,,,,wzife.wd2,0xA96E7A76,0xA96E7A76,护法金刚技能所为人物增加伤害的8%转化为普渡众生气血恢复效果。
390,道衍,普陀山,8,,,,,,,wzife.wd2,0xCE18F021,0xCE18F021,普渡众生的作用对象额外增加1个。
391,法咒,普陀山,8,,,,,,,wzife.wd2,0x2A398778,0x2A398778,五行法术有20%的几率使伤害增加50%
392,波澜不惊,普陀山,3,,60点魔法,,,,,wzife.wd2,0xAED0F931,0xAED0F931,普陀山弟子由于精通五行造化，方可布下这吸收—切伤害的结界阵法。为目标吸收受到的前4次攻击的伤害，持续2回合;并且将吸收的伤害转化为目标的当前气血回复，最高可吸收(普度众生首回合治疗量*2)点气血伤害。这亦是五行学派的不传之秘，只有核心弟子方能习得。消耗:60点魔法。
393,五行制化,普陀山,8,,,,,,,wzife.wd2,0xF46EB09D,0xF46EB09D,普陀弟子可以在临敌之际改变五行属性，其所耗不过个手印口诀，而随之而来的自然生克之力却往往令人绝望。10回合内将任意目标武器五行属性改为指定五行属性。消耗:60点MP。(学习后战斗中将获得“木曰曲直”，“士曰稼穑”，“水曰润下”，“火日炎上”，“金目从革”5个技能。)
394,额外能力,普陀山,8,,,,,,,wzife.wd2,0xA209C3C2,0xA209C3C2,学习“波澜不惊”以后，每个额外的乾元丹会增加增加80点法术防御，学习“五行制化”以后，每个额外的乾元丹会增加30点速度。
395,木曰曲直,普陀山,4,,60点魔法,,,,,wzife.wd2,0xA209C3C2,0xA209C3C2,普陀弟子可以在临敌之际改变五行属性，其所耗不过个手印口诀，而随之而来的自然生克之力却往往令人绝望。10回合内将任意目标武器五行属性改为指定五行属性。
396,士曰稼穑,普陀山,4,,60点魔法,,,,,wzife.wd2,0xA209C3C2,0xA209C3C2,普陀弟子可以在临敌之际改变五行属性，其所耗不过个手印口诀，而随之而来的自然生克之力却往往令人绝望。10回合内将任意目标武器五行属性改为指定五行属性。
397,水曰润下,普陀山,4,,60点魔法,,,,,wzife.wd2,0xA209C3C2,0xA209C3C2,普陀弟子可以在临敌之际改变五行属性，其所耗不过个手印口诀，而随之而来的自然生克之力却往往令人绝望。10回合内将任意目标武器五行属性改为指定五行属性。
398,火日炎上,普陀山,4,,60点魔法,,,,,wzife.wd2,0xA209C3C2,0xA209C3C2,普陀弟子可以在临敌之际改变五行属性，其所耗不过个手印口诀，而随之而来的自然生克之力却往往令人绝望。10回合内将任意目标武器五行属性改为指定五行属性。
399,金目从革,普陀山,4,,60点魔法,,,,,wzife.wd2,0xA209C3C2,0xA209C3C2,普陀弟子可以在临敌之际改变五行属性，其所耗不过个手印口诀，而随之而来的自然生克之力却往往令人绝望。10回合内将任意目标武器五行属性改为指定五行属性。
400,天地无极,凌波城,8,,,,,,,common/wzife.wdf,2616462789,3629430297,无效果
401,九转玄功,凌波城,8,,,,,,,common/wzife.wdf,1837364177,1720159516,无效果
402,武神显圣,凌波城,8,,,,,,,common/wzife.wdf,3229675127,2285367568,无效果
403,啸傲,凌波城,8,,,,,,,common/wzife.wdf,1753145086,796505945,按技能等级提高灵力
404,气吞山河,凌波城,8,,,,,,,common/wzife.wdf,4005775594,1613219782,按技能等级提高伤害力
405,诛魔,凌波城,8,,,,,,,common/wzife.wdf,150136690,2802612826,按技能等级提高防御力
406,法天象地,凌波城,8,,,,,,,common/wzife.wdf,2858795509,3937616310,按技能等级提高命中
407,裂石,凌波城,4,,50点魔法,气吞山河|25,,,,common/wzife.wdf,0xF4DCF38F,0x1C603FAE,临时提升必杀几率对单个敌人进行物理攻击，增加1点战意值。
408,断岳势,凌波城,4,,50点魔法、1点战意值,气吞山河|35,,,,common/wzife.wdf,0x5AA54949,0x5C95AF41,临时提升必杀几率对单个敌人进行2次物理攻击。
409,天崩地裂,凌波城,4,,50点魔法、3点战意值,气吞山河|45,,,,common/wzife.wdf,0x9ADAEA80,0x3FB03390,临时提升必杀几率对单个敌人进行3次物理攻击。最后一次攻击不会被保护。
410,浪涌,凌波城,4,,作用人数*20点魔法,气吞山河|25,,,,common/wzife.wdf,0xCE61D91C,0x1A289BEA,根据对方防御值临时提升一定伤害力对单个敌人进行物理攻击。目标为怪物时增加作用人数。攻击怪物个数=技能等级除以35+1。最多3个。增加1点战意值。 
411,惊涛怒,凌波城,4,,作用人数*20点魔法、1点战意,气吞山河|35,,,,common/wzife.wdf,0xB91C6953,0xBE11779C,根据对方防御值临时提升一定伤害力对多个敌人进行物理攻击。攻击个数=技能等级出除以35+1，最多3人。
412,翻江搅海,凌波城,4,,作用人数*30点魔法、3点战意,气吞山河|45,,,,common/wzife.wdf,0x26419C11,0x11879028,根据对方防御值临时提升一定伤害力对多个敌人进行物理攻击。攻击个数=技能等级除以30+2，最多6人。
413,腾雷,凌波城,4,,60点魔法、1点战意值,诛魔|120,真,,,common/wzife.wdf,0x569D01F7,0x956BA0A2,对目标造成伤害并有机会使目标受技能恢复效果降低。
414,指地成钢,凌波城,4,,150点愤怒,诛魔|25,,20,,common/wzife.wdf,0xF4DCF38F,0x1C603FAE,克制无底洞弟子的必杀技。
415,不动如山,凌波城,2,,150点魔法,九转玄功|25,,,,common/wzife.wdf,0xD96F2331,0x38C47290,使用后减少自身受到的法术伤害与物理伤害。持续1回合。
416,碎星诀,凌波城,2,,30点魔法,武神显圣|30,,,,common/wzife.wdf,0x136442C0,0x5F8D7935,提升自己或队友的物理伤害结果，持续一定回合。不能与镇魂诀同时存在。
417,镇魂诀,凌波城,2,,5%的当前气血,武神显圣|120,真,,,common/wzife.wdf,0x9E1580AA,0xF808DCC6,提升自己或者队友的必杀几率，持续一定回合。 不能与碎星诀同时存在。
418,穿云破空,凌波城,9,,和技能等级相同的活力,啸傲|35,,30,,common/wzife.wdf,0xb7e814ee,0xe0d005,为腰带附加提升物理攻击伤害结果的临时效果。
419,无穷妙道,凌波城,3,,60点魔法,法天象地|30级,,,,common/wzife.wdf,0xAFDB81A4,0x76FBBEEC,一定几率解除无底洞封印法术。
420,纵地金光,凌波城,0,,10点气血和10点魔法,法天象地|1级。,,,,common/wzife.wdf,0xE6A2AA59,0xFEF5D678,平时状态下使用，可以瞬间回到自己的门派。
421,无双战魂,凌波城,2,,100点魔法,,,,6,wzife.wd3,0x7f5f872d,3525938545,随机获得1~3点战意，战意为0时额外获得1点
422,山破,凌波城,8,,,,,,,common/wzife.wdf,0x673833C4,0x673833C4,使用天崩地裂与翻江搅海后，有64%几率获得1点战意。
423,战诀,凌波城,8,,,,,,,common/wzife.wdf,0xB97A5577,0xB97A5577,对自身使用碎星诀和镇魂诀时，额外获得1点战意。
424,抗击,凌波城,8,,,,,,,common/wzife.wdf,0x37FCB484,0x37FCB484,受到大于等于气血上限10%的伤害都有12%的几率获得1点战意。1回合最多只能获得2点。
425,聚气,凌波城,8,,,,,,,common/wzife.wdf,0x6009D906,0x6009D906,使用消耗愤怒≥60的特技时，额外增加1点战意。
426,神诀,凌波城,8,,,,,,,common/wzife.wdf,0x7D0D0DAB,0x7D0D0DAB,使用消耗战意≥3点的技能时，刷新自身碎星诀或镇魂诀状态的回合数到初始值，并增加25%的效果，最多增加100%。碎星诀和镇魂诀有70%几率抵抗驱散效果。
427,魂聚,凌波城,8,,,,,,,common/wzife.wdf,0xB7BD0013,0xB7BD0013,每次使用消耗战意的技能，增加10点愤怒。
428,神躯,凌波城,8,,,,,,,common/wzife.wdf,0xCF5AD689,0xCF5AD689,受到大于等于气血上限20%的伤害时，超过20%的部分会降低30%。复活时，若自身战意≤1，则额外获得一点战意。
429,斩魔,凌波城,8,,,,,,,common/wzife.wdf,0xE2910606,0xE2910606,斩魔效果提升60%。
430,不动,凌波城,8,,,,,,,common/wzife.wdf,0x9769021C,0x9769021C,不动如山的伤害减免效果增加100%，若在不动如山的状态下死亡，会额外保留至多一点战意值及70点愤怒。
431,力战,凌波城,8,,,,,,,common/wzife.wdf,0x0E10688C,0x0E10688C,天崩地裂最后一击额外造成360点伤害。
432,破击,凌波城,8,,,,,,,common/wzife.wdf,0x6E010D11,0x6E010D11,裂石，断岳势，天崩地裂出现必杀的几率翻倍，但产生必杀时只会造成1.6倍的伤害。
433,怒涛,凌波城,8,,,,,,,common/wzife.wdf,0xE971301E,0xE971301E,浪涌，惊涛怒，翻江搅海的每一次攻击有70%几率降低目标当前战意点数*20的防御，持续2回合。
434,海沸,凌波城,8,,,,,,,common/wzife.wdf,0xBCE3BB39,0xBCE3BB39,增加人物力量*8%的伤害力。
435,怒火,凌波城,8,,,,,,,common/wzife.wdf,0xDEECD728,0xDEECD728,战意上限提升至8点。每点战意增加的伤害效果提升100%。
436,煞气,凌波城,8,,,,,,,common/wzife.wdf,0x338B3040,0x338B3040,使用消耗战意的技能时附加150点伤害力。
437,强袭,凌波城,8,,,,,,,common/wzife.wdf,0xC6AD7685,0xC6AD7685,每次使用天崩地裂和翻江搅海都会使天崩地裂、翻江搅海和天神怒斩伤害提升12%，持续3回合。状态可刷新，不叠加。
438,雷附,凌波城,8,,,,,,,common/wzife.wdf,0x7F38C97C,0x7F38C97C,提升腾雷的命中率15%，被腾雷附上致死状态的单位若在2回合内死亡，有50%的概率回复1点战意。
439,再战,凌波城,8,,,,,,,common/wzife.wdf,0x606669C9,0x606669C9,每次使用断岳势造成一个单位的死亡都会使下一个的断岳势伤害结果提高15%。
440,天神怒斩,凌波城,4,,15%当前气血，50点魔法。,,,,8,common/wzife.wdf,0xA8AF3DC0,0xA8AF3DC0,天神盛怒，以开天辟地之势，挥刀怒斩，增加10%暴击率、忽略目标10%防御发动一次物理攻击，命中后驱散对方所有增益状态。使用后会附加状态“力竭”，持续3回合，造成的所有伤害减少20%，且无法通过无双战魂以外的技能获得战意。#R消耗：15%当前气血，50点魔法。#R冷却回合：8，进入战斗时冷却4回合。
441,真君显灵,凌波城,2,,100点魔法,,,,8,common/wzife.wdf,0x4017404F,0x4017404F,敲动战鼓，一鼓作气拿下敌人。消耗自身所有（≥1）战意进入“真君显灵”状态，持续3回合。使自己造成的物理伤害增加（20%*使用时消耗战意数），回合结束时获得1点战意。#R消耗：100点魔法。#R冷却回合：8
442,额外能力,凌波城,8,,,,,,,wzife.wd2,0xA209C3C2,0xA209C3C2,学习“天神怒斩”以后，每个额外的乾元丹会增加增加40点伤害，学习“真君显灵”以后，每个额外的乾元丹会增加80点抗封等级。
443,灵通术,阴曹地府,8,,,,,,,wzife.wdf,695584869,577240546,无效果
444,六道轮回,阴曹地府,8,,,,,,,wzife.wdf,2191025103,1761343362,按技能等级提高伤害力
445,幽冥术,阴曹地府,8,,,,,,,wzife.wdf,2105426613,414994835,无效果
446,拘魂诀,阴曹地府,8,,,,,,,wzife.wdf,1622524729,3403104810,无效果
447,九幽阴魂,阴曹地府,8,,,,,,,wzife.wdf,2427286393,2803361004,按技能等级提高灵力
448,尸腐恶,阴曹地府,8,,,,,,,wzife.wdf,3997271777,22951667,按技能等级提高防御力
449,无常步,阴曹地府,8,,,,,,,wzife.wdf,2772099555,71871380,按技能等级提高速度
450,阎罗令,阴曹地府,4,,20点魔法，作用于多人时消耗增加,幽冥术|25,,,,wzife.wdf,2806354228,3446923388,可攻击多人，减少对手的气血和气血上限，对鬼魂类怪物使用时，伤害效果额外提高100%
451,判官令,阴曹地府,4,,20点魔法,拘魂诀|20,,,,wzife.wdf,1671969153,3702239149,攻击对方单人，减少对手的气血和魔法，效果由技能等级决定，不受双方灵力影响。对鬼魂类怪物使用时，伤害提高150%
452,堪察令,阴曹地府,12,,一定的活力，视装备等级而定,灵通术|5,,,,wzife.wdf,4073909039,2150653771,鉴定头盔、饰品、腰带、靴子等类装备，学习后也可在长安书店制作相应等级的“灵宝图鉴”。
453,寡欲令,阴曹地府,3,,50点魔法,灵通术|30,,,,wzife.wdf,653757983,482656655,解除并避免盘丝洞封类法术的影响。
454,幽冥鬼眼,阴曹地府,3,,20点魔法,九幽阴魂|30,,,,wzife.wdf,1975607386,2807639015,使用后可以看到隐身的目标并增加10%的抗封效果。
455,冤魂不散,阴曹地府,4,,150点愤怒值,九幽阴魂|25,,20,,wzife.wdf,3587078621,376661686,克制大唐官府弟子的必杀技。
456,尸腐毒,阴曹地府,4,,40点魔法,尸腐恶|20,,,,wzife.wdf,49094427,2328293467,令对手中“尸毒”，每回合按一定比例掉血
457,修罗隐身,阴曹地府,4,,150点魔法，对自己使用每回合消耗施法者15点魔法，对队友使用每回合消耗施法者10点魔法。,尸腐恶|20,,,,wzife.wdf,557290721,3076118166,战斗中隐藏自己或队友的身形，令对手无法攻击，隐身状态下不能施展法术。
458,杳无音讯,阴曹地府,0,,10点气血和10点魔法,无常步|1,,,,wzife.wdf,2049632078,739072521,平时状态下使用，可以瞬间回到自己的门派。
459,还阳术,阴曹地府,10,,150点魔法,拘魂诀|120,真,,,wzife.wdf,2874709055,485361049,复活倒地的队友，提高攻击力，降低防御力
460,黄泉之息,阴曹地府,4,,50点魔法,幽冥术|120,真,,,wzife.wdf,3536984715,1893059881,攻击对方单人，并减少其一定的速度，夜间使用效果调整为白天的130%。
461,魂飞魄散,阴曹地府,4,,40点魔法,六道轮回|50级 ,,,,wzife.wdf,1594584941,2719875429,使用后驱散目标因门派法术获得的所有良性状态（变身除外）。 
462,尸气漫天,阴曹地府,12,,和技能等级数相同的活力,拘魂诀|35,,30,,wzife.wdf,3830562709,3540479557,打造后为帽子提高一定的属性
463,锢魂术,阴曹地府,4,,50点魔法,幽冥术|75,,,,wzife.wd1,1727365486,784403165,使用成功后可使目标5个回合内在死亡状态下无法被复活。
464,无间地狱,阴曹地府,2,,100点魔法,,,,16,wzife.wd3,4045502576,3388648357,双方所有单位受到的伤害增加10%，人物单位死亡时若身上无“死亡禁锢”则附带2回合死亡禁锢，持续4回合
465,判官,阴曹地府,8,,,,,,,wzife.wd2,0xC4A24497,0xC4A24497,判官令造成的伤害增加10%、魔法损耗增加50%。
466,回旋,阴曹地府,8,,,,,,,wzife.wd2,0x299CC362,0x299CC362,受到包括固定伤害在内的所有法术伤害减少60点。
467,夜行,阴曹地府,8,,,,,,,wzife.wd2,0x6CB4C5F1,0x6CB4C5F1,夜间增加人物40点速度、40点伤害、50点阎罗令伤害。
468,入骨,阴曹地府,8,,,,,,,wzife.wd2,0xB9D06801,0xB9D06801,尸腐毒被解除时，使目标减少5%当前气血。
469,聚魂,阴曹地府,8,,,,,,,wzife.wd2,0x0EF6D102,0x0EF6D102,摄魂的所有基础效果增加4%。
470,六道无量,阴曹地府,4,,50点魔法,,,,,wzife.wd2,0xBC2DD56E,0xBC2DD56E,地府弟子将六道轮回之力附着在单体的物理攻击之上，令敌人避无可避。攻击时附带六道轮回技能等级×60%的伤害结果。
471,索魂,阴曹地府,8,,,,,,,wzife.wd2,0xF259DD30,0xF259DD30,锢魂术命中目标后，如果目标在此锢魂术状态下死亡，都可以增加施法者锢魂术2%的命中率，上限为10%，持续到战斗结束。
472,伤魂,阴曹地府,8,,,,,,,wzife.wd2,0xEDAB40CF,0xEDAB40CF,你对带有尸腐毒的单位提高100点封印命中等级、80点物理伤害力。
473,百炼,阴曹地府,8,,,,,,,wzife.wd2,0x2197928B,0x2197928B,武器耐久度消耗降低50%。使用百爪狂杀时临时增加武器命中*30%。
474,黄泉,阴曹地府,8,,,,,,,wzife.wd2,0x11A0C1AE,0x11A0C1AE,黄泉之息的减速效果增加50%。
475,毒印,阴曹地府,8,,,,,,,wzife.wd2,0x49D3C846,0x49D3C846,你的六道无量和判官令将额外对一个带有尸腐毒的单位起效。
476,百爪狂杀,阴曹地府,4,,作用人数*35点魔法,,,,,wzife.wd2,0x8FCE05BE,0x8FCE05BE,地府弟子吸收冥界阴气，进而激发自身的暴戾之气，将对敌方进行疯狂的连击。法术驱动的物理攻击，可以攻击4个目标，每个目标单独判断命中。每增加1个攻击目标，对所有目标的伤害结果降低10%。消耗：作用人数×35MP。
477,幽光,阴曹地府,8,,,,,,,wzife.wd2,0x337664F3,0x337664F3,九幽的每回合回复当前气血值的上限增加120点。
478,泉爆,阴曹地府,8,,,,,,,wzife.wd2,0x14AB7311,0x14AB7311,队伍中只有一个阴曹地府弟子时：每场战斗的第一次黄泉之息将造成400%的伤害。
479,鬼火,阴曹地府,8,,,,,,,wzife.wd2,0x93AE3E78,0x93AE3E78,每次使用特技后回复10点愤怒。
480,魂飞,阴曹地府,8,,,,,,,wzife.wd2,0xC415DB52,0xC415DB52,你的魂飞魄散首目标若为玩家且当回合死亡，则附加锢魂术，持续2回合。
481,汲魂,阴曹地府,8,,,,,,,wzife.wd2,0x808E00C5,0x808E00C5,每次对方玩家单位死亡，恢复自身等级*2的气血并且增加10点伤害力，持续到战斗结束。
482,击破,阴曹地府,8,,,,,,,wzife.wd2,0xB79CC34C,0xB79CC34C,攻击防御的目标额外增加50%伤害。
483,魑魅缠身,阴曹地府,4,,,,,,,wzife.wd2,0x2B37D923,0x2B37D923,地府弟子可以招来地狱深处的魑魅魍魉，被他们附身的敌人将具备鬼魂精魄的特质，在擅于驱鬼的对手面前无所遁形。为对方任意成员（单目标）附加“冤魂”状态，持续5回合，冤魂状态的效果为：1.若冤魂状态的目标为召唤兽，则被携带驱鬼技能的目标攻击时伤害增加50%，被携带高级驱鬼技能的目标攻击时伤害增加100%；2.若冤魂状态的目标为人物或者NPC时，则被携带驱鬼技能的目标攻击时伤害增加15%，被携带高级驱鬼技能的目标攻击时伤害增加30%。消耗：40点愤怒值。冷却：4回合。该技能为法术技能，受封印法术限制。该技能不能对拥有鬼魂及高级鬼魂技能的目标使用。
484,夜之王者,阴曹地府,8,,,,,,,wzife.wd2,0x5192EAE6,0x5192EAE6,黑夜是属于我的！技能“百爪狂杀”附加六道轮回技能等级*60%的伤害结果。夜晚的必杀几率增加10%。
485,额外能力,阴曹地府,8,,,,,,,wzife.wd2,0xA209C3C2,0xA209C3C2,学习“魑魅缠身”以后，每个额外的乾元丹会增加增加30点速度，学习“夜之王者”以后，每个额外的乾元丹会增加40点伤害。
486,牛逼神功,魔王寨,8,,,,,,,wzife.wdf,3975126128,2741787302,无效果
487,震天诀,魔王寨,8,,,,,,,wzife.wdf,1449209742,1917106392,按技能等级提高伤害力
488,火云术,魔王寨,8,,,,,,,wzife.wdf,4166858964,909252202,无效果
489,火牛阵,魔王寨,8,,,,,,,wzife.wdf,1917391753,1358009688,按技能等级提高灵力
490,牛虱阵,魔王寨,8,,,,,,,wzife.wdf,1129585606,2492840335,无效果
491,回身击,魔王寨,8,,,,,,,wzife.wdf,1224508814,2667913913,按技能等级提高防御力
492,裂石步,魔王寨,8,,,,,,,wzife.wdf,4286232830,3339537828,按技能等级提高躲避
493,魔王护持,魔王寨,12,,和技能等级数相同的活力,牛逼神功|35,,30,,wzife.wdf,937481251,3778438121,打造后为武器提高一定的属性
494,飞砂走石,魔王寨,4,,30点魔法，攻击多人时消耗增加,火云术|30,,,,wzife.wdf,706133968,746568918,使用后可以攻击对方多个对象
495,三昧真火,魔王寨,4,,30点魔法,火云术|20,,,,wzife.wdf,626159438,290397996,使用后可以攻击对方单个对象
496,牛劲,魔王寨,2,,20点魔法,火牛阵|30,,,,wzife.wdf,3521936089,1080213476,战斗中暂时提高自己的法术伤害力
497,踏山裂石,魔王寨,4,,50点魔法,火牛阵|25,,20,,wzife.wdf,4060498152,2813097952,克制化生寺弟子的必杀技
498,无敌牛虱,魔王寨,4,,40点魔法,牛虱阵|25,,,,wzife.wdf,3889342201,901977927,召唤牛妖前来协助战斗
499,无敌牛妖,魔王寨,2,,40点魔法,牛虱阵|25,,,,wzife.wd1,526953932,2771934779,召唤使用法术的牛妖前来协助战斗
500,魔王回首,魔王寨,2,,30点魔法,回身击|30,,,,wzife.wdf,995890213,3043919056,使用后可以在受到物理攻击的时候自动反击
501,牛屎遁,魔王寨,0,,10点气血和10点魔法,裂石步|1,,,,wzife.wdf,2481624731,668274006,平时状态下使用，可以瞬间回到自己的门派
502,火甲术,魔王寨,2,,60点魔法,火云术|120,真,,,wzife.wdf,2418820008,3223806685,此状态维持期间遭受普通物理攻击、法术时将自动使用三味真火进行反击。
503,摇头摆尾,魔王寨,4,,50点魔法,牛虱阵|120,真,,,wzife.wdf,3051115375,1777991632,攻击目标时随机触发三昧真火或者飞砂走石，随后施放一个持续燃烧的火焰，一定回合内造成伤害
504,风云变色,魔王寨,4,,30点魔法，攻击多人时消耗增加,牛逼神功|45,,,8,wzife.wd3,0x8d0d9fa7,0xa9868a1b,释放一次强力的飞砂走石，额外作用一个单位。【冷却】8回合，释放三昧真火或飞砂走石有25%几率立即取消冷却时间(进入战斗时冷却时间为4回合)
505,魔火焚世,魔王寨,4,,400点魔法,,,,6,wzife.wd3,3167155447,0x82933a2e,自身气血≥30%方可使用，临时提高自身法术伤害力、法术暴击率使用一次飞砂走石
506,充沛,魔王寨,8,,,,,,,wzife.wd2,0x8A07409C,0x8A07409C,你的牛劲会附加感知效果。
507,炙烤,魔王寨,8,,,,,,,wzife.wd2,0xBAA64557,0xBAA64557,你的牛劲、烈焰真诀、火甲术有70%的几率抵抗驱散效果。
508,震怒,魔王寨,8,,,,,,,wzife.wd2,0x403FE10F,0x403FE10F,飞砂走石在对目标使用时有10%的几率会额外作用一个单位。。
509,蚀天,魔王寨,8,,,,,,,wzife.wd2,0xAC17A1D4,0xAC17A1D4,受到大于等于气血上限20%的伤害则进入激怒状态
510,敛恨,魔王寨,8,,,,,,,wzife.wd2,0x6F367EF0,0x6F367EF0,受到物理暴击、法术暴击伤害后，本次所受与后面所受到的所有伤害减少20%。当回合有效。
511,赤暖,魔王寨,8,,,,,,,wzife.wd2,0x36BEA656,0x36BEA656,赤焰同样会为你恢复气血，效果为恢复的魔法量*10。
512,火神,魔王寨,8,,,,,,,wzife.wd2,0xBF44D568,0xBF44D568,触发五火神焰印时，三昧真火与飞砂走石伤害倍率增加14%。
513,震天,魔王寨,8,,,,,,,wzife.wd2,0x06B6105D,0x06B6105D,震天诀等级≥人物等级时，增加60点法术伤害力。
514,神焰,魔王寨,8,,,,,,,wzife.wd2,0x9D84EC63,0x9D84EC63,触发五火神焰印时，三昧真火与飞砂走石不增加对方愤怒
515,神炎,魔王寨,8,,,,,,,wzife.wd2,0xBF44D568,0xBF44D568,增加五火神焰印6%的基础暴击几率。
516,返火,魔王寨,8,,,,,,,wzife.wd3,0x013D6355,0x013D6355,火甲术反馈的伤害效果增加100%。
517,崩摧,魔王寨,8,,,,,,,wzife.wd2,0x4935E53B,0x4935E53B,触发五火神焰印时，目标受到的法术伤害增加10%，持续3回合。不能叠加。
518,魔冥,魔王寨,8,,,,,,,wzife.wd2,0x8BF70190,0x8BF70190,每次使用飞砂走石，可以使你下次三昧真火或魔焰滔天造成的伤害提高7.5%，持续4回合，可叠加4层，层数提升时刷新时间。
519,燃魂,魔王寨,8,,,,,,,wzife.wd2,0x79602FB7,0x79602FB7,造成的法术伤害增加(当前魔法/魔法上限)*4%。
520,狂月,魔王寨,8,,,,,,,wzife.wd2,0x0A9E4158,0x0A9E4158,战斗内额增加10%的魔法值
521,威吓,魔王寨,8,,,,,,,wzife.wd2,0x3816E2FC,0x3816E2FC,触发五火神焰印时，对召唤兽伤害倍率增加42%
522,连营,魔王寨,8,,,,,,,wzife.wd2,0x90EEA1F5,0x90EEA1F5,你的摇头摆尾有20%几率对随机目标再使用—次摇头摆尾，但只造成40%的伤害，可重复触发。
523,魔心,魔王寨,8,,,,,,,wzife.wd2,0xDAA0F7D4,0xDAA0F7D4,使用三昧真火或飞砂走石时10概率使伤害翻倍
524,魔焰滔天,魔王寨,4,,60点魔法,,,,6,wzife.wd2,0x525B9DB0,0x525B9DB0,为了能给敌人造成更大的伤害，魔王赛的弟子是不怕赌上自己运气的。使用法术攻击目标，70%几率造成三昧真火法术伤害*150%，30%几率造成三昧真火法术伤害*25%。不受佛法无边影响。消耗:60点魔法。冷却6回合，进入战斗时冷却3回合。
525,烈焰真诀,魔王寨,2,,50点魔法,,,,,wzife.wd2,0x1299A579,0x1299A579,烈焰缠身，此时他们不再是普通的魔王寨弟子，他们具有更强大的法术暴击能力。使用后增加五火神焰印20%触发几率。持续10回合。消耗:50点魔法。(该状态与牛劲效果互斥，只能对自己使用。)
526,额外能力,魔王寨,8,,,,,,,wzife.wd2,0xA209C3C2,0xA209C3C2,学习“魔焰滔天”以后，每个额外的乾元丹会增加增加40点法术伤害，学习“烈焰真诀”以后，每个额外的乾元丹会增加80点防御。
527,魔兽神功,狮驼岭,8,,,,,,,wzife.wdf,2952870578,10218458,无效果
528,生死搏,狮驼岭,8,,,,,,,wzife.wdf,3136073986,1362791032,按技能等级提高伤害力
529,训兽诀,狮驼岭,8,,,,,,,wzife.wdf,1184160039,3128610907,按技能等级提高灵力
530,阴阳二气诀,狮驼岭,8,,,,,,,wzife.wdf,683331190,4236173132,无效果
531,狂兽诀,狮驼岭,8,,,,,,,wzife.wdf,1661790658,2338433754,无效果
532,大鹏展翅,狮驼岭,8,,,,,,,wzife.wdf,1243494819,2200620761,按技能等级提高躲避力
533,魔兽反噬,狮驼岭,8,,,,,,,wzife.wdf,512391647,1359532967,按技能等级提高防御
534,象形,狮驼岭,4,,80魔法,生死搏|20,,,,wzife.wdf,3175084157,108912467,攻击两个敌人并令其下回合无法行动，但使用后自己也将在下回合停止行动且取消变身状态
535,鹰击,狮驼岭,4,,30点魔法，攻击多人时消耗增加,生死搏|30,,,,wzife.wdf,3219722580,1443303401,攻击对方多人，使用后需要休息1回合，不允许连续两回合使用
536,狮搏,狮驼岭,4,,30点魔法,生死搏|20,,,,wzife.wdf,3700481839,1627374280,以高于平时的伤害力攻击对方单人
537,威慑,狮驼岭,4,,20点魔法,训兽诀|15,,,,wzife.wdf,81423983,894640149,令怪物或玩家召唤兽无法行动，不能对玩家使用
538,变身,狮驼岭,2,,20点魔法,魔兽神功|20,,,,wzife.wdf,4282403049,3667711762,临时提高伤害力，是使用象形、鹰击、狮搏和连环击的前提
539,魔兽啸天,狮驼岭,4,,150点愤怒值,魔兽神功|25,,20,,wzife.wdf,950759216,1124928283,克制天宫弟子的必杀技
540,定心术,狮驼岭,2,,40点魔法,阴阳二气诀|40,,,,wzife.wdf,3988224797,99592343,战斗中临时提高自己的灵力
541,连环击,狮驼岭,4,,可连击次数×30点魔法,狂兽诀|30,,,,wzife.wdf,3608703815,673541382,疯狂地连续的攻击敌人，使用后解除当前所有增益状态
542,振翅千里,狮驼岭,0,,10点气血和10点魔法,大鹏展翅|1 ,,,,wzife.wdf,3512079122,4160807473,平时状态下使用，可以瞬间回到自己的门派
543,极度疯狂,狮驼岭,2,,30点魔法,魔兽反噬|20,,,,wzife.wdf,363599535,2884919862,受到物理攻击时会自动反击敌人
544,魔息术,狮驼岭,2,,30点气血,阴阳二气诀|120,真,,,wzife.wdf,3643037170,787252900,一定回合内恢复自身的魔法 
545,天魔解体,狮驼岭,2,,30点魔法，复活后的当前回合无法使用,生死搏|120,真,,,wzife.wdf,2713209956,2477360209,使用后持续一定回合数将自身的物理防御降低50%，防御值的10%转化为临时伤害，死亡后效果清除
546,神力无穷,狮驼岭,12,,和技能等级数相同的活力,狂兽诀|35 ,,30,,wzife.wdf,3809438015,3884615585,打造后为腰带提高一定的属性
547,疯狂鹰击,狮驼岭,4,,100点魔法,,,6,,wzife.wd3,2063567623,3246975793,使用一次特别的鹰击，若自身气血≥90%则额外作用两个单位，否则触发一次正常的鹰击（需要变身）
548,爪印,狮驼岭,8,,,,,,,wzife.wd2,0x6E34D2AA,0x6E34D2AA,每次攻击敌人或被敌人攻击后，在敌人身上留下爪印，每个印记使得自己在下次攻击对手时增加人物等级*0.7伤害结果。印记只有在每回合的第一次攻击中有效，印记持续5回合或至对手死亡，印记可叠加，最多叠加7个。持续回合效果可被刷新，该效果不会被水清，冰清，玉清，晶清解除。
549,翼展,狮驼岭,8,,,,,,,wzife.wd2,0x35A96711,0x35A96711,你的鹰击攻击目标个数改变为生死搏技能等级/26+1。（最多攻击6个单位）
550,驭兽,狮驼岭,8,,,,,,,wzife.wd2,0x97EF1BE4,0x97EF1BE4,提升本方所有在场召唤兽的能力：#R你的训兽诀等级*0.4的伤害#R你的训兽诀等级*0.4的防御#R你的训兽诀等级*0.2的灵力#R（不可叠加）
551,化血,狮驼岭,8,,,,,,,wzife.wd2,0xBE24B04C,0xBE24B04C,在攻击中有30%几率吸收造成伤害的16%的气血。
552,宁息,狮驼岭,8,,,,,,,wzife.wd2,0xF0B320B8,0xF0B320B8,变身持续回合数增加2。回合结束时若处于死亡状态，变身的剩余回合数有70%几率不会减少。
553,兽王,狮驼岭,8,,,,,,,wzife.wd2,0x287A0188,0x287A0188,门派法宝兽王令的基础效果提升14点。
554,狮吼,狮驼岭,8,,,,,,,wzife.wd2,0xD10DF1DF,0xD10DF1DF,狮搏对召唤兽伤害提高15%并有30%几率附带持续2回合的“威慑”效果；狮搏击倒召唤兽时，额外触发一次狮搏。
555,怒象,狮驼岭,8,,,,,,,wzife.wd2,0x7CDE78AD,0x7CDE78AD,当气血少于上限的30%时，有70%的几率在使用象形时保留变身状态并延长变身2回合。
556,鹰啸,狮驼岭,8,,,,,,,wzife.wd2,0x1D7F1771,0x1D7F1771,鹰击可以使目标召唤兽造成的伤害降低30%，持续2回合。
557,乱破,狮驼岭,8,,,,,,,wzife.wd2,0x6D372C69,0x6D372C69,队伍中只有一个狮驼岭弟子时：增加大鹏展翅等级*2的命中。
558,魔息,狮驼岭,8,,,,,,,wzife.wd2,0xC84857CA,0xC84857CA,魔息术效果提升70%。
559,威慑,狮驼岭,8,,,,,,,wzife.wd2,0x9D1ABD9E,0x9D1ABD9E,召唤兽在场时，自身造成的所有物理伤害提高7%。（鬼魂倒地视为未在场）
560,狂袭,狮驼岭,8,,,,,,,wzife.wd2,0x5154ED66,0x5154ED66,攻击时若被反震导致气血损失，获得下述效果：#R1）气血损失的4%加成至伤害力，持续1回合，可叠加。#R2）若气血损失大于当前气血则至少保留1点气血，并且行动结束时死亡。
561,失心,狮驼岭,8,,,,,,,wzife.wd2,0x43CEF766,0x43CEF766,失心钹效果提升36%。
562,羁绊,狮驼岭,8,,,,,,,wzife.wd2,0x5C170F92,0x5C170F92,你每次回复生命值，你的召唤兽也会回复该数值的10%。你的召唤兽每次回复生命值，你也会回复该数值的10%。
563,死地,狮驼岭,8,,,,,,,wzife.wd3,0x143A6B82,0x143A6B82,死亡时将提升你下一次鹰击（100+损失愤怒值*3）的伤害力
564,乱击,狮驼岭,8,,,,,,,wzife.wd2,0x28EFDCA8,0x28EFDCA8,使用连环击时，每次击打有45%几率附加狂兽决技能等级×100%的伤害。#R你的连环击额外增加一次特殊的攻击。
565,悲恸,狮驼岭,8,,,,,,,wzife.wd2,0x1D0F8066,0x1D0F8066,人物死亡时，你的召唤兽受到的伤害降低15%，造成的伤害提高15%。
566,背水一战,狮驼岭,4,,20%的当前气血,,,,8,wzife.wd2,0x0B171EFB,0x0B171EFB,虽千万人吾亦往矣，不胜则死！牺牲自身20%的当前气血，对目标造成130%普通物理伤害+当前气血24%的基础伤害（不超过力量点数*600%）。同时使双方对对方造成的伤害提高30%，持续4回合。#R消耗：20%的当前气血。#R自身气血少于气血上限20%时无法使用。冷却：8回合，战斗开始时冷却4回合。
567,肝胆相照,狮驼岭,8,,,,,,,wzife.wd2,0x04600746,0x04600746,人与幻兽之间的情感，你们这些俗人又怎能了解？肝胆相照、形影相随，四海为家、浪迹天涯。当你没有召唤兽在场时，召唤召唤兽会使得你下一次鹰击伤害提升14%、下一次连环击伤害提高14%。
568,额外能力,狮驼岭,8,,,,,,,wzife.wd2,0xA209C3C2,0xA209C3C2,学习“背水一战”以后，每个额外的乾元丹会增加增加30点速度，学习“肝胆相照”以后，每个额外的乾元丹会增加80点防御。
569,蛛丝阵法,盘丝洞,8,,,,,,,wzife.wdf,487492946,2233726885,按技能等级提高防御力
570,迷情大法,盘丝洞,8,,,,,,,wzife.wdf,2410267095,3102396352,无效果
571,秋波暗送,盘丝洞,8,,,,,,,wzife.wdf,1698608098,975668103,按技能等级提高命中
572,天外魔音,盘丝洞,8,,,,,,,wzife.wdf,3819811307,2331712128,按技能等级提高灵力
573,盘丝大法,盘丝洞,8,,,,,,,wzife.wdf,2544956347,136964443,按技能等级提高伤害力
574,移形换影,盘丝洞,8,,,,,,,wzife.wdf,2544956347,136964443,按技能等级提高躲避力
575,姊妹相随,盘丝洞,8,,,,,,,wzife.wdf,3177731283,597142503,无效果
576,盘丝步,盘丝洞,8,,,,,,,wzife.wdf,3406981495,337337940,按技能等级提高躲避力
577,勾魂,盘丝洞,4,,40点魔法,秋波暗送|20,,,,wzife.wdf,3333121941,802455732,恢复自身气血，减少对方一定的气血
578,摄魄,盘丝洞,4,,35点魔法,秋波暗送|20,,,,wzife.wdf,3333121941,103370656,恢复自身魔法，减少对方一定的魔法
579,魔音摄魂,盘丝洞,4,,40点魔法,天外魔音|45,,,,wzife.wdf,32064057,1554838399,令对手一定回合内无法恢复气血和疗伤
580,盘丝舞,盘丝洞,12,,和技能等级数相同的活力,蛛丝阵法|35,,30,,wzife.wdf,2082714040,382164728,打造后为武器提高一定的属性
581,夺命蛛丝,盘丝洞,4,,150点愤怒值,蛛丝阵法|25,,20,,wzife.wdf,227632678,3268216546,克制方寸山弟子的必杀技
582,含情脉脉,盘丝洞,4,,50点魔法,催情大法|20,,,,wzife.wdf,4111305818,2589491420,令对手一定回合内概率无法使用物理攻击和法术
583,盘丝阵,盘丝洞,2,,40点魔法,盘丝大法|20,,,,wzife.wdf,2395356970,1769215086,提升自身的防御力
584,复苏,盘丝洞,3,,60点魔法,盘丝大法|20,,,,wzife.wdf,141266175,2870523056,解除并避免天宫封类法术的影响
585,天罗地网,盘丝洞,4,,30点魔法，攻击多人时消耗增加,移形换影|15,,,,wzife.wdf,1653509465,1457394081,每次攻击时有一定几率令对手在一定回合内无法使用物理攻击
586,天蚕丝,盘丝洞,0,,10点气血和10点魔法,移形换影|1,,,,wzife.wdf,1283246148,1806917376,平时状态下使用，可以瞬间回到自己的门派
587,姐妹同心,盘丝洞,4,,50点魔法,姊妹相随|20,,,,wzife.wdf,42398851,502149406,战斗中使用，可以减少对手的魔法值
588,瘴气,盘丝洞,4,,30点魔法×作用人数,迷情大法|120,真,,,wzife.wdf,3039047760,3862934535,临时降低对手接受治疗的效果
589,幻镜术,盘丝洞,3,,50点魔法,移形换影|120,真,,,wzife.wdf,1134668132,605963427,持续状态时会将一些法术攻击转移至对方随机队员
590,媚眼如丝,盘丝洞,2,,100点魔法,,,,,wzife.wd3,1413976393,3300168132,所有单位回合结束时减少等级*0.5的魔法值，增加实际减少魔法值*4的气血，持续4回合
591,鼓乐,盘丝洞,8,,,,,,10,wzife.wd2,0xC17A7A56,0xC17A7A56,魔音摄魂的命中率增加20%。
592,妖气,盘丝洞,8,,,,,,,wzife.wd2,0xB3956495,0xB3956495,增加武器伤害*12%的封印命中等级。
593,怜心,盘丝洞,8,,,,,,,wzife.wd2,0x38D87BEB,0x38D87BEB,姐妹同心的命中率增加12%。队伍中只有一个盘丝洞弟子时：每场战斗的第一次姐妹同心必中。
594,迷瘴,盘丝洞,8,,,,,,,wzife.wd2,0x661970E1,0x661970E1,使用含情脉脉命中目标后，吸取目标5项属性中最高项所对应的主能力4%给自己，持续5回合。
595,粘附,盘丝洞,8,,,,,,,wzife.wd2,0xD2180C25,0xD2180C25,增加武器伤害*18%的天罗地网伤害。
596,意乱,盘丝洞,8,,,,,,,wzife.wd2,0x0B95DA6D,0x0B95DA6D,使用魔音摄魂命中目标时，目标不能回复魔法值。（当与其他封印效果叠加时，回魔效果变为40%。）
597,绝殇,盘丝洞,8,,,,,,,wzife.wd2,0x72B48AE0,0x72B48AE0,被自己封印的目标在解除封印时获得的气血回复降低100%。
598,安抚,盘丝洞,8,,,,,,,wzife.wd2,0x756CE723,0x756CE723,战斗中使用药品的效果增加15%。
599,忘忧,盘丝洞,8,,,,,,,wzife.wd2,0x59ED800F,0x59ED800F,封印住目标后，每回合开始时目标损失60点魔法值，直到封印解除。若因此效果导致魔法值为0，则额外受到目标等级*3的气血伤害。
600,忘川,盘丝洞,8,,,,,,,wzife.wd2,0xBAA9AF30,0xBAA9AF30,当目标力量点大于等级*4或者魔力点大于等级*4时，含情脉脉额外增加8%的命中几率。
601,迷梦,盘丝洞,8,,,,,,,wzife.wd2,0xD713CFD8,0xD713CFD8,幻镜术可以将法术反弹两次给敌方任意目标，并且减少2个冷却回合。
602,倾情,盘丝洞,8,,,,,,,wzife.wd2,0xF28C8F12,0xF28C8F12,使用姐妹同心成功后，如果目标的魔法值为0，则有45%的几率额外施放一次含情脉脉技能。
603,情劫,盘丝洞,8,,,,,,,wzife.wd2,0x949B1634,0x949B1634,瘴气持续回合数增加3。同时带有瘴气的目标在解除瘴气时获得的气血恢复受瘴气影响。
604,脱壳,盘丝洞,8,,,,,,,wzife.wd2,0xFF0081A3,0xFF0081A3,自身所受到敌方任意持续回合≥5的负面持续性法术时，持续回合变为5回合。
605,迷意,盘丝洞,8,,,,,,,wzife.wd2,0x1A6D023E,0x1A6D023E,带有瘴气的目标受到的回魔效果降低30%。
606,结阵,盘丝洞,8,,,,,,,wzife.wd2,0x93AE3E78,0x93AE3E78,你的盘丝阵效果增加200%，但持续回合数减少3。
607,媚态,盘丝洞,8,,,,,,,wzife.wd3,0x26A40C6E,0x26A40C6E,你的勾魂、摄魄必定命中；你使用瘴气时，清除目标身上的寡欲令。
608,利刃,盘丝洞,8,,,,,,,wzife.wd2,0x8282C7D1,0x8282C7D1,对方阵营所有目标每回合结束时损失30点魔法值。
609,落花成泥,盘丝洞,4,,20点愤怒,,,,4,wzife.wd2,0x4D94B673,0x4D94B673,靡靡之音进入敌人耳际，使目标下回合彷徨不知所措、额外受到20%伤害，同时100%几率无法行动。(不受化生寺门派特色影响)。消耗:20点愤怒值。冷却回合:4回合。
610,偷龙转凤,盘丝洞,4,,80点愤怒,,,,8,wzife.wd2,0xC3BF2DE7,0xC3BF2DE7,这是集天地玄妙的大成之技，修习此技，不仅要有绝代风华的女儿身，更要有一颗玲珑剔透的七窍心。对目标施法后(可以是己方，也可以是敌方)，目标立刻损失所有魔法值，但在回合结束时会获得损失魔法值的10%，持续8回合。消耗:80点愤怒。冷却回合:8回合。(该技能为法术技能，受封印法术限制。)
611,额外能力,盘丝洞,8,,,,,,,wzife.wd2,0xA209C3C2,0xA209C3C2,学习“落花成泥”以后，每个额外的乾元丹会增加增加80点法术防御，学习“偷龙转凤”以后，每个额外的乾元丹会增加30点速度。
612,枯骨心法,无底洞,8,,,,,,,common/wzife.wdf,3947876534,3256658495,无效果
613,阴风绝章,无底洞,8,,,,,,,common/wzife.wdf,580599606,2376753741,无效果
614,鬼蛊灵蕴,无底洞,8,,,,,,,common/wzife.wdf,2137124880,642299714,按技能等级提高灵力
615,燃灯灵宝,无底洞,8,,,,,,,common/wzife.wdf,2206649654,2011054851,按技能等级提高防御力
616,地冥妙法,无底洞,8,,,,,,,common/wzife.wdf,2066772317,1202816090,无效果
617,混元神功,无底洞,8,,,,,,,common/wzife.wdf,3367413411,2065734785,按技能等级提伤害力
618,秘影迷踪,无底洞,8,,,,,,,common/wzife.wdf,4041502466,2278980523,按技能等级提高速度
619,移魂化骨,无底洞,3,,最大气血的10%,枯骨心法|20,,,,common/wzife.wdf,0x173015AE,0x121AC8D4,消耗自身气血使目标获得吸血效果，持续一定回合。
620,夺魄令,无底洞,4,,30点魔法,阴风绝章|25,,,,common/wzife.wdf,0x62221B56,0x076EA85A,令目标一定回合内无法使用法术。
621,煞气诀,无底洞,4,,50点魔法,阴风绝章|30,,,,common/wzife.wdf,0xC0504605,0x28D6DCD8,使目标一定回合无法做部分行动（禁止使用物理、法术、特技、法宝、物品），并且该目标不会受到攻击。可作用于敌人或队友，不能作用于自己。使用后2回合内降低自己的速度。
622,惊魂掌,无底洞,4,,50点魔法,阴风绝章|50,,,,common/wzife.wdf,0xC232A281,0x71307D22,使用后使对手在持续回合内无法被他人保护（天神护法、指令保护）。
623,摧心术,无底洞,4,,100点魔法,阴风绝章|120,真,,,common/wzife.wdf,0x1CC2B0B0,0xD6A5B20C,使敌方2个目标速度降低，持续一定回合
624,夺命咒,无底洞,4,,20点魔法，作用多人时消耗增加,鬼蛊灵蕴|35级,,,,common/wzife.wdf,0x2A3E7A3C,0xA9AF9E72,使用固定伤害攻击对方多个目标，目标个数=技能等级除以35+1
625,明光宝烛,无底洞,3,,100点魔法,燃灯灵宝|35级,,,,common/wzife.wdf,0x54DB6CDE,0x59D84304,使己方多人一定回合内大幅度提高防御力。
626,金身舍利,无底洞,4,,100点魔法,燃灯灵宝|120,真,,,common/wzife.wdf,0x1BE322B2,0xFE884980,使己方多人一定回合内承受的法术伤害结果减少
627,地涌金莲,无底洞,3,,50点魔法,地冥妙法|20级,,,,common/wzife.wdf,0x40FB7647,0xF437CA2F,恢复自己或者队友的气血与气血上限
628,万木凋枯,无底洞,4,,150点愤怒,地冥妙法|25级,,20,,common/wzife.wdf,0x036B4345,0xF2E06AF8,克制神木林弟子的技能
629,元阳护体,无底洞,12,,和技能等级相同的活力,混元神功|35级,,30,,common/wzife.wdf,0xABD57D92,0x2EF58426,打造后为武器提升一定的气血
630,遁地术,无底洞,0,,10点气血和10点魔法,秘影迷踪|1级,,,,common/wzife.wdf,0x1D14968A,0x34D061C7,平时状态下使用，可以瞬间回到自己的门派。
631,净土灵华,无底洞,3,,100点魔法,,,,2,wzife.wd3,1376987089,622704744,恢复一个单位所有伤势，自身受到治疗量降低7%
632,金莲,无底洞,8,,,,,,,common/wzife.wdf,0x33470573,0x33470573,地涌金莲额外作用一个目标。
633,追魂,无底洞,8,,,,,,,common/wzife.wdf,0x4345B564,0x4345B564,敏捷点数≥人物等级*2.2时，对目标使用的夺命咒伤害结果增加“枯骨心法”等级100%。你的夺魄令会封印目标的物理攻击。
634,回敬,无底洞,8,,,,,,,common/wzife.wdf,0x8E2CB1FA,0x8E2CB1FA,当前气血≤气血上限*50%时，封印命中率增加15%*（1-当前HP/最大HP）。
635,由己渡人,无底洞,3,,10%的当前气血自身气血少于最大气血10%时无法使用,,,,,common/wzife.wdf,0xDE58924A,0xDE58924A,复活—名队友，同时附加一个持续三回合的护盾。复活后恢复“地冥妙法”等级*6气血恢复“地冥妙法”等级*12的临时气血附加—个可以吸收(消耗气血+“地冥妙法”等级*4)的护盾，消耗:10%的当前气血自身气血少于最大气血10%时无法使用。
636,自愈,无底洞,8,,,,,,,common/wzife.wdf,0x4F57FF06,0x4F57FF06,地涌金莲的恢复自身的气血量增加50%。
637,陷阱,无底洞,8,,,,,,,common/wzife.wdf,0x3E7BB1D9,0x3E7BB1D9,夺魄令被解除时，自身回复自身等级*1点气血。当前气血≤气血上限*50%时，该效果额外增加200%。
638,化莲,无底洞,8,,,,,,,common/wzife.wdf,0x40FB7647,0x40FB7647,地涌金莲增加武器伤害*30%点治疗能力。队伍中只有1个无底洞弟子时，地涌金莲首目标额外恢复地冥妙法*6点气血。
639,风墙,无底洞,8,,,,,,,common/wzife.wdf,0xA35299B7,0xA35299B7,使用金蟾，同时为我方其他单位增力加消耗气血(金蜡等级*4+1)%(不超过等级*16)的护后值。
640,御兽,无底洞,8,,,,,,,common/wzife.wdf,0x4972C591,0x4972C591,自身携带的召唤兽（及孩子）进入战斗时，如果速度≥召唤兽等级*3，则增加召唤兽等级*1.6的速度。
641,精进,无底洞,8,,,,,,,common/wzife.wdf,0x3AC8DBC2,0x3AC8DBC2,明光宝烛、金身舍利效果增加200%，每回合减少40%。
642,救人,无底洞,8,,,,,,,common/wzife.wdf,0xFD01D3AD,0xFD01D3AD,明光宝烛、金身舍利作用人数固定为1且持续回合数减少2，但效果增加150%且不会被驱散。同时地涌金莲会额外作用到带有该状态的目标。
643,灵身,无底洞,8,,,,,,,common/wzife.wdf,0x90622900,0x90622900,当前气血≤气血上限*50%时，自身获得的金身舍利和明光宝烛持续回合数增加4、效果增加200%。
644,持戒,无底洞,8,,,,,,,common/wzife.wdf,0x7B3ACA53,0x7B3ACA53,惊魂掌命中率变为原先的300%（无视命中率上限），但持续回合数上限变为2回合，目标将无法受好友保护。
645,内伤,无底洞,8,,,,,,,common/wzife.wdf,0x70FDB194,0x70FDB194,夺命咒攻击目标时，对目标额外造成50+枯骨心法技能等级*150%的伤害。每场战斗的第一次夺命咒会作用多个单位，数量和攻击目标时相同。
646,反先,无底洞,8,,,,,,,common/wzife.wdf,0xFB48D5CC,0xFB48D5CC,摧心术的目标额外减少阴风绝章*40%点速度，同时减少8%封印命中率、物理暴击率、法术暴击率。
647,忍辱,无底洞,8,,,,,,,common/wzife.wdf,0xB1254F74,0xB1254F74,每当你被对方封印时，无论是否成功，都有100%概率获得15点愤怒。
648,暗潮,无底洞,8,,,,,,,wzife.wd3,0x26A40C6E,0x26A40C6E,愤怒在90以下时，每回合结束获得4点愤怒。
649,噬魂,无底洞,8,,,,,,,common/wzife.wdf,0x173015AE,0x173015AE,你的“移魂化骨”吸取生命值的40%会转化为你的生命值。
650,同舟共济,无底洞,3,,最大气血的10%当前气血需≥最大气血50%才能使用,,,,5,common/wzife.wdf,0x57365436,0x57365436,为目标队友分担伤害，持续到本回合结束。目标队友承受30%伤害，你承受30%伤害。消耗:最大气血的10%当前气血需≥最大气血50%才能使用冷却回合:5
651,妖风四起,无底洞,4,,当前气血*40%,,,,2,common/wzife.wdf,0x8295E360,0x8295E360,驱动妖风封印敌人，使其不能使用法术。持续3回合。成功率与成功率上限=夺魄令成功率+50%。该封印不能被水清、冰清、玉清、晶清解除。(对NPC时该效果无效)冷却:2回合。消耗气血:当前气血*40%。(当前气血为1时不消耗)消耗魔法:100点。
652,额外能力,无底洞,8,,,,,,,wzife.wd2,0xA209C3C2,0xA209C3C2,学习“同舟共济”以后，每个额外的乾元丹会增加增加80点法术防御，学习“妖风四起”以后，每个额外的乾元丹会增加40点封印命中等级。
653,夜战,召唤兽,7,,,,,,,wzife.wdf,0xDD5CEE60,0xeb2af42f,具备夜战能力，不受夜间攻防能力下降的影响
654,反击,召唤兽,7,,,,,,,wzife.wdf,2574462722,0x1379151c,受到物理攻击时有30%几率自动反击，反击伤害为正常伤害的50%
655,反震,召唤兽,7,,,,,,,wzife.wdf,3941065708,3754360316,受到物理攻击时有30%几率给予对方反震，反震伤害为所受伤害的25%
656,吸血,召唤兽,7,,,,,,,wzife.wdf,668285297,156592686,物理攻击时，吸取对方所掉气血的25%， 如果对方有异常状态，吸血后会中毒，攻击鬼魂类怪物时无效
657,连击,召唤兽,7,,,,,,,wzife.wdf,1161065019,834880568,45%的几率连续两次物理攻击，如果对方有反震技能，只能攻击一次
658,飞行,召唤兽,7,,,,,,,wzife.wdf,813574344,1190813269,躲避能力、物理攻击命中增加20%，但受暗器攻击时伤害会增加30%
659,隐身,召唤兽,7,,,,,,,wzife.wdf,1508147758,3007875758,自动附加地府修罗隐身法术2～3回合，拥有此技能物理攻击能力会降低20%，隐身状态下无法使用法术
660,再生,召唤兽,7,,,,,,,wzife.wdf,3287776911,2264480315,战斗中每回合自动恢复(自身等级一半)的气血
661,感知,召唤兽,7,,,,,,,wzife.wdf,3677043818,4012137980,可以破解地府的修罗隐身、女儿村的楚楚可怜法术效果
662,冥思,召唤兽,7,,,,,,,wzife.wdf,622128415,3554832714,战斗中每回合自动恢复(自身等级/4)的魔法
663,神佑复生,召唤兽,7,,,,,,,wzife.wdf,1409514751,2943632069,战斗死亡时有15%的几率复活，并恢复一半的气血，如果同时拥有鬼魂术（普通或高级），神佑复生的效果将取消
664,鬼魂术,召唤兽,7,,,,,,,wzife.wdf,813494718,4276424619,死亡5回合后自动复活，不受异常状态影响，但也不能使用药品和食物恢复气血（可以食用包子）
665,驱鬼,召唤兽,7,,,,,,,wzife.wdf,416049958,2077703648,对鬼魂类怪物的物理、法术伤害效果增加50%，如果将鬼魂类怪物打死，对方将飞出场外而不能复活
666,毒,召唤兽,7,,,,,,,wzife.wdf,142259178,3804526840,物理攻击时有15%的几率使敌人中毒，中毒后每回合减少10%的气血和5%的魔法
667,慧根,召唤兽,7,,,,,,,wzife.wdf,1457451798,3365576412,使用法术时所消耗的魔法降低为正常的75%
668,必杀,召唤兽,7,,,,,,,wzife.wdf,3789166294,1107454372,物理攻击时的必杀几率增加10%，出现必杀时伤害结果会加倍
669,幸运,召唤兽,7,,,,,,,wzife.wdf,3640080474,1085801234,不会受到必杀攻击
670,精神集中,召唤兽,7,,,,,,,wzife.wdf,4141937856,2799682055,精神集中，可以抵御封类异常状态，但自己的物理攻击效果也会降低20%
671,神迹,召唤兽,7,,,,,,,wzife.wdf,1245429649,1198707975,每回合结束时自动解除一切异常状态
672,招架,召唤兽,7,,,,,,,wzife.wdf,2387844026,3512730332,15%的几率完全躲过敌人的物理攻击
673,永恒,召唤兽,7,,,,,,,wzife.wdf,1988160424,1508625069,受到的辅助类法术效果持续回合加倍，如恢复气血、提升速度等
674,敏捷,召唤兽,7,,,,,,,wzife.wdf,3132756451,4289478506,提高自身速度的10%
675,否定信仰,召唤兽,7,,,,,,,wzife.wdf,3345212313,3002471686,不受异常、辅助效果影响，受到鬼魂类怪物攻击时伤害增加50%，不能同时拥有某些信仰类技能
676,魔之心,召唤兽,7,,,,,,,wzife.wdf,718604442,2278038627,对敌人的法术伤害效果提高10%
677,偷袭,召唤兽,7,,,,,,,wzife.wdf,3049408565,205675459,身手灵敏，不会受到反击和反震。攻击效果增加5%
678,雷击,召唤兽,4,,30点魔法,,,,,wzife.wdf,3336994935,2495588313,雷属性的攻击法术，按召唤兽等级附加一定的法术伤害
679,落岩,召唤兽,4,,30点魔法,,,,,wzife.wdf,4226735508,300977089,土属性的攻击法术，按召唤兽等级附加一定的法术伤害
680,水攻,召唤兽,4,,30点魔法,,,,,wzife.wdf,85059369,2415441344,水属性的攻击法术，按召唤兽等级附加一定的法术伤害
681,烈火,召唤兽,4,,30点魔法,,,,,wzife.wdf,2966154175,1668132272,火属性的攻击法术，按召唤兽等级附加一定的法术伤害
682,雷属性吸收,召唤兽,7,,,,,,,wzife.wdf,0xa71d860c,0xc58ca678,30%的几率免受雷属性法术伤害，并按应受伤害的大小恢复气血，吸收失败也可减少法术伤害的30%
683,土属性吸收,召唤兽,7,,,,,,,wzife.wdf,134325226,3503123353,30%的几率免受土属性法术伤害，并按应受伤害的大小恢复气血，但受到雷属性法术攻击时伤害会增加30%
684,水属性吸收,召唤兽,7,,,,,,,wzife.wdf,92545119,1756512785,30%的几率免受水属性法术伤害，并按应受伤害的大小恢复气血，但受到火属性法术攻击时伤害会增加30%
685,火属性吸收,召唤兽,7,,,,,,,wzife.wdf,4098020456,4092454521,30%的几率免受火属性法术伤害，并按应受伤害的大小恢复气血，但受到火属性法术攻击时伤害会增加30%
686,强力,召唤兽,7,,,,,,,wzife.wdf,1458903425,707555275,增加(自身等级×0.4)的攻击，如果对方有防御或高级防御技能，伤害结果会减少20%
687,防御,召唤兽,7,,,,,,,wzife.wdf,91393867,4101692183,增加(自身等级×0.6)的防御，但法术伤害能力会降低10%
688,独行,召唤兽,7,,,,,,,zdy.rpk,16777571,16777571,抵抗封印的能力提高25%
689,法术反震,召唤兽,7,,,,,,,zdy.rpk,16777572,16777572,受到法术攻击时:30%反震对方，反震伤害为你所受伤害的25%。
690,进击必杀,召唤兽,7,,,,,,,zdy.rpk,16777572,16777572,第2回合及以后进入战斗时，提升15%的必杀几率持续5回合，且遂回合减少20%效果。
691,进击法爆,召唤兽,7,,,,,,,zdy.rpk,16777573,16777573,第2回合及以后进入战斗时，提升10%6的法术暴击几率持续5回合，且逐回合臧少20%效果。
692,遗志,召唤兽,7,,,,,,,zdy.rpk,16777574,16777574,替代原召唤兽进入战斗时获得“遗志:造成伤害提升10%;井获得原召唤的“遗志”。最多两层
693,茁壮,召唤兽,7,,,,,,,zdy.rpk,0x1000311,0x1000311,提升25%最大生命值，五行为木时生效。（无法再触发神佑复生和鬼魂术）
694,真灵（火）,召唤兽,7,,,,,,,zdy.rpk,0x1000312,0x1000312,自身受到的法术伤害降低5%，五行为火时生效。
695,真灵（水） ,召唤兽,7,,,,,,,zdy.rpk,0x1000313,0x1000313,自身受到的法术伤害降低5%，五行为水时生效。
696,真灵（金）,召唤兽,7,,,,,,,zdy.rpk,0x1000314,0x1000314,自身受到的法术伤害降低5%，五行为水时生效。
697,真灵（土）,召唤兽,7,,,,,,,zdy.rpk,0x1000315,0x1000315,自身受到的法术伤害降低5%，五行为土时生效。
698,真灵（木）,召唤兽,7,,,,,,,zdy.rpk,0x1000316,0x1000316,自身受到的法术伤害降低5%，五行为木时生效。
699,健壮（火）,召唤兽,7,,,,,,,zdy.rpk,0x1000317,0x1000317,自身受到的物理伤害降低5%，五行为火时生效。
700,健壮（水）,召唤兽,7,,,,,,,zdy.rpk,0x1000318,0x1000318,自身受到的物理伤害降低5%，五行为水时生效。
701,健壮（金）,召唤兽,7,,,,,,,zdy.rpk,0x1000319,0x1000319,自身受到的物理伤害降低5%，五行为金时生效。
702,健壮（土）,召唤兽,7,,,,,,,zdy.rpk,0x1000320,0x1000320,自身受到的物理伤害降低5%，五行为土时生效。
703,健壮（木）,召唤兽,7,,,,,,,zdy.rpk,0x1000321,0x1000321,自身受到的物理伤害降低5%，五行为木时生效。
704,法术连击,召唤兽,7,,,,,,,wzife.wdf,2200246844,345682085,使用法术攻击目标时会有一定几率出现连续2次攻击敌人
705,法术暴击,召唤兽,7,,,,,,,wzife.wdf,1389982585,1108386617,使用法术攻击目标时会有一定几率使法术伤害值加倍
706,法术波动,召唤兽,7,,,,,,,wzife.wdf,762242741,267613400,使用法术攻击目标时伤害在原有伤害值基础上会有大幅度的波动
707,法术抵抗,召唤兽,7,,,,,,,wzife.wd2,0x3edd86f8,3908900845,减少10%所受的法术伤害，但同时物理伤害能力降低10%。
708,盾气,召唤兽,7,,,,,,,wzife.wd2,0x04B409B4,0x04B409B4,进入战斗后，临时提高其等级*1的防御能力（持续6回合）
709,合纵,召唤兽,7,,,,,,,common/wzife.wdf,0xA94D8FEA,0xA94D8FEA,本方每有一种与其不同的召唤兽，则提高其等级#W//5.5的物理伤害结果。同时，被封印几率增加10%
710,高级反击,召唤兽,7,,,,,,,wzife.wdf,3922527672,0x1884d50,受到物理攻击时有30%几率自动反击，反击的伤害与正常攻击相同
711,高级反震,召唤兽,7,,,,,,,wzife.wdf,1907422702,511662384,受到物理攻击时有30%几率给予对方反震，反震伤害为所受伤害的50%
712,高级夜战,召唤兽,7,,,,,,,wzife.wdf,0x3E81ECFB,0x5906a6a0,具备夜战能力，不受夜间攻防能力下降的影响，夜间躲避能力提高20%
713,高级吸血,召唤兽,7,,,,,,,wzife.wdf,1364867245,2545117654,物理攻击时，吸取对方所掉气血的30%，攻击鬼魂类怪物时无效
714,高级连击,召唤兽,7,,,,,,,wzife.wdf,1321871887,3016140514,55%的几率连续两次物理攻击，如果对方有反震技能，只能攻击一次
715,高级飞行,召唤兽,7,,,,,,,wzife.wdf,4277341965,3853120636,躲避能力增加30%、物理攻击命中增加20%
716,高级隐身,召唤兽,7,,,,,,,wzife.wdf,2491734238,2948130962,自动附加地府修罗隐身法术3～5回合，拥有此技能物理攻击能力会降低15%，隐身状态下无法使用法术
717,高级感知,召唤兽,7,,,,,,,wzife.wdf,675296013,1822711583,破解地府的修罗隐身、女儿村的楚楚可怜法术效果，躲避能力提高10%
718,高级再生,召唤兽,7,,,,,,,wzife.wdf,468221024,3809634425,战斗中每回合自动恢复气血，恢复数值与自身等级相同
719,高级冥思,召唤兽,7,,,,,,,wzife.wdf,1718714912,2174943999,战斗中每回合自动恢复(自身等级/3)的魔法
720,高级神佑复生,召唤兽,7,,,,,,,wzife.wdf,2040400078,3049938323,战斗死亡时有30%的几率复活为正常状态，如果同时拥有鬼魂术（普通或高级），神佑复生的效果将取消。
721,高级鬼魂术,召唤兽,7,,,,,,,wzife.wdf,2436724533,3547941491,死亡5回合后自动复活，不受异常状态影响
722,高级驱鬼,召唤兽,7,,,,,,,wzife.wdf,72429538,0xcbcf6be3,对鬼魂类怪物的物理、法术伤害效果加倍，如果将鬼魂类怪物打死，对方将飞出场外而不能复活
723,高级毒,召唤兽,7,,,,,,,wzife.wdf,589320553,1086230366,自身对毒免疫，物理攻击时有20%的几率使敌人中毒，中毒后每回合减少10%的气血和5%的魔法
724,高级慧根,召唤兽,7,,,,,,,wzife.wdf,242180125,4174265955,使用法术时所消耗的魔法降低为正常的50%
725,高级必杀,召唤兽,7,,,,,,,wzife.wdf,1672890477,1282412196,物理攻击时的必杀几率增加20%，出现必杀时伤害结果会加倍
726,高级幸运,召唤兽,7,,,,,,,wzife.wdf,1781077356,481753720,不会受到必杀攻击，并有5%几率躲避敌人的法术攻击
727,高级精神集中,召唤兽,7,,,,,,,wzife.wdf,3121640283,0x8eb9b230,精神集中，可以抵御封类异常状态，躲避力提高10%，但物理攻击能力会降低20%
728,高级神迹,召唤兽,7,,,,,,,wzife.wdf,705701591,4235295997,不受除日月乾坤外的所有异常状态影响
729,高级招架,召唤兽,7,,,,,,,wzife.wdf,450878763,1018872745,20%的几率完全躲过敌人的物理攻击
730,高级永恒,召唤兽,7,,,,,,,wzife.wdf,4168001168,3963828674,受到的辅助类法术效果持续回合数×4
731,高级敏捷,召唤兽,7,,,,,,,wzife.wdf,1248152147,2061355872,提升自身速度的20%
732,高级否定信仰,召唤兽,7,,,,,,,wzife.wdf,484689261,2449787202,不受异常、辅助效果影响，受法术伤害减少20%，受到鬼魂类怪物攻击时伤害增加50%，不能同时拥有某些信仰类技能
733,高级魔之心,召唤兽,7,,,,,,,wzife.wdf,2586072698,2875710379,对敌人的法术伤害效果提高20%
734,高级偷袭,召唤兽,7,,,,,,,wzife.wdf,4012815828,1555617599,身手灵敏，不会受到反击和反震，物理攻击效果提高10%
735,奔雷咒,召唤兽,4,,作用人数*30点魔法,,,,,wzife.wdf,2858620755,3666293224,雷属性的攻击法术，按召唤兽等级附加一定的法术伤害，攻击人数为(自身等级/30+1)，最多为3人
736,泰山压顶,召唤兽,4,,作用人数*30点魔法,,,,,wzife.wdf,463605150,0xfd4bcb54,土属性的攻击法术，按召唤兽等级附加一定的法术伤害，攻击人数为(自身等级除以30+1)，最多为3人
737,水漫金山,召唤兽,4,,作用人数*30点魔法,,,,,wzife.wdf,2637597442,3867686033,水属性的攻击法术，按召唤兽等级附加一定的法术伤害，攻击人数为(自身等级除以30+1)，最多为3人
738,地狱烈火,召唤兽,4,,作用人数*30点魔法,,,,,wzife.wdf,4223394612,3042874244,火属性的攻击法术，按召唤兽等级附加一定的法术伤害，攻击人数为(自身等级除以30+1)，最多为3人
739,高级雷属性吸收,召唤兽,7,,,,,,,wzife.wdf,1654409054,119787649,30%的几率免受雷属性法术伤害，并按应受伤害的大小恢复气血，吸收失败也可减少法术伤害的30%
740,高级土属性吸收,召唤兽,7,,,,,,,wzife.wdf,2639364118,751839372,30%的几率免受土属性法术伤害，并按应受伤害的大小恢复气血，吸收失败也可减少法术伤害的30%
741,高级水属性吸收,召唤兽,7,,,,,,,wzife.wdf,2532360260,1312179231,30%的几率免受水属性法术伤害，并按应受伤害的大小恢复气血，吸收失败也可减少法术伤害的30%
742,高级火属性吸收,召唤兽,7,,,,,,,wzife.wdf,2898051336,1343324785,30%的几率免受火属性法术伤害，并按应受伤害的大小恢复气血，吸收失败也可减少法术伤害的30%
743,高级强力,召唤兽,7,,,,,,,wzife.wdf,3563500497,2177485118,增加(自身等级×0.715)的攻击，如果对方有防御或高级防御技能，伤害结果会减少20%
744,高级防御,召唤兽,7,,,,,,,wzife.wdf,1616189465,3783015310,增加(自身等级×0.8)的防御，但法术伤害能力会降低10%
745,高级独行,召唤兽,7,,,,,,,zdy.rpk,16777575,16777575,抵抗封印的能力提高40%
746,高级法术反震,召唤兽,7,,,,,,,zdy.rpk,16777577,16777577,受到法术攻击时:30%反震对方，反震伤害为你所受伤害的50%;
747,高级进击必杀,召唤兽,2,,,,,,,zdy.rpk,16777577,16777577,第2回合及以后进入战斗时，提升30%的必杀几率持续5回合，且遂回合减少20%效果。
748,高级进击法爆,召唤兽,2,,,,,,,zdy.rpk,16777576,16777576,第2回合及以后进入战斗时，提升20%的法术暴击几率持续5回合，且逐回合臧少20%效果。
749,高级遗志,召唤兽,7,,,,,,,zdy.rpk,16777584,16777584,替代原召唤兽进入战斗时获得“遗志:造成伤害提升20%;井获得原召唤的“遗志”。最多两层
750,欣欣向荣,召唤兽,7,,,,,,,zdy.rpk,0x1000327,0x1000327,提升40%最大生命值，五行为木时生效。（无法再触发神佑复生和鬼魂术）
751,万物之灵（火）,召唤兽,7,,,,,,,zdy.rpk,0x1000328,0x1000328,自身法术伤害结果提升5%，受到的法术伤害降低5%，五行为火时生效。
752,万物之灵（水） ,召唤兽,7,,,,,,,zdy.rpk,0x1000329,0x1000329,自身法术伤害结果提升5%，受到的法术伤害降低5%，五行为水时生效。
753,万物之灵（金）,召唤兽,7,,,,,,,zdy.rpk,0x1000330,0x1000330,自身法术伤害结果提升5%，受到的法术伤害降低5%，五行为水时生效。
754,万物之灵（土）,召唤兽,7,,,,,,,zdy.rpk,0x1000331,0x1000331,自身法术伤害结果提升5%，受到的法术伤害降低5%，五行为土时生效。
755,万物之灵（木）,召唤兽,7,,,,,,,zdy.rpk,0x1000332,0x1000332,自身法术伤害结果提升5%，受到的法术伤害降低5%，五行为木时生效。
756,力大无穷（火）,召唤兽,7,,,,,,,zdy.rpk,0x1000333,0x1000333,自身物理伤害结果提升5%，受到的物理伤害降低5%，五行为火时生效。
757,力大无穷（水）,召唤兽,7,,,,,,,zdy.rpk,0x1000334,0x1000334,自身物理伤害结果提升5%，受到的物理伤害降低5%，五行为水时生效。
758,力大无穷（金）,召唤兽,7,,,,,,,zdy.rpk,0x1000335,0x1000335,自身物理伤害结果提升5%，受到的物理伤害降低5%，五行为金时生效。
759,力大无穷（土）,召唤兽,7,,,,,,,zdy.rpk,0x1000336,0x1000336,自身物理伤害结果提升5%，受到的物理伤害降低5%，五行为土时生效。
760,力大无穷（木）,召唤兽,7,,,,,,,zdy.rpk,0x1000340,0x1000340,自身物理伤害结果提升5%，受到的物理伤害降低5%，五行为木时生效。
761,高级法术连击,召唤兽,7,,,,,,,wzife.wdf,3484714916,1890987017,使用法术攻击目标时会有较大几率出现连续2次攻击敌人
762,高级法术暴击,召唤兽,7,,,,,,,wzife.wdf,2071863113,1628140681,使用法术攻击目标时会有较大几率使法术伤害值加倍
763,高级法术波动,召唤兽,7,,,,,,,wzife.wdf,2322584044,3668919080,使用法术攻击目标时伤害在原有伤害值基础上会有较大幅度的上下波动
764,高级法术抵抗,召唤兽,7,,,,,,,wzife.wd2,3908900845,3908900845,减少10%所受的法术伤害，但同时物理伤害能力降低10%。
765,高级盾气,召唤兽,7,,,,,,,wzife.wd2,0x8EC237B5,0x8EC237B5,进入战斗后，则提高其等级*2的防御能力（持续6回合）
766,高级合纵,召唤兽,7,,,,,,,common/wzife.wdf,0x4EAD21FF,0x4EAD21FF,本方每有一种与其不同的召唤兽，则提高其等级#W//4的物理伤害结果。同时，被封印几率增加10%
767,观照万象,召唤兽,4,,,,,,,zdy.rpk,16777591,16777591,使用所有的主动技能进攻目标，冷却回合数150，回合数10可以使用。只有谛听可拥有此技能使用的主动技能不包含认证技能
768,出其不意,召唤兽,7,,,,,,,zdy.rpk,16777590,16777590,使用本回合己方召唤兽末使用过的技能时，造成的伤害结果提升15%
769,势如破竹,召唤兽,7,,,,,,,zdy.rpk,16777589,16777589,物理攻击时，保护的单位分担伤害减少30%
770,无赦魔诀,召唤兽,7,,,,,,,zdy.rpk,0x1000322,0x1000322,攻击的目标触发神佑复生、高级神佑复生时，降低其20%的最大气血值，持续到战斗结束。
771,风起龙游,召唤兽,7,,,,,,,zdy.rpk,0x1000323,0x1000323,攻击速度低于自身的目标，提升10%的伤害效果。龙族召唤兽携带生效
772,薪火相传,召唤兽,7,,,,,,,zdy.rpk,0x1000324,0x1000324,替换其他召唤兽出场时，被替换召唤兽的当前气血将转化为护盾。（仅凤族召唤兽携带生效）
773,招财进宝,召唤兽,7,,,,,,,zdy.rpk,0x1000325,0x1000325,物理攻击时，较小几率出现一个元宝，额外造成大量伤害。
774,洞察,召唤兽,7,,,,,,,zdy.rpk,0x1000326,0x1000326,物理攻击时，随机侦查一名对方单位气血。（仅对怪物战斗有效）
775,花好月圆,召唤兽,7,,,,,,,zdy.rpk,0x1000326,0x1000326,每回合结束时，有25%几率增添自身颜色并恢复自身等级×8气血。
776,乘胜追击,召唤兽,7,,,,,,,zdy.rpk,16777588,16777588,普通攻击或连击达到4次时，额外攻击敌人2次。(额外攻击的伤害结果降低60%)
777,凭风借力,召唤兽,7,,,,,,,zdy.rpk,16777587,16777587,每次物理攻击提升必杀时12.5%的总伤害结果。(最多4层，在触发必杀时清空)
778,顾盼生姿,召唤兽,7,,,,,,,zdy.rpk,16777586,16777586,每次使用主动技能，提升主人0.5等级的封印命中等级。(最多4层，在主人封印成功时清空)
779,拘魂索命,召唤兽,7,,,,,,,zdy.rpk,16777585,16777585,使用法术或法术连击达到4次时，对气血百分比最低的数人额外释放1次法术(额外皮法术的伤害结果隆低20%)
780,惊心一剑,召唤兽,4,,每次使用消耗自己等级/2+10的魔法值,,,,,wzife.wdf,472040976,376561149,以物理攻击重创对手的气血及魔法
781,死亡召唤,召唤兽,4,,目标等级+10的魔法值,,,,,wzife.wdf,1218594609,4279125360,给予对手巨大的伤害，并且使对手处于死亡禁锢状态下，该状态存在时使鬼魂术无效并且不能使用药品进行复活。
782,上古灵符,召唤兽,4,,自身等级/3+30的魔法,,,,,wzife.wdf,0xAA1341AF,0xada2838b,随机施展冰冻(水属性法术，降低对手气血，一定几率令对手停止行动1回合)、流沙(土属性法术，降低对手气血，一定几率降低对手10%愤怒)、心火(火属性法术，降低对手气血，一定几率降低对手上限5%的魔法)、怒雷(雷属性法术，降低对手气血)
783,善恶有报,召唤兽,4,,召唤兽自身等级+10点魔法,,,,,wzife.wdf,641427651,1898344999,攻击时有一定几率给予对手造成双倍的伤害，也有可能为对方恢复一定气血
784,力劈华山,召唤兽,4,,召唤兽自身等级+20的魔法,,,,,wzife.wdf,3633016146,2223068576,无视对方的防御使对方造成巨大的伤害
785,夜舞倾城,召唤兽,4,,召唤兽等级/2+50点魔法,,,,,wzife.wdf,387579012,1832394806,按自身力量点*1.5对对方造成伤害。（对玩家目标使用时效果减半）
786,法术防御,召唤兽,2,,召唤兽自身等级/2+50的魔法,,,,,wzife.wdf,0x3543B96C,0x2513128B,极强的法术防御技能。可以防御法术攻击，减少60%的法术伤害，但无法防御物理攻击。效果可以持续4回合
787,八凶法阵,召唤兽,4,,召唤兽自身等级/2+50的魔法,,,,,wzife.wdf,0x6DA1FE04,0xF2093660,发动火焰法术同时攻击3个敌人，可能造成目标攻击、防御、灵力或速度诅咒降低。诅咒效果为:红色减你害力，黄色减防御，蓝色减灵力，白色减速度。
788,壁垒击破,召唤兽,4,,召唤兽自身等级+10点魔法,,,,,wzife.wd1,0xF1D5925A,0xF1D5925A,忽视防御的攻击。攻击的目标防御，则会受到更大伤害。用此技能攻击时，会忽视“高级防御”和“防御”这两个召唤兽技能产生的技能效果。
789,嗜血追击,召唤兽,7,,,,,,,wzife.wd1,3287596045,3287596045,使用物理攻击击倒目标时，会继续攻击另一个目标一次。此效果每回合只会触发一次
790,剑荡四方,召唤兽,4,,自身当前HP(气)×10%,,,,,wzife.wd1,1668746823,1668746823,使用时可攻击多人。指定的目标受到一定伤害，并造成其他任意两个目标少量伤害。
791,移花接木,召唤兽,7,,,,,,,wzife.wd1,0x5886F7D3,0x5886F7D3,可以躲避暗器伤害，并按应受伤害的30%恢复HP
792,龙魂,召唤兽,7,,,,,,,wzife.wd2,0x230CEC5B,0x230CEC5B,每成功使用3次法术，都可以临时增加自身法术伤害（效果可持续2回合，成功使用法术后状态消失）
793,苍鸾怒击,召唤兽,7,,,,,,,common/wzife.wdf,3329378845,0x5b1edf87,普通物理攻击发生必杀或连击时，临时提升10%伤害力随机攻击另一个目标，每回合最多触发一次。
794,狂莽一击,召唤兽,7,,,,,,,common/wzife.wdf,0xE52A8168,0xE52A8168,技能物理伤害结果提升，但攻击时可能发生偏差。
795,浮云神马,召唤兽,7,,,,,,,common/wzife.wdf,0xE52A8168,0xE52A8168,在场时，提高自身及主人10%速度，最多持续5回合。
796,须弥真言,召唤兽,7,,,,,,,wzife.wd3,0x4bb2cd64,0x5143366c,增加魔力*0.4的法术伤害力
797,千钧一怒,召唤兽,7,,,,,,,wzife.wdf,0xFF01A989,0x7ABA738A,普通物理攻击造成的伤害≥目标气血上限*10%时，使自己主人获得10点愤怒。
798,天降灵葫,召唤兽,4,,,,,,,wzife.wd2,0x5bcbb249,0x5bcbb249,施法召唤葫芦攻击敌人，至于具体是是怎样的葫产呃，没人能事先和道
799,大快朵颐,召唤兽,7,,,,,,,common/wzife.wdf,0x4e3c17e0,0x4e3c17e0,出手前有一定几率触发，大大提升几率性技能(连击，必杀)的触发几率。
800,月光,召唤兽,4,,100点魔法,,,,,wzife.wdf,0xcb238cfe,0x4bfd5ce,召唤数道月光攻击敌人，同一个人可以被多道月光攻击。
801,无畏布施,召唤兽,3,,自身等级/2+50,,,,,common/wzife.wdf,902068984,3212547894,增加目标的防御、法防，但会降低自身的防御、法防。
802,从天而降,召唤兽,7,,,,,,,wzife.wdf,0x7fff65b8,0xb6116591,利用体重的优势碾压敌人。
803,灵山禅语,召唤兽,7,,,,,,,common/wzife.wdf,3754689251,2265863757,增加自身等级*成长的法防
804,食指大动,召唤兽,4,,,,,,,zdy.rpk,16777608,16777608,召唤随机种类的水果攻击敌人。不同的水果味道不一，效果自然各具特色。
805,理直气壮,召唤兽,7,,,,,,,zdy.rpk,0x1000184,0x1000184,普通攻击时：有40%几率攻击3次
806,叱诧风云,召唤兽,4,,,,,,,zdy.rpk,16777607,16777607,水系法术攻击目标和两个随机目标，提高法术连击的伤害法术连击可重复触发。
807,津津有味,召唤兽,7,,,,,,,zdy.rpk,16777606,16777606,每回合吞掉主人的一个包子，提升暴击几率和暴击伤害倍率。
808,净台妙谛,召唤兽,7,,,,,,,zdy.rpk,16777605,16777605,增加自身体质*成长*2的气血。“静听妙谛，腾云护身。
809,凝光炼彩,召唤兽,7,,,,,,,zdy.rpk,16777602,16777602,受伤时有25%概率获得护盾，护盾值为所受伤害的50%。
810,流沙轻音,召唤兽,4,,,,,,,zdy.rpk,16777601,16777601,发动法术攻击多个目标，伤害按五声音阶递攻击人数=自身等级20，最少1人，最多5人。
811,昼伏夜出,召唤兽,7,,,,,,,zdy.rpk,16777600,16777600,夜间物理伤害效果不会减少并提高10%躲避率增加10%
812,神出鬼没,召唤兽,7,,,,,,,zdy.rpk,16777593,16777593,进入战斗后获得修罗隐身状态2-3回合;隐身状态下伤害效果提高10%，躲避率增加10%
813,溜之大吉,召唤兽,7,,,,,,,zdy.rpk,16777592,16777592,自身速段提高20%，躲避率增加10%
814,焚天陨火,召唤兽,7,,,,,,,zdy.rpk,0x1000343,0x1000344,每次物理攻击获得一点劫火，获得第三点时，额外触发一次法术攻击;攻击人数-自身等级/30，最多3人。
815,神来气旺,召唤兽,7,,,,,,,zdy.rpk,0x1000343,0x1000344,使用“地狱烈火”时:初始目标伤害提高;作用目标数每回合有50%概率+1，可叠加，成功触发后概率递减。
816,北冥之渊,召唤兽,3,,,,,,,zdy.rpk,0x1000343,0x1000344,令友方所有召唤兽的攻击五行变为水，水属性攻击五行的召唤兽造成伤害提升30%，持续1回合。冷却150回合。
817,逍遥游,召唤兽,7,,,,,,,zdy.rpk,0x1000349,0x1000350,提升自身20%速度，受到的物理/法术伤害暴击倍率降低50%且每回合首次受到的物法伤害降低20%。第二回合后进场时，100%对血量百分比最低的单位使用水击三千/扶摇万里;如出场时，场上没有“超级鲲鹏”，则出场伤害提升150%。
818,水击三千,召唤兽,4,,,,,,,zdy.rpk,0x1000347,0x1000348,临时提升物理伤害结果和暴击倍率进行一次物理攻击。
819,扶摇万里,召唤兽,4,,,,,,,zdy.rpk,0x1000345,0x1000346,法术攻击多个目标，按等级附加一定的法术伤害攻击人数=自身等级/15+1，最多10人。
820,灵能激发,召唤兽,7,,,,,,,wzife.wd1,0x400FF62B,0x0DB9B664,进入战斗后，临时提高自己的法术伤害能力。（法力点数越高效果越好，持续5回合）
821,法力陷阱,召唤兽,7,,,,,,,common/wzife.wdf,2281450634,2281450634,召唤一个法力陷阱，持续到本回合结束。每个召唤进场的敌人都会触发陷阱，并损失大量MP和少量HP。但若从未触发，则自己损失大量HP。（同时自己物理、法术伤害能力减少5%，同队同时只能召唤1个陷阱
822,弱点雷,召唤兽,7,,,,,,,wzife.wdf,2886112942,2605672758,弱点为雷，受到雷属性法术攻击时伤害增加50%
823,弱点土,召唤兽,7,,,,,,,wzife.wdf,2234852568,910396241,弱点为土，受到土属性法术攻击时伤害增加50%
824,弱点水,召唤兽,7,,,,,,,wzife.wdf,803997825,1114088245,弱点为水，受到水属性法术攻击时伤害增加50%
825,弱点火,召唤兽,7,,,,,,,wzife.wdf,1546100078,4005696838,弱点为火，受到火属性法术攻击时伤害增加50%
826,迟钝,召唤兽,7,,,,,,,wzife.wdf,2619272788,274661895,天生行动缓慢，速度效果会降低20%
827,追亡逐北,召唤兽,4,,,,,,,wzife.wd2,0x265a1cbd,0x2d3c1167,向目标进行多次物理攻击（可触发隔山打牛内丹）。
828,三头六臂,召唤兽,4,,,,,,,wzife.wd2,0x98b357,0x98aa4469,同时对几个对手进行物理攻击（可触发隔山打牛内丹）。
829,牛气冲天,召唤兽,7,,,,,,,wzife.wd2,0xd8bc8434,0x14d56204,有几率释放神牛蹈火
830,神牛蹈火,召唤兽,2,,,,,,,wzife.wd2,0xf6bf6526,0x7853523f,变幻烈火牛真身，在变身期间能对多个对手同时进行攻击。
831,后发制人,子女,4,,当前气血10%,,,,,wzife.wdf,0x3a9eea33,3103180357,休息一回合后，临时提高攻击伤害和速度自动攻击目标，消耗:当前气血的10%
832,针灸,子女,3,,等级+5的魔法,,,,,wzife.wdf,3934208876,3806528554,恢复队友的气血
833,楚楚可怜,子女,2,,等级+5的魔法,,,,,wzife.wdf,2733536938,3641489048,停止行动并保护自己免受伤害
834,定身符,子女,4,,等级/2+10的魔法,,,,,wzife.wdf,74020856,0x4bae1a21,令对手无法施展物理攻击
835,天雷斩,子女,4,,50点魔法,,,,,wzife.wdf,1574496587,539518506,重击敌人，并降低其灵力
836,杨柳甘露,子女,3,,150点魔法,,,,,wzife.wdf,3948419042,1942192760,救活死去的队友
837,龙卷雨击,子女,4,,作用人数*20点魔法,,,,,wzife.wdf,2475354629,0x779484c0,攻击性法术，可攻击多人
838,烟雨剑法,子女,4,,50点魔法,,,,,wzife.wdf,1466025569,1634807266,连续两次攻击对手
839,极度疯狂,子女,2,,30点魔法,,,,,wzife.wdf,3595846396,83457587,受到物理攻击时自动反击
840,三味真火,子女,4,,30点魔法,,,,,wzife.wdf,1582861976,0xf01501b2,攻击性法术，攻击单人
841,修罗隐身,子女,2,,30点魔法,,,,,wzife.wdf,1845639026,2002401788,战斗中隐藏自己的身形，白天才可用
842,勾魂,子女,4,,30点魔法,,,,,wzife.wdf,2020340816,3559866648,吸取对方的气血补充给自己
843,潜力激发,子女,2,,(等级/3)×2+5点魔法,,,,,wzife.wdf,0x8af6541d,0x9bbdc4e9,临时提高自己的伤害力、防御力和速度
844,治疗,子女,3,,30点魔法,,,,,wzife.wdf,0x86e4409f,0xc8337450,恢复自己或同伴的气血并治疗伤势
845,还魂咒,子女,3,,100点魔法/次,,,,,wzife.wdf,0x987b0eee,0xbd55f590,救活死去的队友
846,蚩尤之搏,子女,4,,50点魔法,,,,,wzife.wdf,791459990,0xa8bbce9f,忽视对方30的防御进行攻击
847,金刚护体,子女,3,,30点魔法,,,,,wzife.wdf,3373270632,0x4914ef38,时增加目标的防御。使用条件:等级≥80
848,百毒不侵,子女,3,,30点魔法,,,,,wzife.wdf,0x13318204,0x5fae6abf,使目标避免中毒。使用条件:等级≥80
849,五雷咒,子女,4,,30点魔法,,,,,wzife.wdf,3944942841,2142901359,攻击性法术，可攻击单人。使用条件:等级≥80
850,知己知彼,子女,4,,50点魔法,,,,,wzife.wdf,3305618620,2822489006,可查看目标的具体信息。使用条件:等级≥80
851,五行法术,子女,4,,50点魔法,,,,,wzife.wdf,0xa86a02eb,0xd50b1872,攻击性法术，可攻击单人。使用条件:等级≥80
852,龙腾,子女,4,,50点魔法,,,,,wzife.wdf,3624604778,868553018,攻击性法术，可攻击单人。使用条件:等级≥80
853,炼气化神,子女,3,,30点气血,,,,,wzife.wdf,0xe9cdcfd,0xb077fe13,使目标每回合恢复一定的魔法值。使用条件:等级≥80
854,威慑,子女,4,,20点魔法,,,,,wzife.wdf,2704780255,2331186926,使用后可以压制召唤兽。使用条件:等级≥80
855,飞沙走石,子女,4,,作用人数*20点魔法,,,,,wzife.wdf,3889225756,867595182,攻击性法术，可攻击多人。使用条件:等级≥80
856,幽冥鬼眼,子女,4,,30点气血,,,,,wzife.wdf,1028611600,0x87cbdc56,使目标可以看到隐身的鬼魅。使用条件:等级≥80
857,姐妹同心,子女,4,,50点魔法,,,,,wzife.wdf,1953990529,1403995919,减少对手的魔法值。使用条件:等级≥80
858,杀气诀,子女,2,,30点气血,,,,,wzife.wdf,154611339,1094328641,可提高自己的伤害力。使用条件:等级≥80
859,仙人指路,子女,3,,50点魔法,,,,,wzife.wd2,2403051314,1823684018,恢复目标队友的HP，并在回合结束时解除其封类异常状态
860,峰回路转,子女,108,,,,,,,wzife.wd2,193326389,193326389,当携带此技能的孩子在第5回合及以后进场，则立即为全体队友恢复HP。
861,四面埋伏,子女,3,,50点魔法,,,,3,wzife.wd2,3805139411,1799071953,使目标队友获得封印法术命中率提高的效果， 持续4回合。冷却3回合。
862,千锤百炼,子女,108,,,,,,,wzife.wd2,2601256007,2601256007,大幅度提高HP，大幅度提高防御能力。（受悟性、等级影响）
863,赴汤蹈火,子女,108,,,,,,,wzife.wd2,498794492,498794492,大幅度提高HP，大幅度提高法术防御能力。（受悟性、等级影响）
864,雾杀,子女,108,,,,,,,common/wzife.wdf,0xdbdfe1d,0x7ccd4a08,对单个目标造成持续固定伤害。持续2回合，对NPC伤害加倍。
865,蜜润,子女,108,,,,,,,common/wzife.wdf,0x2fac40e2,0x719d5f8e,提升目标队友法术伤害结果。持续4回合。使用条件:等级≥80
866,裂石,子女,108,,,,,,,common/wzife.wdf,0xe02c7382,0xdfa2dd0f,发动物理攻击敌人，并略提高必杀几率。
867,不动如山,子女,108,,,,,,,common/wzife.wdf,0xcf1ce630,0xa5c7be1,自己受到的物理、法术伤害减少20%。持续2回合.使用条件:等级≥80
868,地涌金莲,子女,108,,,,,,,common/wzife.wdf,0x81c0aa4,0x4b18a265,恢复单个目标队友的气血
869,金身舍利,子女,108,,,,,,,common/wzife.wdf,0xffd44324,0x5c67b5cd,提升目标队友法术防御能力。持续4回合。使用条件:等级≥80
870,开门见山,子女,108,,,,,,,wzife.wd2,1860385343,1860385343,提高物理攻击结果、提高HP上限，并在进场后立即普通攻击一个未催眠之敌。
871,张弛有道,子女,108,,,,,,,wzife.wd2,3697992326,3331072259,每回合结束时，都获得1层秘法能量。
872,气疗术,特技,3,,30点愤怒,,,,,wzife.wdf,0xa71dee7,0x35f72f87,恢复（上限3%+200）的气血，对单人使用
873,心疗术,特技,3,,60点愤怒,,,,,wzife.wdf,1936940204,4247881671,恢复（上限6%+400）的气血，对单人使用
874,命疗术,特技,3,,90点愤怒,,,,,wzife.wdf,2327070966,1214582243,恢复（上限9%+600）的气血，对单人使用
875,凝气诀,特技,3,,60点愤怒,,,,,wzife.wdf,2234398453,4231419592,恢复上限（15%+200）的魔法，对单人使用
876,凝神诀,特技,3,,90点愤怒,,,,,wzife.wdf,3010398248,3594183195,恢复上限（15%+400）的魔法，对单人使用
877,气归术,特技,2,,30点愤怒,,,,,wzife.wdf,1743955726,1501636093,自身恢复四分之一的气血
878,命归术,特技,2,,120点愤怒,,,,,wzife.wdf,2585363944,1305176222,自身恢复二分之一的气血
879,四海升平,特技,2,,135点愤怒,,,,,wzife.wdf,2015850288,2239024625,全体恢复四分之一的气血
880,回魂咒,特技,3,,100点愤怒,,,,,wzife.wdf,3815030652,2541979797,单体复活
881,起死回生,特技,3,,120点愤怒,,,,,wzife.wdf,2205777788,3279499363,单体复活并恢复二分之一的气血
882,水清诀,特技,3,,50点愤怒,,,,,wzife.wdf,1988393110,2231990553,单体解除异常状态
883,冰清诀,特技,3,,100点愤怒,,,,,wzife.wdf,4269368884,994373130,单体解除异常状态并恢复四分之一的气血
884,玉清诀,特技,3,,125点愤怒,,,,,wzife.wdf,2317466220,1064948127,全体解除异常状态
885,晶清诀,特技,3,,150点愤怒,,,,,wzife.wdf,4162645482,2183757094,全体解除异常状态并恢复四分之一的气血
886,诅咒之伤,特技,4,,40点愤怒,,,,,wzife.wdf,0x6344d17a,0x1ffc5c36,减少敌方单人当前20%的HP;
887,诅咒之亡,特技,4,,40点愤怒,,,,,wzife.wdf,0x66d173c9,0x3df530e,减少敌方单人当前20%的MP;
888,笑里藏刀,特技,4,,40点愤怒,,,,,wzife.wdf,0x17d8a907,0x97a6b22c,减少敌方单人70点愤怒值 
889,绝幻魔音,特技,4,,60点愤怒,,,,,wzife.wdf,0x480a8a7d,0x172ae1e0,一定几率令对手在5回合内使用法术和特技的消耗增加。 
890,野兽之力,特技,3,,40点愤怒,,,,,wzife.wdf,1101171654,3074786323,提升队友的伤害力，效果持续到战斗结束
891,魔兽之印,特技,2,,70点愤怒,,,,,wzife.wdf,0x6c8d9d7e,0xf77f8f63,提升我方全体的伤害力，效果持续到战斗结束
892,光辉之甲,特技,3,,40点愤怒,,,,,wzife.wdf,0x85849b5b,0xa7bb3439,提升队友的防御，效果持续到战斗结束
893,圣灵之甲,特技,2,,80点愤怒,,,,,wzife.wdf,0x185c7768,0xa767cfab,提升我方全体的防御，效果持续到战斗结束
894,流云诀,特技,3,,40点愤怒,,,,,wzife.wdf,0x9715fa32,0xa85146a6,提升队友的速度，效果持续到战斗结束
895,啸风诀,特技,2,,80点愤怒,,,,,wzife.wdf,0x6812f03b,0x96370902,全体队友速度上升，效果持续到战斗结束
896,太极护法,特技,3,,90点愤怒,,,,,wzife.wdf,0xca17d132,0x3ca34035,受到的法术伤害减半，效果为3回合
897,罗汉金钟,特技,2,,150点愤怒,,,,,wzife.wdf,0x61f085f4,0xcc019475,全体队友受到的法术伤害减半，效果为3回合
898,修罗咒,特技,2,,120点愤怒,,,,,wzife.wdf,0xa0830d94,0x14ff0c1f,受到攻击时，将伤害的一半反作用给对方（作用于多人的群秒法术也有效)，效果持续6回合(每次反弹不超过人物等级×8)
899,天衣无缝,特技,2,,80点愤怒,,,,,wzife.wdf,0x68f4fe2b,0x76f6dd9e,5回合内敌人对自己使用的法术有一定几率失效
900,放下屠刀,特技,4,,30点愤怒,,,,,wzife.wdf,3659778884,441260658,降低敌人的物理攻击力，效果持续到战斗结束
901,河东狮吼,特技,4,,100点愤怒,,,,,wzife.wdf,4154480125,1389260370,降低敌方全体的物理攻击力，效果持续到战斗结束
902,破甲术,特技,4,,35点愤怒,,,,,wzife.wdf,1415639395,752055472,降低敌人的物理防御力，效果持续到战斗结束
903,碎甲术,特技,4,,80点愤怒,,,,,wzife.wdf,0xb428bbe7,0x60ec3ced,降低敌方全体的物理防御力，效果持续到战斗结束
904,凝滞术,特技,4,,35点愤怒,,,,,wzife.wdf,0x8ff3db32,0x264d9ac8,降低敌人的速度，效果持续到战斗结束
905,停陷术,特技,4,,80点愤怒,,,,,wzife.wdf,0x79619181,0x5e68270e,降低敌方全体的速度，效果持续到战斗结束
906,破血狂攻,特技,4,,50点愤怒,,,,,wzife.wdf,4254723553,326320655,狂性大发，可以连续攻击两次
907,弱点击破,特技,4,,50点愤怒,,,,,wzife.wdf,4136547665,2136234800,以临时提高伤害力攻击对手，适于对付防御高者
908,吸血,特技,4,,70点愤怒,,,,,wzife.wdf,0x59dbd730,0x896aaeed,吸取对方当前20%的HP，不能对怪物BOSS使用
909,残月,特技,4,,100点愤怒,,,,,wzife.wdf,0xb1392bc1,0x8a479938,吸取对方当前30%的MP，不能对怪物BOSS使用
910,冥王暴杀,特技,4,,60点愤怒,,,,,wzife.wdf,0x77a7c11e,0x51522bbb,减少对方气血，最小伤害为50
911,乾坤斩,特技,4,,100点愤怒,,,,,wzife.wdf,0x356e1001,0xf572dab6,可以攻击对方多人，最小伤害为50
912,破碎无双,特技,4,,80点愤怒,,,,,wzife.wdf,0x1d81410e,0xcc73c4ce,物理攻击敌人，并减少对方和HP损失相同的MP
913,帝释无双,特技,4,,70点愤怒,,,,,wzife.wdf,0xcd0b7124,0x4607a98e,减少对方一定量的HP及MP，效果受对方魔法属性影响
914,伽罗无双,特技,4,,100点愤怒,,,,,wzife.wdf,0x76fda5ac,0xd339140a,减少对方全体一定量的HP及MP，效果受对方魔法属性影响
915,虚空之刃,特技,4,,80点愤怒,,,,,wzife.wdf,0xfb726757,0xa3d648b0,减少对方一定量的HP及MP，效果受自己力量属性影响
916,亡灵之刃,特技,4,,110点愤怒,,,,,wzife.wdf,0x44670c7,0x230af78c,减少对方全体一定量的HP及MP，效果受对方力量属性影响;
917,死亡之音,特技,4,,110点愤怒,,,,,wzife.wdf,0x613b61a6,0x17c3ef40,令敌全体队员各有一定几率处于某种异常状态
918,身似菩提,特技,2,,130点愤怒,,,,,wzife.wdf,0x7635e819,0x9908b56e,将自己受到的法术反作用给施法者（针对某些特殊情况下无效），效果持续两回合
919,心如明镜,特技,2,,100点愤怒,,,,,wzife.wdf,0xc352da37,0xcb65301d,抵御一切异常类、辅助类附加效果，效果持续四回合
920,慈航普度,特技,2,,150点愤怒,,,,,wzife.wdf,0x5F4E6740,0x8521b2b4,复活所有队友并恢复全部气血，使用后自己的气血及气血上限将变为最大气血的10%，魔法变为0，不能复活鬼魂类的召唤兽
921,移形换影,特技,4,,150点愤怒,,,,,wzife.wdf,0x51a0423c,0x66d7389,和对方交换状态，HP、MP、异常状态、辅助状态等，只能对玩家使用，使用时有一定几率失败。使用后需要休息1回合，如果自身气血低于20%，或对方气血在80%上时不能使用
922,凝心诀,特技,3,,70点愤怒,,,,,wzife.wd1,0xd9b52486,0x668060e,给己方指定目标回复15%上限+200的MP。最高不超过目标等级*8。
923,聚精会神,特技,2,,150点愤怒,,,,,wzife.wd1,0xbb9e866b,0x6deacc71,给己方全体单位回复20%上限的MP。最高不超过目标等级*8。
924,先发制人,特技,3,,75点愤怒,,,,,wzife.wd1,0x4c1734dd,0x30cfce6d,给目标在接下来的回合中提升20%的速度，持续3回合。
925,燃烧之光,特技,4,,80点愤怒,,,,,wzife.wd1,0x35f2bd54,0x249cc20c,咸少敌单体同等于自己“魔力”属性的HP及MP。
926,毁灭之光,特技,4,,120点愤怒,,,,,wzife.wd1,0xcf8df776,0x3ecf8257,减少敌全体同等于自己“魔力”属性/3的HP及MP。
927,金刚不坏,特技,3,,90点愤怒,,,,,wzife.wd1,0x32c8fdd3,0x300d689,给己方指定目标笼罩一个可抵御目标等级×9伤害的护甲，持续3个回合。(即笼罩该状态的目标在回合内所受的伤害会先被抵挡，回合到或抵挡伤害上限到则状态消失。）
928,菩提心佑,特技,2,,150点愤怒,,,,,wzife.wd1,0xc3af69c3,0x83fec742,给己方所有目标增加一个临时屏障，可抵御目标等级×8伤害，持续3个回合。(即笼罩该状态的目标在回合内所受的伤害会先被抵挡，回合到或抵挡伤害上限到则状态消失。)
929,金刚怒目,特技,3,,80点愤怒,,,,,common/wzife.wd1,0x769d4b0,0xe91bc770,增加目标80点愤怒值。
930,琴音三叠,特技,4,,80点愤怒,,,,,common/wzife.wd1,0x3db90e7e,0xb2f51156,使用法术连续三次攻击对手。
931,乾坤挪移,特技,4,,135点愤怒,,,,,common/wzife.wd1,0xd70587c3,0x44ec512a,驱散目标所有增益，清除目标所有异常，移除目标的太极护法、罗汉金钟、死亡禁锢效果。
932,疾风荡魄,特技,4,,80点愤怒,,,,,common/wzife.wd1,0xfd05f346,0xdb3c12c1,驱散3个目标各一个随机增益状态。
933,牛刀小试,通用,4,,20魔法,,,,,wzife.wdf,3416022732,3416022732,减少敌人部分气血，固定伤害，受人物等级影响
934,淬灵之术,生活,8,,,,,,,wzife.wd3,0x825dde6b,0x825dde6b,传自仙界的聚灵萃取之术，虽无鬼斧神工之能，但依此术借三界间诸般奇物，亦能聚灵成物。提升制作灵饰的能力
935,强身术,生活,8,,,,,,,wzife.wdf,3597995533,732966867,强身健体是习武之人的根本，学习后可以提高气血上限
936,暗器技巧,生活,8,,,,,,,wzife.wdf,2101102727,1473796032,暗器名家的家传秘笈，学习后可以增加使用暗器的伤害力
937,打造技巧,生活,8,,,,,,,wzife.wdf,3866239213,1635206107,铸造名家欧冶子传下的技能，可以提高打造武器的能力
938,裁缝技巧,生活,8,,,,,,,wzife.wdf,1071853506,1758794729,从天衣无缝针法演化而来，可提高缝制头盔和铠甲的能力
939,逃离技巧,生活,8,,,,,,,wzife.wdf,1198324882,1820394508,学习后可以提高战斗逃跑的成功率，但最高不超过90%
940,炼金术,生活,8,,,,,,,wzife.wdf,1324974820,333902768,秘术士私传的炼金之术，可以提高制作饰品、靴子和腰带的能力
941,冥想,生活,8,,,,,,,wzife.wdf,97139368,903007607,通过冥想凝聚强大的精神力量，学习可以提高魔法上限
942,中药医理,生活,8,,,,,,,wzife.wdf,3878607199,642378453,精通歧黄之术往往可以提高炼制丹药的能力
943,烹饪技巧,生活,8,,,,,,,wzife.wdf,2019196942,3782401606,传自商代名厨伊尹的技能，可以提高制作食物的能力
944,追捕技巧,生活,8,,,,,,,wzife.wdf,123566127,902425300,可以降低对手逃跑的成功率，但最低不小于10%
945,养生之道,生活,8,,,,,,,wzife.wdf,968832765,1635371623,修身养性，固本清元之术，学习可以增加活力上限
946,健身术,生活,8,,,,,,,wzife.wdf,3589295296,3157390677,由华佗所创的五禽戏发展而来，学习可以增加体力上限
947,巧匠之术,生活,4,,,,,,,wzife.wdf,1296624794,0xb490c429,关于家具制作的技能，懂得一定的巧匠之术后，可以去找住在长寿村的工匠鲁成，制作各种家具的“设计图”
948,熔炼技巧,生活,8,,,,,,,wzife.wd1,0x2e8a8a30,0x2e8a8a30,异邦传入中土的锻造技巧，利用独特方法锻造而出的钨金，具有提升装备能力的特性。
949,灵石技巧,生活,8,,,,,,,wzife.wd2,208669879,208669879,可在百炼精铁和天眼珠中提炼出精餽灵石
950,强壮,生活,8,,,,,,,common/wzife.wdf,2458245611,1870892091,强身健体是习武之人的根本，学习后可以提高4点人物基础气血上限
951,神速,生活,8,,,,,,,common/wzife.wdf,440987942,3473412458,神速习武之人的根本，学习后可以提高0.3%点人物基础速度
952,御兽术,生活,8,,,,,,,common/wzife.wdf,3947876534,3256658495,御兽术，学习后可以提高每级提示0.01%战斗的全属性
953,调息,剧情,108,,,,,,,wzife.wdf,0x94308B6B,0x5956387D,非战斗情况下使用，可以按技能等级恢复一定气血值。
954,打坐,剧情,108,,,,,,,wzife.wdf,0xB77AFA4C,0xA0D18931,非战斗情况下使用，可以按技能等级恢复一定魔法值。
955,丹田济会,剧情,108,,,,,,,wzife.wdf,0xB77AFA4C,0xA0D18931,武学的基本功之一，即是用意念改变周身运行节律，进而调和阴阳，协调脏腑，疏通经络，可寄心于息，使心息相依，意气相随，气血舒畅。。
956,妙手空空,剧情,108,,,,,,,wzife.wdf,0xD4815978,0x8466E376,战斗中使用的法术，可从怪物身上偷来银两或宝物。#G/(每次使用都将消耗目标等级*4点魔法)
957,宝石工艺,剧情,108,,,,,,,wzife.wdf,0x408D50D7,0x5899607A,提高合成宝石的成功率。
958,奇门遁甲,剧情,108,,,,,,,wzife.wdf,0xFDB72ACA,0xEFE3F812,在特定场景使用道具“导标旗”做标记，用以传送。1级时可以在长寿村做标记，2级时增加傲来国，3级增加长安城，4级增加朱紫国。
959,仙灵店铺,剧情,108,,,,,,,wzife.wdf,0x47877A93,0xF3719878,平时使用，能够呼出购买界面直接购买商品。
960,仙灵酒店,剧情,108,,,,,,,wzife.wd2,0x2bcecec1,0xdd9ec19b,平时使用，能够快速回收背包内的所有可回收道具
961,建筑之术,剧情,108,,,,,,,wzife.wdf,0x9F2DFDB6,0x16418D92,提高建造房屋的能力，玩家拥有较高的技能后，可以建造更高级的房屋，并获得更多的室内空间。
962,变化之术,剧情,108,,,,,,,wzife.wdf, 0xD8118484,0xe6caa561,学习后可以使用特殊的变身卡片变换造型，变身后可以获得相应的附加效果，而且不会被他人PK。技能等级提高后可以使用更为高级的卡片，并延长一定的变身时间。
963,火眼金睛,剧情,108,,,,,,,wzife.wdf,0xE9D07953,0x43CBAF9C,学习后可以使用特殊的变身卡片变换造型，变身后可以获得相应的附加效果，而且不会被他人PK。技能等级提高后可以使用更为高级的卡片，并延长一定的变身时间。
964,开天辟地,坐骑,108,,,,,,,wzife.wdf,0x2d685412,0x2d685412,增加统驭召唤兽忽视目标防御力的能力。
965,破釜沉州,坐骑,108,,,,,,,wzife.wdf,0x3fc666ba,0x3fc666ba,增加统驭召唤兽致命几率和命中率。
966,金刚护身,坐骑,108,,,,,,,wzife.wdf,0x624c7e94,0x624c7e94,统驭的召唤兽受到物理伤害时有几率减少所受伤害。
967,偃旗息鼓,坐骑,108,,,,,,,wzife.wdf,0xf6254282,0xf6254282,增加统驭召唤兽的防御。
968,飞火流星,坐骑,108,,,,,,,wzife.wdf,0xd3236e57,0xd3236e57,降低统驭召唤兽速度。
969,乾坤借速,坐骑,108,,,,,,,wzife.wdf,0xa2572ffc,0xa2572ffc,增加统驭的召唤兽闪躲，同时在物理攻击对方目标时有一定几率提升自身速度，效果持续3-5回合，持续回合数随技能等级增加而增加。
970,大浪淘沙,坐骑,108,,,,,,,wzife.wdf,0xe2296705,0xe2296705,降低（水攻、水漫金山、落岩、泰山压顶）水和土系法术对坐骑统驭的召唤兽伤害。
971,炫火乱舞,坐骑,7,,,,,,,wzife.wdf,0x83a054a5,0x83a054a5,降低（烈火、地狱烈火、雷击、奔雷咒）火和雷系法术对坐骑统驭的召唤兽伤害。
972,铜墙铁壁,坐骑,7,,,,,,,wzife.wdf,0xf0f2e8f1,0xf0f2e8f1,增加统驭召唤兽的中毒抵抗几率，随技能等级增加会额外降低统驭召唤兽中毒后的毒伤伤害值。
973,忠贯日月,坐骑,7,,,,,,,wzife.wdf,0x6a4612d6,0x6a4612d6,降低统驭召唤兽在战斗中忠诚的消耗速度。当坐骑饱食度低于50时，效果降低
974,正身清心,坐骑,7,,,,,,,wzife.wdf,0x77f08d1,0x77f08d1,每天前N次食用长寿面、豆斋果绝对不会中毒。N为此技能等级数。当坐骑饱食度低于50时，效果无效
975,延年益寿,坐骑,7,,,,,,,wzife.wdf,0x497b7159,0x497b7159,增加统驭召唤兽食用长寿面、桂花丸和豆斋果时增加的寿命值，技能等级越高，增加的寿命值越多。当坐骑饱食度低于50时，效果降低
976,水来土掩,坐骑,7,,,,,,,wzife.wdf,0xd1ebf7e3,0xd1ebf7e3,增加统驭召唤兽的中毒抵抗几率，随技能等级增加会额外降低统驭召唤兽中毒后的毒伤伤害值。
977,飞行,祥瑞,7,,,,,,,common/wzife.wdf,0xa3245f26,0x3c7fa054,飞行在非战斗状态下使用。使用后可乘骑飞行祥瑞翱翔空中。骑乘飞行祥瑞时有效，空中飞行移动速度与地面一致。
978,仙店,祥瑞,7,,,,,,,wzife.wd2,0x32662acb,0x758f3f6d,拥有剧情技能仙灵店铺的人才能使用。在非战斗状态下使用。使用时可以给骑乘在祥瑞上的队伍成员召唤出与召唤者技能等级相同的仙灵店铺。拥有仙灵店铺的玩家购买商品价格不变，没有仙灵店铺的玩家购买商品价格增加5%。
979,酒肆,祥瑞,7,,,,,,,wzife.wd2,0x895DED5F,0xF94E0B3B,在非战斗状态下使用。使用时可以给骑乘在祥瑞上的队伍成员召唤出酒店休息功能。每次休息会消耗1000梦幻币，并消耗15%的当前活力。
980,巫医,祥瑞,7,,,,,,,wzife.wd2,0xa8c77664,0xa0cd23e,在非战斗状态下使用。使用时可以给骑乘在祥瑞上的队伍成员召唤出超级巫医（供召唤兽治疗以及驯养)。每次使用消耗金钱会增加5%。
981,爱慕,祥瑞,7,,,,,,,common/wzife.wdf,0xc1c8ee6,0x6accbc61,在非战斗状态下使用。每次使用消耗100点体力。“你真是太吸引人了”使用时可以让祥瑞周围的玩家头顶冒出红心，来表示对你的爱慕。
982,起舞,祥瑞,7,,,,,,,common/wzife.wdf,0x7138a5f9,0x2b6d174b,在非战斗状态下使用。每次使用消耗100点体力。“跳舞也是一种运动!”使用时可以让祥瑞周围的玩家一起做舞蹈动作。
983,天罚,怪物,4,,,,,,,wzife.wdf,0xf1633391,0x22e9ef2a,
984,天罚,怪物,4,,,,,,,wzife.wdf,0xf1633391,0x22e9ef2a,
985,天罚,怪物,4,,,,,,,wzife.wdf,0xf1633391,0x22e9ef2a,
986,BOSS绝杀,怪物,4,,,,,,,wzife.wdf,0xf1633391,0x22e9ef2a,
987,同生共死,怪物,10,,,,,,,wzife.wdf,0xf1633391,0x22e9ef2a,
988,额外能力,无门派,8,,,,,,,wzife.wd2,0xA209C3C2,0xA209C3C2,
989,重生,怪物,3,,,,,,,wzife.wdf,0xf1633391,0x22e9ef2a,
990,武神之怒,怪物,4,,,,,,,wzife.wdf,0xf1633391,0x22e9ef2a,
991,刀光剑影,怪物,4,,,,,,,wzife.wdf,0xf1633391,0x22e9ef2a,
992,毁灭之光,怪物,4,,,,,,,wzife.wdf,0xf1633391,0x22e9ef2a,
993,血沸,怪物,4,,,,,,,wzife.wdf,0xf1633391,0x22e9ef2a,后土 秒10
994,怒击,怪物,4,,,,,,,wzife.wdf,0xf1633391,0x22e9ef2a,天昊 单 物理
995,寒冰监牢,怪物,4,,,,,,,wzife.wdf,0xf1633391,0x22e9ef2a,共工 --法术单
996,归墟,怪物,4,,,,,,,wzife.wdf,0xf1633391,0x22e9ef2a,玄冥 法术单
997,电芒,怪物,4,,,,,,,wzife.wdf,0xf1633391,0x22e9ef2a,搻兹 法术单
998,猛击,怪物,4,,,,,,,wzife.wdf,0xf1633391,0x22e9ef2a,强良 单体2次
999,怒火,怪物,4,,,,,,,wzife.wdf,0xf1633391,0x22e9ef2a,祝融 秒3
1000,秘传封印,怪物,4,,,,,,,wzife.wdf,0xf1633391,0x22e9ef2a,祝融 秒3
1001,阎罗拘魂,怪物,4,,,,,,,wzife.wdf,0xf1633391,0x22e9ef2a,五方鬼帝
1002,六道无情,怪物,4,,,,,,,wzife.wdf,0xf1633391,0x22e9ef2a,五方鬼帝
1003,尸腐无常,怪物,4,,,,,,,wzife.wdf,0xf1633391,0x22e9ef2a,五方鬼帝
1004,烈火焚原,怪物,4,,,,,,,wzife.wdf,0xf1633391,0x22e9ef2a,五方鬼帝
1005,冰封千里,怪物,4,,,,,,,wzife.wdf,0xf1633391,0x22e9ef2a,五方鬼帝
