名称,描述,使用目标,,消耗数值,描述2,作用数基数,作用数上限,作用数基数等级,作用数系数等级,重复,回合基数,回合上限,回合基数等级,回合系数等级,资源,小模型,大模型,回合
为官之道,无效果,8,,,,,,,,,,,,,wzife.wdf,2338752455,2050205097,
无双一击,按技能等级提高命中,8,,,,,,,,,,,,,wzife.wdf,2203124248,2998720398,
神兵鉴赏,无效果,8,,,,,,,,,,,,,wzife.wdf,743065692,4243999668,
疾风步,按技能等级提高躲避力,8,,,,,,,,,,,,,wzife.wdf,2104231936,552299472,
十方无敌,按技能等级提高伤害力,8,,,,,,,,,,,,,wzife.wdf,1137925403,4107877611,
紫薇之术,按技能等级提高灵力,8,,,,,,,,,,,,,wzife.wdf,3941011754,1942519774,
文韬武略,按技能等级提高防御力,8,,,,,,,,,,,,,wzife.wdf,1708888521,3150772814,
横扫千军,能连续攻击对方3次。但使用后需休息一回合，休息时不能使用战斗指令，也不会受封类法术影响。,4,物理,消耗10%最大气血,十方无敌技能达到30级以上,3,3,,,真,,,,,wzife.wdf,151046561,2967724427,
后发制人,休息一回合后临时提高伤害力、命中和速度，自动攻击目标,2,物理,最大气血的5%,无双一击技能达到25级,1,1,,,,,,,,wzife.wdf,3809037555,1112380505,
兵器谱,能够鉴定武器和铠甲，学习后也可在长安书店制作相应等级的“神兵图鉴”,12,辅助,一定的活力，视装备等级而定,神兵鉴赏技能等级达到5级,,,,,,,,,,wzife.wdf,1814276494,4262913816,
千里神行,平时状态下使用，可以瞬间回到自己的门派,0,辅助,消耗10点气血和10点魔法,疾风步技能达到1级,,,,,,,,,,wzife.wdf,13494159,1717996623,
杀气诀,战斗中临时提高自己或队友的命中,3,增益,40点魔法,为官之道技能达到15级,1,1,,,,4,8,0,40,wzife.wdf,1673396685,1326507976,
斩龙诀,克制龙宫弟子的必杀技,4,物理,150点愤怒值,紫薇之术技能达到25级，人物等级达到20级,1,1,,,,,,,,wzife.wdf,40028053,1152390271,
反间之计,令怪物处于混乱状态，不能用于玩家对战,4,减益,30点魔法,文韬武略技能达到20级,1,1,,,,3,7,0,40,wzife.wdf,146786390,841319996,
破釜沉舟,同时攻击对方三个目标,4,物理,消耗上限气血的10%,人物飞升且“十方无敌”技能达到120级,3,3,,,,,,,,wzife.wdf,1580308746,619017033,
安神诀,一定回合内临时提升自身灵力,5,增益,30点魔法,人物飞升且“文韬武略”技能达到120级 ,1,1,,,,4,5,120,30,wzife.wdf,3150617611,2204689180,
嗜血,打造后为项链提高一定的属性,12,辅助,,,,,,,,,,,,wzife.wdf,2341356120,831906636,
目空,大唐官府，使用特技攻击时无视对手10%的防御,8,,,,,,,,,,,,,wzife.wd2,0x72ED61A1,0x72ED61A1,
风刃,大唐官府，普通攻击时可以对其他任意三个单位造成等级*3的伤害,8,,,,,,,,,,,,,wzife.wd2,0xF97A7093,0xF97A7093,
扶阵,大唐官府，使队伍每个人的阵法加成效果在原数值提升3%。,8,,,,,,,,,,,,,wzife.wd2,0xD5131E6F,0xD5131E6F,
翩鸿一击,兵贵神速，对敌人造成135%的伤害，并且提高下回合15%的速度。,8,,50点魔法,,1,1,,,,,,,,wzife.wd2,0x30E001D4,0x30E001D4,6
勇武,后发制人将获得以下额外效果：额外增加防御值40%的伤害结果；使用时不消耗气血，转而使自己增加气血上限*15%的气血（最高为人物等级*8）；使用时增加自身10点愤怒。,8,,,,,,,,,,,,,wzife.wd2,0x265842A6,0x265842A6,
长驱直入,以迅雷不及掩耳之势切入战场，给敌军最薄弱的环节予以致命一击，电光火石之间令对手甚至来不及做出反应，无法施展保护，自身气血防御越高伤害越高,4,,50点魔法,,1,1,,,,,,,,wzife.wd2,0xAB6EA7B4,0xAB6EA7B4,6
杀意,触发物理必杀时。必杀伤害增加20%。,8,,,,,,,,,,,,,wzife.wd2,0xBB962DBE,0xBB962DBE,
念心,攻击目标且自身召唤兽为在场时，额外增加10%必杀率。（鬼魂倒地视为未在场）,8,,,,,,,,,,,,,wzife.wd2,0xAB64E8CF,0xAB64E8CF,
静岳,处于后发制人或者横扫千军，破釜沉舟的休息状态时，所受伤害减少150点。,8,,,,,,,,,,,,,wzife.wd2,0xB363459E,0xB363459E,
干将,使用破斧沉舟技能时有20%的几率额外增加一个伤害目标。,8,,,,,,,,,,,,,wzife.wd2,0x01C779BC,0x01C779BC,
勇念,使用横扫千军时，忽略目标10%防御。,8,,,,,,,,,,,,,wzife.wd2,0x2EF39CEC,0x2EF39CEC,
神凝,自身提高10%抗封印率。,8,,,,,,,,,,,,,wzife.wd2,0x9640C6B0,0x9640C6B0,
狂狷,将自身（力量属性/耐力属性）*16转化为伤害力。,8,,,,,,,,,,,,,wzife.wd2,0xAFA63BA0,0xAFA63BA0,
不惊,额外忽视目标自身武器宝石锻造等级*5的防御。,8,,,,,,,,,,,,,wzife.wd2,0x8F6C13D3,0x8F6C13D3,
突进,每回合开始时有45%的几率触发，提升自身防御值8%的伤害力。,8,,,,,,,,,,,,,wzife.wd2,0xA839BBD0,0xA839BBD0,
破空,使用破釜沉舟时，对目标造成目标防御*0.3的额外伤害。,8,,,,,,,,,,,,,wzife.wd2,0x0821ADC7,0x0821ADC7,
历战,带有“安神决”时，受到的法术伤害降低50%。安神诀有70%几率抵抗驱散效果。,8,,,,,,,,,,,,,wzife.wd2,0x438B3BD1,0x438B3BD1,
连破,横扫千军有18%几率不进入休息状态。,8,,,,,,,,,,,,,wzife.wd2,0x8E319047,0x8E319047,
无敌,横扫千军变为4次攻击，气血消耗额外增加10%,8,,,,,,,,,,,,,wzife.wd2,0x4640D75C,0x4640D75C,
破军,使用横扫千军时每次攻击时额外增加受击目标气血最大上限的1%*攻击次序+200的伤害结果。,8,,,,,,,,,,,,,wzife.wd2,0xDC241728,0xDC241728,
黄庭经,无效果,8,,,,,,,,,,,,,wzife.wdf,2680262225,1501050246,
磐龙灭法,按技能等级提高伤害力,8,,,,,,,,,,,,,wzife.wdf,423192983,1962038233,
霹雳咒,无效果,8,,,,,,,,,,,,,wzife.wdf,53930907,300592749,
符之术,无效果,1,,,,,,,,,,,,,wzife.wdf,3599571341,921854792,
归元心法,按技能等级提高防御力,8,,,,,,,,,,,,,wzife.wdf,3444112895,2996031232,
神道无念,按技能等级提高灵力,8,,,,,,,,,,,,,wzife.wdf,1749937072,3852659463,
斜月步,按技能等级提高躲避力,8,,,,,,,,,,,,,wzife.wdf,769022309,2124205828,
失忆符,令对手一定回合无法使用特技并使其施法有一定几率失败,4,,55点魔法,符之术技能达到20级,1,1,,,,2,7,25,25,wzife.wdf,1562829683,2704552245,
离魂符,令对手一定回合内无法使用法术，并降低躲避力,4,,50点魔法,符之术技能达到25级,1,1,,,,2,6,25,25,wzife.wdf,30806,3355342391,
失魂符,令对手一定回合无法使用法术攻击，并降低物理防御力,4,,50点魔法,符之术技能达到25级,1,1,,,,2,6,25,25,wzife.wdf,2029120895,2414938178,
定身符,概率令对手一定回合停止行动，并降低法术防御力,4,,60点魔法,符之术技能达到30级,1,1,,,,3,7,25,25,wzife.wdf,170590832,2539497909,
兵解符,在战斗中逃离战场回到自己门派,5,,当前所有魔法、90%当前气血，使用失败无消耗,符之术技能等级达到10级以上、MP≥10,1,1,,,,,,,,wzife.wdf,1268134129,2026082073,
催眠符,令对手在受到伤害前无法行动,4,,45点魔法,符之术技能达到10级,1,1,,,,1,5,25,25,wzife.wdf,3523869082,104771547,
追魂符,令对手一定回合无法使用物理攻击，并降低物理防御力,4,,50点魔法,符之术技能达到25级,1,1,,,,2,7,25,25,wzife.wdf,1021060099,2404071232,
失心符,令对手一定回合内无法使用法术，并降低灵力,4,,60点魔法,符之术技能达到40级,1,1,,,,2,6,25,25,wzife.wdf,1506622772,3407760722,
落魄符,令对手一定回合内无法使用法术，并出现攻击偏差,4,,40点魔法,符之术技能达到15级,1,1,,,,1,6,25,25,wzife.wdf,1553239295,2036240644,
飞行符,制作一张飞行符,0,,消耗6点活力，20点魔法,符之术技能达到21级,1,1,,,,,,,,wzife.wdf,1788221468,1798664293,
落雷符,作用为当目标为怪物时攻击对方多个目标，作用人数公式为技能等级除以30+1，最多3个。随着作用人数增加降低伤害效果，魔法消耗随着作用人数增加而增加。对含有鬼魂术、高级鬼魂术的敌人伤害增加20%,4,,作用人数*30点魔法,符之术技能达到20级,1,3,,,,,,,,wzife.wd1,3476452217,3226830020,
碎甲符,降低对方多人物理防御力及灵力,4,,作用人数*50点魔法,人物飞升且“符之术”技能达到120级,3,4,120,30,,4,5,120,30,wzife.wdf,417555669,3175526110,
神兵护法,打造后为帽子提高一定的属性,12,,和技能等级数相同的活力,神道无念技能达到35级,,,,,,,,,,wzife.wdf,1217133207,3100160960,
乾天罡气,消耗气血来补充自己的魔法值,5,,20点气血,神道无念技能达到30级,1,1,,,,,,,,wzife.wdf,3309202999,2018341630,
分身术,一定回合里躲避每回合的首次攻击,5,,80点魔法,人物飞升且“神道无念”技能达到120级,1,1,,,,3,4,120,30,wzife.wdf,2099222596,1436233235,
归元咒,消耗魔法值来补充自己的气血,5,,50点魔法,归元心法技能达到1级,1,1,,,,,,,,wzife.wdf,2473529751,3090930843,
凝神术,固定10回合内增加10%自身的封系命中与上限。不受修炼效果影响。,2,,50点魔法,归元心法技能达到100级,1,1,,,,10,10,,,wzife.wd1,3869803971,3077203266,
三星灭魔,克制魔王寨弟子的必杀技,4,,150点愤怒值,黄庭经技能达到25级，人物等级达到20级,1,1,,,,,,,,wzife.wdf,1209970630,84450076,
五雷咒,施展法术攻击对方单人,4,,30点魔法,霹雳咒技能达到1级,1,1,,,,,,,,wzife.wdf,3103307429,1116134864,
乙木仙遁,平时状态下使用，可以瞬间回到自己的门派,0,,10点气血和10点魔法,斜月步技能达到1级,,,,,,,,,,wzife.wdf,71432172,436091648,
苦缠,失魂符、失心符、定身符降低属性的效果增加3%。,8,,,,,,,,,,,,,wzife.wd2,0xE99E9C96,0xE99E9C96,
雷动,使用落雷符时增加100点伤害。,8,,,,,,,,,,,,,wzife.wd2,0xD2180C25,0xD2180C25,
奔雷,使用五雷咒时，额外攻击另一个敌方目标。自身封印命中率下降15%。霹雳咒等级≥125时，首目标额外提高10%伤害。,8,,,,,,,,,,,,,wzife.wd2,0xB490BD29,0xB490BD29,
黄粱,敌方目标被自己催眠时。必须受到100点以上的伤害才会苏醒。,8,,,,,,,,,,,,,wzife.wd2,0xD3CF1A9E,0xD3CF1A9E,
不舍,每受到大于气血上限20%的物理伤害后，会自动使用归元咒，被封印时无法触发。,8,,,,,,,,,,,,,wzife.wd2,0xB60A561A,0xB60A561A,
鬼怮,五雷咒提升对含有鬼魂术的敌人伤害提高30%。,8,,,,,,,,,,,,,wzife.wd2,0xB44BA05E,0xB44BA05E,
补缺,回合开始时，若自身魔法小于魔法上限30%时，有35%几率回复乾天罡气同等量的魔法,8,,,,,,,,,,,,,wzife.wd2,0x3A33F2CD,0x3A33F2CD,
不倦,催眠符命中效果增加20%,8,,,,,,,,,,,,,wzife.wd2,0xA2F9E185,0xA2F9E185,
不灭,每次使用完封印类法术时，有15%的几率自动使用技能归元咒并在一定回合内提高自身10%的防御和灵力,8,,,,,,,,,,,,,wzife.wd2,0xAE728B11,0xAE728B11,
化身,分身术持续回合数提高1回合,8,,,,,,,,,,,,,wzife.wd2,0xE950182D,0xE950182D,
集中,提升(武器伤害/命中)*24的灵力。,8,,,,,,,,,,,,,wzife.wd2,0x2ACC6068,0x2ACC6068,
批亢,带有分身术状态时，所受伤害降低15%。,8,,,,,,,,,,,,,wzife.wd2,0x200F0880,0x200F0880,
斗法,增加10%的封印命中率。,8,,,,,,,,,,,,,wzife.wd2,0x1EEA41F8,0x1EEA41F8,
吐纳,主动使用的归元咒将额外恢复气血上限*20%的气血，但额外消耗对应值*25%的魔法值。,8,,,,,,,,,,,,,wzife.wd2,0x47BCA30B,0x47BCA30B,
飞符炼魂,一道法力强大的符咒，能在攻击敌人的同时附加封印效果，由于效果惊人，菩提祖师禁止弟子随意使用。使用法术攻击目标后70%几率追加使用法术落魄符，并额外造成300点伤害。,4,,60点魔法,,,,,,,,,,,wzife.wd2,0x4C6405CB,0x4C6405CB,
鬼念,含有鬼魂术(包括高级鬼魂术)类的敌人降低对自身造成伤害的15%,8,,,,,,,,,,,,,common/wzife.wdf,0x173015AE,0x173015AE,
碎甲,使碎甲符作用人数提高3人，持续回合数增加1回合。,8,,,,,,,,,,,,,wzife.wd2,0xF701C5B5,0xF701C5B5,
摧心,当自身对目标造成物理伤害之后，目标概率会在之后的3回合内进入虚弱状态，降低10%的伤害力、灵力和物理防御。该效果的持续回合可以被刷新。,8,,,,,,,,,,,,,wzife.wd2,0xF2BAFEF2,0xF2BAFEF2,
顺势而为,精于封印的方寸弟子可以耗费一定的愤怒值对目标施加强大的法力，100%封印住那些没有抗封技能目标的法术能力，封印效果持续2回合,4,,60点魔法,,,,,,,2,2,,,wzife.wd2,0x9E6FFF66,0x9E6FFF66,
钟馗论道,为自己附加“钟馗论道”效果，获得下述效果，持续5回合:1)五雷咒伤害增加70%2)该效果不会被驱散3)回合结束时减少自身带有的“锢魂术”“死亡禁锢”1回合持续时间,2,,60点魔法,,,,,,,,,,,wzife.wd2,0xB7CDB6AA,0xB7CDB6AA,
小乘佛法,按技能等级提高灵力,8,,,,,,,,,,,,,wzife.wdf,2925047058,1573500785,
金刚伏魔,按技能等级提高伤害力,8,,,,,,,,,,,,,wzife.wdf,2566898861,3862994147,
诵经,无效果,8,,,,,,,,,,,,,wzife.wdf,1921499236,3515981629,
佛光普照,无效果,8,,,,,,,,,,,,,wzife.wdf,3599571341,921854792,
大慈大悲,按技能等级提高防御力,8,,,,,,,,,,,,,wzife.wdf,1267473253,3966881348,
歧黄之术,无效果,8,,,,,,,,,,,,,wzife.wdf,2055755507,93243227,
渡世步,按技能等级提高躲避力,8,,,,,,,,,,,,,wzife.wdf,2399184502,2261339260,
佛门普渡,平时状态下使用，可以瞬间回到自己的门派,0,,10点气血和10点魔法,渡世步技能达到1级,,,,,,,,,,wzife.wdf,2996697873,3423122163,
佛法无边,使目标施展某些攻击性法术时一定几率出现连续两次攻击（不包括需停回合的法术及群体攻击性法术，如横扫千军、鹰击、后发制人、连环击）,3,,150点魔法,人物飞升且“金刚伏魔”技能达到120级 ,1,1,,,,4,5,120,30,wzife.wdf,2286663605,3100187427,
达摩护体,战斗中临时提高自己或队友的气血上限,3,,30点魔法,佛光普照技能达到30级,,,,,,,,,,wzife.wdf,1415107827,3131800459,
唧唧歪歪,攻击性法术，达到一定等级后可以对多人使用,4,,5点气血，20点魔法，作用于多人时消耗魔法增加,诵经技能达到1级,2,7,25,25,,,,,,wzife.wdf,1856916618,2374732908,
金刚护体,战斗中临时提高自己或队友的防御力，技能达到一定等级后可用于多人,3,,30点魔法,佛光普照技能等级达到35级以上,2,7,25,25,,7,9,0,75,wzife.wdf,1377178114,3453377621,
救死扶伤,使用后可以恢复多人的气血和气血上限,5,,150点魔法，非战斗时减半,岐黄之术技能达到50级,3,6,50,25,,,,,,wzife.wdf,2043895215,4157454265,
拈花妙指,打造后为鞋子提高一定的速度,12,,和技能等级数相同的活力,佛光普照技能达到35级 ,,,,,,,,,,wzife.wdf,177955034,2841407500,
我佛慈悲,战斗中使用，可以复活死亡的队友,3,,150点魔法,大慈大悲技能达到40级,1,1,,,,,,,,wzife.wdf,1545297145,266298194,
金刚护法,战斗中临时提高自己或队友的伤害力，技能等级较高后可作用于多人,3,,40点魔法,佛光普照技能达到30级,2,5,25,25,,7,9,0,75,wzife.wdf,479962043,3700736796,
解毒,使用后可以解除中毒的状态,3,,40点魔法,岐黄之术技能达到15级,1,1,,,,,,,,wzife.wdf,1966642136,546423120,
舍生取义,将目标当前气血恢复到满,3,,150点魔法，且每次使用时会降低自身5%物理防御及3%灵力,人物飞升且“岐黄之术”技能达到120级 ,1,1,,,,,,,,wzife.wdf,1135928864,1707332905,
韦陀护法,战斗中临时提高自己或队友的命中，技能达到一定等级后可用于多人,3,,35点魔法,佛光普照技能等级达到20级以上,1,6,0,30,,4,8,0,40,wzife.wdf,2121060262,2888289425,
紫气东来,克制普陀山弟子的必杀技,4,,150点愤怒值,小乘佛法技能达到25级，人物等级达到20级,1,1,,,,,,,,wzife.wdf,3576748561,3918273363,
推拿,使用后可以恢复自身的气血和气血上限,2,,50点魔法，非战斗时减半,岐黄之术技能达到10级,1,1,,,,,,,,wzife.wdf,404486915,4289032145,
妙手回春,使用后可以恢复多人的气血上限,6,,25%的最大魔法,岐黄之术技能达到40级,2,6,25,25,,,,,,wzife.wdf,416089174,2939581056,
一苇渡江,战斗中临时提高自己或队友的敏捷，技能达到一定等级后可用于多人,3,,30点魔法,佛光普照技能等级达到30级以上,2,7,25,25,,7,9,0,75,wzife.wdf,2822966564,1136663058,
活血,使用后可以恢复队友的气血和气血上限,3,,70点魔法，非战斗时减半,岐黄之术技能达到25级,1,1,,,,,,,,wzife.wdf,2432822176,2865439591,
推气过宫,战斗中恢复多人气血,3,,100点魔法，非战斗时减半,岐黄之术技能达到35级,2,6,25,25,,,,,,wzife.wdf,971215069,2227035198,
止戈,在原恢复技能的治疗量上再增加自身武器伤害*18%的治疗量。,8,,,,,,,,,,,,,wzife.wd2,0x96670F08,0x96670F08,
销武,唧唧歪歪所造成的伤害将提高与人物等级同等的伤害量,8,,,,,,,,,,,,,wzife.wd2,0x9A717CB4,0x9A717CB4,
佛屠,金刚护法的的增益效果将在原始效果上再次增加武器伤害的9%。,8,,,,,,,,,,,,,wzife.wd2,0x32BE260B,0x32BE260B,
佛誉,活血效果提高20%。,8,,,,,,,,,,,,,wzife.wd2,0xF28C8F12,0xF28C8F12,
仁心,使用活血时有20%的几率使活血的功效增加100%，但会额外消耗100点魔法。,8,,,,,,,,,,,,,wzife.wd2,0x265842A6,0x265842A6,
聚气,每次使用恢复类门派技能时，都将会获得一层聚气印记，每层聚气印记将额外提高辅助类门派技能的功效9%,8,,,,,,,,,,,,,wzife.wd2,0x86873B99,0x86873B99,
佛显,推气过宫治疗效果提升10%,8,,,,,,,,,,,,,wzife.wd2,0x8D52FE90,0x8D52FE90,
心韧,在使用推气过宫时有15%的几率使治疗效果增加100%，但同时也将额外消耗150点魔法。,8,,,,,,,,,,,,,wzife.wd2,0x823DD991,0x823DD991,
归气,自身所有的治疗类技能都将额外增加10%的消耗，但是治疗效果将增加8%。,8,,,,,,,,,,,,,wzife.wd2,0x369BD94B,0x369BD94B,
天照,每次使用舍生取义时都将有20%的几率恢复75点魔法，但将额外扣除75点气血。,8,,,,,,,,,,,,,wzife.wd2,0xE1910A2F,0xE1910A2F,
舍利,自身死亡后，己方队员随机一名队员将增加自身与自身愤怒同等的愤怒量，但是最高不会超过120点，一场战斗最多触发3次此效果.,8,,,,,,,,,,,,,wzife.wd2,0xEE1C323A,0xEE1C323A,
感念,使用舍生取义时，临时提升目标物理防御及法术防御10%，持续3回合，不可叠加。,8,,,,,,,,,,,,,wzife.wd2,0xDC31E128,0xDC31E128,
慈针,使用我佛慈悲可以使自身获得30点愤怒。,8,,,,,,,,,,,,,wzife.wd2,0xFD3253DA,0xFD3253DA,
佛性,我佛慈悲可以增加目标80点物理防御及法术防御，持续5回合。,8,,,,,,,,,,,,,wzife.wd2,0x5D47F1F4,0x5D47F1F4,
妙悟,恢复目标人物等级*3的气血及等级*2的魔法。同时自身会触发一次一苇渡江效果,3,,50点魔法,,,,,,,,,,,wzife.wd2,0x2F3B9A81,0x2F3B9A81,
慈心,使用慈航普度时消耗的愤怒减少40点。,8,,,,,,,,,,,,,wzife.wd2,0x5816C756,0x5816C756,
映法,金刚护法、金刚护体、一苇渡江有50%几率对所有单位起效。,8,,,,,,,,,,,,,wzife.wd2,0xC8D9EE20,0xC8D9EE20,
流刚,金刚护法、金刚护体、一苇渡江的效果增加20%。,8,,,,,,,,,,,,,wzife.wd2,0x067D652B,0x067D652B,
渡劫金身,每次使用治疗类技能有10%的几率实现双倍恢复；且治疗效果将增加15%，但治疗类技能每作用一个目标，会额外消耗40点魔法。,8,,,,,,,,,,,,,wzife.wd2,0x3819B112,0x3819B112,
额外能力,学习“渡劫金身”以后，每个额外能力的乾元丹会增加30点治疗能力，学习“诸天看护”以后，每个额外的乾元丹会增加80点法术防御。,8,,,,,,,,,,,,,wzife.wd2,0xA209C3C2,0xA209C3C2,
诸天看护,给目标附加一个状态该状态使目标将受到的所有伤害减少50%并为目标附加反震状态持续5回合。,3,,50点魔法,,,,,,,,,,,wzife.wd2,0xED073209,0xED073209,
毒经,按技能等级提高伤害力,8,,,,,,,,,,,,,wzife.wdf,3161058590,1458078261,
倾国倾城,无效果,8,,,,,,,,,,,,,wzife.wdf,594113044,3862994147,
沉鱼落雁,无效果,8,,,,,,,,,,,,,wzife.wdf,370722733,1052773261,
闭月羞花,无效果,8,,,,,,,,,,,,,wzife.wdf,3321056507,4213596062,
香飘兰麝,按技能等级提高灵力,8,,,,,,,,,,,,,wzife.wdf,3531606030,1383632532,
玉质冰肌,按技能等级提高防御力,8,,,,,,,,,,,,,wzife.wdf,3438751351,2264853140,
清歌妙舞,按技能等级提高速度,8,,,,,,,,,,,,,wzife.wdf,1027945253,2444515719,
百毒不侵,解毒并在一定回合内避免中毒,5,,30点魔法,玉质冰肌技能达到10级,,,,,,,,,,wzife.wdf,45388430,938983833,
轻如鸿毛,打造后为武器提高一定的属性,12,,和技能等级数相同的活力,香飘兰麝技能达到35级，人物等级达到30级,,,,,,,,,,wzife.wdf,33492847,367093981,
移形换影,平时状态下使用，可以瞬间回到自己的门派,0,,10点气血和10点魔法,清歌妙舞技能达到1级,,,,,,,,,,wzife.wdf,2099222596,1436233235,
情天恨海,克制五庄观弟子的必杀技,4,,150点愤怒值,沉鱼落雁技能达到25级，人物等级达到20级,,,,,,,,,,wzife.wdf,1898550998,2472450541,
如花解语,令对手一定回合无法使用物理攻击,4,,35点魔法,闭月羞花技能达到20级,,,,,,,,,,wzife.wdf,1912374008,1283470548,
莲步轻舞,令对手一定回合无法使用法术,4,,40点魔法,闭月羞花技能达到30级,,,,,,,,,,wzife.wdf,3508375370,4243867972,
雨落寒沙,消耗一定魔法对目标造成暗器伤害，技能每增加一级伤害效果增加1点，最多增加100点伤害,4,,作用人数*20点魔法,沉鱼落雁技能达到20级,,,,,,,,,,wzife.wd1,2465624576,562574867,
满天花雨,使用后增加自己的攻击力，并可能使对手中毒，效果最高累加三回合，持续到战斗结束,4,,40点魔法,沉鱼落雁技能达到25级,,,,,,,,,,wzife.wdf,2270504354,1714354841,
一笑倾城,令多个目标一定回合无法使用法术,4,,60点魔法,人物飞升且“倾国倾城”技能达到120级 ,,,,,,,,,,wzife.wdf,3266381545,522280593,
娉婷嬝娜,使对手一定回合无法使用装备特技，且被动法宝将不会触发效果。,4,,40点魔法,闭月羞花技能达到25级,,,,,,,,,,wzife.wdf,768000231,1404049159,
红袖添香,战斗中提升自己和队友的速度,3,,30点魔法,倾国倾城技能达到20级,,,,,,,,,,wzife.wdf,547746768,1757842178,
似玉生香,令对手一定回合无法使用法术和物理攻击,4,,50点魔法,闭月羞花技能等级达到40级以上,,,,,,,,,,wzife.wdf,2732466496,3524410344,
飞花摘叶,吸取对方多人魔法为我方队员所使用,4,,60点魔法,人物飞升且“清歌妙舞”技能达到120级,,,,,,,,,,wzife.wdf,4065673057,1962869359,
自矜,每次使用单体封印技能失败时，使得下次单体封印时成功率提高30%。到下一次命中时清空该效果。,8,,,,,,,,,,,,,wzife.wd2,0x22A77A43,0x22A77A43,
暗伤,雨落寒沙增加武器伤害*18%的固定伤害。,8,,,,,,,,,,,,,wzife.wd2,0x50E3D938,0x50E3D938,
杏花,使用雨落寒沙技能攻击时对方中毒几率增加4%。并且能对带有“高级毒”的单位起效。,8,,,,,,,,,,,,,wzife.wd2,0x30B186DD,0x30B186DD,
花舞,每回合开始时提升自身6%的初始速度，持续到战斗结束。,8,,,,,,,,,,,,,wzife.wd2,0xD5669AE4,0xD5669AE4,
倩影,提升自己50点速度。,8,,,,,,,,,,,,,wzife.wd2,0x86C6B8EF,0x86C6B8EF,
淬芒,每一次你使对方中毒，都可以为自己增加4%的封印命中率，封印对方时，封印命中率将重置,8,,,,,,,,,,,,,wzife.wd2,0x20661796,0x20661796,
傲娇,使用特技时，愤怒消耗减少5点。使用笑里藏刀时，愤怒消耗额外减少6点。,8,,,,,,,,,,,,,wzife.wd2,0x53DABF54,0x53DABF54,
花护,使用水清诀、冰清诀、晶清诀、玉清诀时，愤怒消耗减少8点，并且可以使目标100%抵抗封类法术，持续一回合。,8,,,,,,,,,,,,,wzife.wd2,0xC412A4C0,0xC412A4C0,
天香,每次使对方中毒，你回复5点愤怒。,8,,,,,,,,,,,,,wzife.wd2,0x2AD7F908,0x2AD7F908,
国色,召唤兽进入战斗时速度增加12%。,8,,,,,,,,,,,,,wzife.wd2,0x0D719443,0x0D719443,
鸿影,若处于被封印状态，仍然可以使用雨落寒沙技能。,8,,,,,,,,,,,,,wzife.wd2,0x25260F44,0x25260F44,
轻霜,任何企图攻击你的对手都有30%在攻击时受到毒的影响，每回合损失毒经技能等级*3的气血，持续4回合，该状态不可叠加。,8,,,,,,,,,,,,,wzife.wd2,0x848E3B4F,0x848E3B4F,
机巧,每次你的封印成功时，敌方会受到毒的影响，每回合损失毒经技能等级*3的气血，持续4回合，该状态不可叠加。（仅封印回合有效）,8,,,,,,,,,,,,,wzife.wd2,0xE6EF1BBC,0xE6EF1BBC,
毒引,对手主动解除由女儿村弟子产生的毒效果时，会额外受到600点气血损失，但最低将对手气血降为1点。,8,,,,,,,,,,,,,wzife.wd2,0x57BD8D19,0x57BD8D19,
毒雾,使用封印技能时，有30%几率使目标中毒。,8,,,,,,,,,,,,,wzife.wd2,0xA3E0CA7F,0xA3E0CA7F,
嫣然,一笑倾城和似玉生香的命中率提高12%，对每个目标的持续回合有60%的几率提升1回合。,8,,,,,,,,,,,,,wzife.wd2,0x463DBA13,0x463DBA13,
磐石,一个回合中，受到一个目标的伤害后，之后每次所受其他目标的伤害会递减50点。,8,,,,,,,,,,,,,wzife.wd2,0x4F264E2A,0x4F264E2A,
花殇,飞花摘叶目标人数提高3人，持续回合提高一回合，且命中几率提高5%,8,,,,,,,,,,,,,wzife.wd2,0x3590A7E4,0x3590A7E4,
碎玉弄影,“宁为玉碎，不为瓦全”，又有多少对手可以从女儿村弟子曼妙的舞姿身影中体味那一份决绝呢？以牺牲4%的封印命中率对目标使用似玉生香，若第一次不中，则可以触发第二次，第二次也牺牲4%的封印命中率。,4,,40点愤怒,,,,,,,,,,,wzife.wd2,0x347D755D,0x347D755D,
额外能力,学习“碎玉弄影”以后，每个额外乾元丹会增加40点封印命中等级，学习“鸿渐于陆”以后，每个额外的乾元丹会增加80点抵抗封妖等级。,8,,,,,,,,,,,,,wzife.wd2,0xA209C3C2,0xA209C3C2,
鸿渐于陆,伤其十指，不如断其一指必要的时刻可以将伤害凝聚起来给予对手一次致命的攻击附加武器伤害*130%的伤害对敌方单体进行攻击使目标有100%率中毒,4,,100点魔法,,,,,,,,,,,wzife.wd2,0x18D93692,0x18D93692,
灵通术,无效果,8,,,,,,,,,,,,,wzife.wdf,695584869,577240546,
六道轮回,按技能等级提高伤害力,8,,,,,,,,,,,,,wzife.wdf,2191025103,1761343362,
幽冥术,无效果,8,,,,,,,,,,,,,wzife.wdf,2105426613,414994835,
拘魂诀,无效果,8,,,,,,,,,,,,,wzife.wdf,1622524729,3403104810,
九幽阴魂,按技能等级提高灵力,8,,,,,,,,,,,,,wzife.wdf,2427286393,2803361004,
尸腐恶,按技能等级提高防御力,8,,,,,,,,,,,,,wzife.wdf,3997271777,22951667,
无常步,按技能等级提高速度,8,,,,,,,,,,,,,wzife.wdf,2772099555,71871380,
尸腐毒,令对手中“尸毒”，每回合按一定比例掉血,4,,40点魔法,尸腐恶技能达到20级,,,,,,,,,,wzife.wdf,49094427,2328293467,
尸气漫天,打造后为帽子提高一定的属性,12,,和技能等级数相同的活力,拘魂诀技能达到35级 ,,,,,,,,,,wzife.wdf,3830562709,3540479557,
修罗隐身,战斗中隐藏自己或队友的身形，令对手无法攻击，隐身状态下不能施展法术。,4,,150点魔法，对自己使用每回合消耗施法者15点魔法，对队友使用每回合消耗施法者10点魔法。,尸腐恶技能达到20级,,,,,,,,,,wzife.wdf,557290721,3076118166,
判官令,攻击对方单人，减少对手的气血和魔法，效果由技能等级决定，不受双方灵力影响。对鬼魂类怪物使用时，伤害提高150%,4,,20点魔法,拘魂诀技能达到20级,,,,,,,,,,wzife.wdf,1671969153,3702239149,
幽冥鬼眼,使用后可以看到隐身的目标并增加10%的抗封效果。,5,,20点魔法,九幽阴魂技能达到30级,,,,,,,,,,wzife.wdf,1975607386,2807639015,
冤魂不散,克制大唐官府弟子的必杀技。,4,,150点愤怒值,九幽阴魂技能达到25级,,,,,,,,,,wzife.wdf,3587078621,376661686,
杳无音讯,平时状态下使用，可以瞬间回到自己的门派。,0,,10点气血和10点魔法,无常步技能达到1级,,,,,,,,,,wzife.wdf,2049632078,739072521,
阎罗令,可攻击多人，减少对手的气血和气血上限，对鬼魂类怪物使用时，伤害效果额外提高100%,4,,20点魔法，作用于多人时消耗增加,幽冥术技能达到25级,,,,,,,,,,wzife.wdf,2806354228,3446923388,
魂飞魄散,使用后驱散目标因门派法术获得的所有良性状态（变身除外）。 ,4,,40点魔法,“六道轮回”技能达到50级 ,,,,,,,,,,wzife.wdf,1594584941,2719875429,
堪察令,鉴定头盔、饰品、腰带、靴子等类装备，学习后也可在长安书店制作相应等级的“灵宝图鉴”。,12,,一定的活力，视装备等级而定,灵通术技能达到5级,,,,,,,,,,wzife.wdf,4073909039,2150653771,
还阳术,复活倒地的队友，提高攻击力，降低防御力,10,,150点魔法,人物飞升且“拘魂诀”技能达到120级 ,,,,,,,,,,wzife.wdf,2874709055,485361049,
寡欲令,解除并避免盘丝洞封类法术的影响。,5,,50点魔法,灵通术技能达到30级,,,,,,,,,,wzife.wdf,653757983,482656655,
黄泉之息,攻击对方单人，并减少其一定的速度，夜间使用效果调整为白天的130%。,4,,50点魔法,人物飞升且“幽冥术”技能达到120级 ,,,,,,,,,,wzife.wdf,3536984715,1893059881,
锢魂术,使用成功后可使目标5个回合内在死亡状态下无法被复活。,4,,50点魔法,幽冥术技能达到75级,,,,,,,,,,wzife.wd1,1727365486,784403165,
判官,判官令造成的伤害增加10%、魔法损耗增加50%。,8,,,,,,,,,,,,,wzife.wd2,0xC4A24497,0xC4A24497,
回旋,受到包括固定伤害在内的所有法术伤害减少60点。,8,,,,,,,,,,,,,wzife.wd2,0x299CC362,0x299CC362,
夜行,夜间增加人物40点速度、40点伤害、50点阎罗令伤害。,8,,,,,,,,,,,,,wzife.wd2,0x6CB4C5F1,0x6CB4C5F1,
入骨,尸腐毒被解除时，使目标减少5%当前气血。,8,,,,,,,,,,,,,wzife.wd2,0xB9D06801,0xB9D06801,
聚魂,摄魂的所有基础效果增加4%。,8,,,,,,,,,,,,,wzife.wd2,0x0EF6D102,0x0EF6D102,
六道无量,地府弟子将六道轮回之力附着在单体的物理攻击之上，令敌人避无可避。攻击时附带六道轮回技能等级×60%的伤害结果。该技能攻击玩家时，双方防御下降双方防御差*0.5（最高为自身等级*2），持续2回合。,8,,,,,,,,,,,,,wzife.wd2,0xBC2DD56E,0xBC2DD56E,
索魂,锢魂术命中目标后，如果目标在此锢魂术状态下死亡，都可以增加施法者锢魂术2%的命中率，上限为10%，持续到战斗结束。,8,,,,,,,,,,,,,wzife.wd2,0xF259DD30,0xF259DD30,
伤魂,你对带有尸腐毒的单位提高100点封印命中等级、80点物理伤害力。,8,,,,,,,,,,,,,wzife.wd2,0xEDAB40CF,0xEDAB40CF,
百炼,武器耐久度消耗降低50%。使用百爪狂杀时临时增加武器命中*30%。,8,,,,,,,,,,,,,wzife.wd2,0x2197928B,0x2197928B,
黄泉,黄泉之息的减速效果增加50%。,8,,,,,,,,,,,,,wzife.wd2,0x11A0C1AE,0x11A0C1AE,
毒印,你的六道无量和判官令将额外对一个带有尸腐毒的单位起效。,8,,,,,,,,,,,,,wzife.wd2,0x49D3C846,0x49D3C846,
百爪狂杀,地府弟子吸收冥界阴气，进而激发自身的暴戾之气，将对敌方进行疯狂的连击。法术驱动的物理攻击，可以攻击4个目标，每个目标单独判断命中。每增加1个攻击目标，对所有目标的伤害结果降低10%。消耗：作用人数×35MP。,8,,,,,,,,,,,,,wzife.wd2,0x8FCE05BE,0x8FCE05BE,
幽光,九幽的每回合回复当前气血值的上限增加120点。,8,,,,,,,,,,,,,wzife.wd2,0x337664F3,0x337664F3,
泉爆,队伍中只有一个阴曹地府弟子时：每场战斗的第一次黄泉之息将造成400%的伤害。,8,,,,,,,,,,,,,wzife.wd2,0x14AB7311,0x14AB7311,
鬼火,每次使用特技后回复10点愤怒。,8,,,,,,,,,,,,,wzife.wd2,0x93AE3E78,0x93AE3E78,
魂飞,你的魂飞魄散首目标若为玩家且当回合死亡，则附加锢魂术，持续2回合。,8,,,,,,,,,,,,,wzife.wd2,0xC415DB52,0xC415DB52,
汲魂,每次对方玩家单位死亡，恢复自身等级*2的气血并且增加10点伤害力，持续到战斗结束。,8,,,,,,,,,,,,,wzife.wd2,0x808E00C5,0x808E00C5,
击破,攻击防御的目标额外增加50%伤害。,8,,,,,,,,,,,,,wzife.wd2,0xB79CC34C,0xB79CC34C,
魑魅缠身,地府弟子可以招来地狱深处的魑魅魍魉，被他们附身的敌人将具备鬼魂精魄的特质，在擅于驱鬼的对手面前无所遁形。为对方任意成员（单目标）附加“冤魂”状态，持续5回合，冤魂状态的效果为：1.若冤魂状态的目标为召唤兽，则被携带驱鬼技能的目标攻击时伤害增加50%，被携带高级驱鬼技能的目标攻击时伤害增加100%；2.若冤魂状态的目标为人物或者NPC时，则被携带驱鬼技能的目标攻击时伤害增加15%，被携带高级驱鬼技能的目标攻击时伤害增加30%。消耗：40点愤怒值。冷却：4回合。该技能为法术技能，受封印法术限制。该技能不能对拥有鬼魂及高级鬼魂技能的目标使用。,8,,,,,,,,,,,,,wzife.wd2,0x2B37D923,0x2B37D923,
夜之王者,黑夜是属于我的！技能“百爪狂杀”附加六道轮回技能等级*60%的伤害结果。夜晚的必杀几率增加10%。,8,,,,,,,,,,,,,wzife.wd2,0x5192EAE6,0x5192EAE6,
牛逼神功,无效果,8,,,,,,,,,,,,,wzife.wdf,3975126128,2741787302,
震天诀,按技能等级提高伤害力,8,,,,,,,,,,,,,wzife.wdf,1449209742,1917106392,
火云术,无效果,8,,,,,,,,,,,,,wzife.wdf,4166858964,909252202,
火牛阵,按技能等级提高灵力,8,,,,,,,,,,,,,wzife.wdf,1917391753,1358009688,
牛虱阵,无效果,8,,,,,,,,,,,,,wzife.wdf,1129585606,2492840335,
回身击,按技能等级提高防御力,8,,,,,,,,,,,,,wzife.wdf,1224508814,2667913913,
裂石步,按技能等级提高躲避,8,,,,,,,,,,,,,wzife.wdf,4286232830,3339537828,
无敌牛虱,召唤牛妖前来协助战斗,4,,40点魔法,牛虱阵技能达到25级,,,,,,,,,,wzife.wdf,3889342201,901977927,
魔王回首,使用后可以在受到物理攻击的时候自动反击,5,,30点魔法,回身击技能达到30级,,,,,,,,,,wzife.wdf,995890213,3043919056,
无敌牛妖,召唤使用法术的牛妖前来协助战斗,5,,40点魔法,牛虱阵技能达到25级,,,,,,,,,,wzife.wd1,526953932,2771934779,
飞砂走石,使用后可以攻击对方多个对象,4,,30点魔法，攻击多人时消耗增加,火云术技能达到30级,,,,,,,,,,wzife.wdf,706133968,746568918,
火甲术,此状态维持期间遭受普通物理攻击、法术时将自动使用三味真火进行反击。,66,,60点魔法,人物飞升且“火云术”技能达到120级 ,,,,,,,,,,wzife.wdf,2418820008,3223806685,
摇头摆尾,攻击目标时随机触发三昧真火或者飞砂走石，随后施放一个持续燃烧的火焰，一定回合内造成伤害,4,,50点魔法,人物飞升且“牛虱阵”技能达到120级 ,,,,,,,,,,wzife.wdf,3051115375,1777991632,
踏山裂石,克制化生寺弟子的必杀技,4,,50点魔法,火牛阵技能达到120级，且人物飞升,,,,,,,,,,wzife.wdf,4060498152,2813097952,
三昧真火,使用后可以攻击对方单个对象,4,,30点魔法,火云术技能达到20级,,,,,,,,,,wzife.wdf,626159438,290397996,
魔王护持,打造后为武器提高一定的属性,12,,和技能等级数相同的活力,牛逼神功技能达到35级，人物等级达到30级,,,,,,,,,,wzife.wdf,937481251,3778438121,
牛屎遁,平时状态下使用，可以瞬间回到自己的门派,0,,10点气血和10点魔法,裂石步技能达到1级,,,,,,,,,,wzife.wdf,2481624731,668274006,
牛劲,战斗中暂时提高自己的法术伤害力,5,,20点魔法,火牛阵技能达到30级,,,,,,,,,,wzife.wdf,3521936089,1080213476,
充沛,战斗内临时提高10%的气血和气血上限,8,,,,,,,,,,,,,wzife.wd2,0x8A07409C,0x8A07409C,
炙烤,你的牛劲附加感知效果，且效果提升3%。,8,,,,,,,,,,,,,wzife.wd2,0xBAA64557,0xBAA64557,
震怒,飞砂走石在对目标使用时有10%的几率会额外作用一个单位。。,8,,,,,,,,,,,,,wzife.wd2,0x403FE10F,0x403FE10F,
蚀天,受到大于等于气血上限20%的伤害则进入激怒状态，法术伤害增加150点，持续3回合。效果不能叠加。,8,,,,,,,,,,,,,wzife.wd2,0xAC17A1D4,0xAC17A1D4,
敛恨,受到物理暴击、法术暴击伤害后，本次所受与后面所受到的所有伤害减少20%。当回合有效。,8,,,,,,,,,,,,,wzife.wd2,0x6F367EF0,0x6F367EF0,
赤暖,使用三味真火将恢复气血，恢复效果为本次造成伤害#W//50。,8,,,,,,,,,,,,,wzife.wd2,0x36BEA656,0x36BEA656,
火神,飞砂走石造成的伤害将额外增加火云术等级*1.5的伤害,8,,,,,,,,,,,,,wzife.wd2,0xBF44D568,0xBF44D568,
震天,震天诀等级≥人物等级时，增加60点法术伤害力。,8,,,,,,,,,,,,,wzife.wd2,0x06B6105D,0x06B6105D,
神焰,飞砂走石造成的伤害将受自身气血影响，气血越低，附加伤害将越高,8,,,,,,,,,,,,,wzife.wd2,0x9D84EC63,0x9D84EC63,
神炎,三味真火造成的伤害将受自身气血影响，气血越低，附加的伤害将越高,8,,,,,,,,,,,,,wzife.wd2,0xBF44D568,0xBF44D568,
返火,火甲术反馈的伤害效果增加70%。,8,,,,,,,,,,,,,wzife.wd3,0x013D6355,0x013D6355,
崩摧,每次使用三昧真火与飞砂走石，有5%的几率降低目标10%的法术防御力，持续4回合。不能叠加。,8,,,,,,,,,,,,,wzife.wd2,0x4935E53B,0x4935E53B,
魔冥,每次使用完飞沙走石或三味真火后，可以恢复自身魔法上限*5%的魔法量。,8,,,,,,,,,,,,,wzife.wd2,0x8BF70190,0x8BF70190,
燃魂,#W/增加当前魔法/魔法上限*50的法术伤害力、抗封等级。,8,,,,,,,,,,,,,wzife.wd2,0x79602FB7,0x79602FB7,
狂月,战斗内额增加10%的魔法值,8,,,,,,,,,,,,,wzife.wd2,0x0A9E4158,0x0A9E4158,
威吓,自身处于牛劲状态时，对目标的伤害增加12%。,8,,,,,,,,,,,,,wzife.wd2,0x3816E2FC,0x3816E2FC,
连营,牛劲技能持续回合数加一。,8,,,,,,,,,,,,,wzife.wd2,0x90EEA1F5,0x90EEA1F5,
魔心,使用三昧真火或飞砂走石时10概率使伤害翻倍,8,,,,,,,,,,,,,wzife.wd2,0xDAA0F7D4,0xDAA0F7D4,
魔焰滔天,为了能给敌人造成更大的伤害，魔王寨的弟子是不怕赌上自己运气的。每回合开始时，临时附加20%法术暴击的状态，持续到战斗结束，每回合额外消耗的魔法100,8,,,,,,,,,,,,,wzife.wd2,0x525B9DB0,0x525B9DB0,
烈焰真诀,烈焰缠身，此时他们不再是普通的魔王寨弟子，他们具有更强大的法术暴击能力。使用后增加10%的魔法暴击率。持续4回合。,8,,50点魔法,,,,,,,,,,,wzife.wd2,0x1299A579,0x1299A579,
魔兽神功,无效果,8,,,,,,,,,,,,,wzife.wdf,2952870578,10218458,
生死搏,按技能等级提高伤害力,8,,,,,,,,,,,,,wzife.wdf,3136073986,1362791032,
训兽诀,按技能等级提高灵力,8,,,,,,,,,,,,,wzife.wdf,1184160039,3128610907,
阴阳二气诀,无效果,8,,,,,,,,,,,,,wzife.wdf,683331190,4236173132,
狂兽诀,无效果,8,,,,,,,,,,,,,wzife.wdf,1661790658,2338433754,
大鹏展翅,按技能等级提高躲避力,8,,,,,,,,,,,,,wzife.wdf,1243494819,2200620761,
魔兽反噬,按技能等级提高防御,8,,,,,,,,,,,,,wzife.wdf,512391647,1359532967,
定心术,战斗中临时提高自己的灵力,5,,40点魔法,阴阳二气诀技能达到40级,,,,,,,,,,wzife.wdf,3988224797,99592343,
变身,临时提高伤害力，是使用象形、鹰击、狮搏和连环击的前提,5,,20点魔法,魔兽神功技能达到20级,,,,,,,,,,wzife.wdf,4282403049,3667711762,
振翅千里,平时状态下使用，可以瞬间回到自己的门派,0,,10点气血和10点魔法,大鹏展翅技能达到1级 ,,,,,,,,,,wzife.wdf,3512079122,4160807473,
魔兽啸天,克制天宫弟子的必杀技,4,,150点愤怒值,魔兽神功技能达到25级，人物等级达到20级,,,,,,,,,,wzife.wdf,950759216,1124928283,
鹰击,攻击对方多人，使用后需要休息1回合,4,,30点魔法，攻击多人时消耗增加,生死搏技能达到30级，不允许连续两回合使用,,,,,,,,,,wzife.wdf,3219722580,1443303401,
神力无穷,打造后为腰带提高一定的属性,12,,和技能等级数相同的活力,狂兽诀技能达到35级 ,,,,,,,,,,wzife.wdf,3809438015,3884615585,
极度疯狂,受到物理攻击时会自动反击敌人,5,,30点魔法,魔兽反噬技能达到20级 ,,,,,,,,,,wzife.wdf,363599535,2884919862,
连环击,疯狂地连续的攻击敌人,4,,可连击次数×30点魔法,狂兽诀技能达到30级，使用后解除当前所有增益状态,,,,,,,,,,wzife.wdf,3608703815,673541382,
狮搏,以高于平时的伤害力攻击对方单人,4,,30点魔法,生死搏技能达到20级,,,,,,,,,,wzife.wdf,3700481839,1627374280,
威慑,令怪物或玩家召唤兽无法行动，不能对玩家使用,4,,20点魔法,训兽诀技能达到15级,,,,,,,,,,wzife.wdf,81423983,894640149,
魔息术,一定回合内恢复自身的魔法 ,5,,30点气血,人物飞升且“阴阳二气诀”技能达到120级 ,,,,,,,,,,wzife.wdf,3643037170,787252900,
象形,攻击两个敌人并令其下回合无法行动，但使用后自己也将在下回合停止行动且取消变身状态,4,,80魔法,生死搏技能达到20级。,,,,,,,,,,wzife.wdf,3175084157,108912467,
天魔解体,使用后持续一定回合数将自身的物理防御降低50%，防御值的10%转化为临时伤害，死亡后效果清除,5,,30点魔法，复活后的当前回合无法使用,人物飞升且“生死搏”技能达到120级,,,,,,,,,,wzife.wdf,2713209956,2477360209,
爪印,每次攻击敌人或被敌人攻击后，在敌人身上留下爪印，每个印记使得自己在下次攻击对手时增加人物等级*0.5伤害结果。印记只有在每回合的第一次攻击中有效，印记持续5回合或至对手死亡后消失，印记可叠加，最多叠加10个。持续回合效果可被刷新。,8,,,,,,,,,,,,,wzife.wd2,0x6E34D2AA,0x6E34D2AA,
翼展,你的鹰击攻击伤害增加生死薄技能等级*1.2,8,,,,,,,,,,,,,wzife.wd2,0x35A96711,0x35A96711,
驭兽,提升全队伍所有在场召唤兽的能力：你的训兽诀等级*0.4的伤害，你的训兽诀等级*0.4的防御，你的训兽诀等级*0.2的灵力。,8,,,,,,,,,,,,,wzife.wd2,0x97EF1BE4,0x97EF1BE4,
化血,在攻击中有30%几率吸收造成伤害的16%的气血。,8,,,,,,,,,,,,,wzife.wd2,0xBE24B04C,0xBE24B04C,
宁息,变身的持续回合数加2，且效果提升3%。,8,,,,,,,,,,,,,wzife.wd2,0xF0B320B8,0xF0B320B8,
兽王,使用完变身技能后，所有攻击类技能对目标造成变身技能等级*2的额外伤害(无变身状态无效)。,8,,,,,,,,,,,,,wzife.wd2,0x287A0188,0x287A0188,
狮吼,狮搏伤害提高15%；狮搏击倒目标时，额外触发一次狮搏。,8,,,,,,,,,,,,,wzife.wd2,0xD10DF1DF,0xD10DF1DF,
怒象,当气血少于上限的30%时，有70%的几率在使用象形时保留变身状态并延长变身1回合。,8,,,,,,,,,,,,,wzife.wd2,0x7CDE78AD,0x7CDE78AD,
鹰啸,鹰击可以使目标造成的伤害降低15%，持续2回合。,8,,,,,,,,,,,,,wzife.wd2,0x1D7F1771,0x1D7F1771,
乱破,使用连环击时，每次击打有45%几率附加狂兽决技能等级×100%的伤害。,8,,,,,,,,,,,,,wzife.wd2,0x6D372C69,0x6D372C69,
魔息,魔息术效果提升50%。,8,,,,,,,,,,,,,wzife.wd2,0xC84857CA,0xC84857CA,
威慑,你对目标使用的狮搏有30%几率附带持续2回合的“威慑”效果。,8,,,,,,,,,,,,,wzife.wd2,0x9D1ABD9E,0x9D1ABD9E,
狂袭,攻击时减少被反震的概率20%。,8,,,,,,,,,,,,,wzife.wd2,0x5154ED66,0x5154ED66,
失心,使用狮搏或鹰击有15%的几率让目标1回合无法行动。,8,,,,,,,,,,,,,wzife.wd2,0x43CEF766,0x43CEF766,
羁绊,你每次回复生命值，你的召唤兽也会回复该数值的10%。你的召唤兽每次回复生命值，你也会回复该数值的10%。,8,,,,,,,,,,,,,wzife.wd2,0x5C170F92,0x5C170F92,
死地,死亡时将提升你下一次鹰击（100+损失愤怒*3）的伤害力。,8,,,,,,,,,,,,,wzife.wd3,0x143A6B82,0x143A6B82,
乱击,你的连环击额外增加一次特殊的攻击。,8,,,,,,,,,,,,,wzife.wd2,0x28EFDCA8,0x28EFDCA8,
悲恸,人物死亡时，你的召唤兽受到的伤害降低15%，造成的伤害提高15%。,8,,,,,,,,,,,,,wzife.wd2,0x1D0F8066,0x1D0F8066,
背水一战,虽千万人吾亦往矣，不胜则死！牺牲自身20%的当前气血，对目标造成(当前气血24%+普通攻击物理伤害+爪印个数*200)的伤害，并清除目标爪印效果。对方所受伤害最高不超过使用者自身力量点×600%的气血。消耗：20%的当前气血。自身气血少于气血上限20%时无法使用。（需要有变身状态，使用后休息1回合）,8,,,,,,,,,,,,,wzife.wd2,0x0B171EFB,0x0B171EFB,
肝胆相照,人与幻兽之间的情感，你们这些俗人又怎能了解？肝胆相照、形影相随，四海为家、浪迹天涯。命令自己的召唤兽忠诚的保护己方任意目标（除了自己的召唤兽），该技能选择目标释放后，自己的召唤兽将在3回合内无限保护目标，直至目标或者召唤兽自己死亡。保护时召唤兽承担所受伤害的40%，被保护目标承受40%的伤害。消耗：80点MP。技能冷却回合：3。,8,,,,,,,,,,,,,wzife.wd2,0x04600746,0x04600746,
蛛丝阵法,按技能等级提高防御力,8,,,,,,,,,,,,,wzife.wdf,487492946,2233726885,
迷情大法,无效果,8,,,,,,,,,,,,,wzife.wdf,2410267095,3102396352,
秋波暗送,按技能等级提高命中,8,,,,,,,,,,,,,wzife.wdf,1698608098,975668103,
天外魔音,按技能等级提高灵力,8,,,,,,,,,,,,,wzife.wdf,3819811307,2331712128,
盘丝大法,按技能等级提高伤害力,8,,,,,,,,,,,,,wzife.wdf,2544956347,136964443,
盘丝步,按技能等级提高躲避力,8,,,,,,,,,,,,,wzife.wdf,3406981495,337337940,
姊妹相随,无效果,8,,,,,,,,,,,,,wzife.wdf,3177731283,597142503,
天罗地网,每次攻击时有一定几率令对手在一定回合内无法使用物理攻击，,4,,30点魔法，攻击多人时消耗增加,盘丝步技能达到15级,,,,,,,,,,wzife.wdf,1653509465,1457394081,
盘丝阵,提升自身的防御力,5,,40点魔法,盘丝大法技能达到20级,,,,,,,,,,wzife.wdf,2395356970,1769215086,
复苏,解除并避免天宫封类法术的影响,5,,60点魔法,盘丝大法技能达到20级,,,,,,,,,,wzife.wdf,141266175,2870523056,
含情脉脉,令对手一定回合内概率无法使用物理攻击和法术,4,,50点魔法,催情大法技能达到20级,,,,,,,,,,wzife.wdf,4111305818,2589491420,
摄魄,恢复自身魔法，减少对方一定的魔法,4,,35点魔法,秋波暗送技能达到20级,,,,,,,,,,wzife.wdf,3333121941,103370656,
盘丝舞,打造后为武器提高一定的属性,12,,和技能等级数相同的活力,蛛丝阵法技能达到35级，人物等级达到30级,,,,,,,,,,wzife.wdf,2082714040,382164728,
夺命蛛丝,克制方寸山弟子的必杀技,4,,150点愤怒值,蛛丝阵法技能达到25级，人物等级达到20级,,,,,,,,,,wzife.wdf,227632678,3268216546,
幻镜术,有一定的概率反弹法术攻击,6,,50点魔法,人物飞升且“盘丝步”技能达到120级,,,,,,,,,,wzife.wdf,1134668132,605963427,
瘴气,临时降低对手接受治疗的效果,4,,30点魔法×作用人数,人物飞升且“迷情大法”技能达到120级,,,,,,,,,,wzife.wdf,3039047760,3862934535,
楚楚可怜,停止行动并保护自己免受伤害,5,,30点魔法,倾国倾城技能达到10级,,,,,,,,,,wzife.wdf,3842255938,952615752,
天蚕丝,平时状态下使用，可以瞬间回到自己的门派,0,,10点气血和10点魔法,盘丝步技能达到1级 ,,,,,,,,,,wzife.wdf,1283246148,1806917376,
姐妹同心,战斗中使用，可以减少对手的魔法值,4,,50点魔法,姊妹相随技能达到20级 ,,,,,,,,,,wzife.wdf,42398851,502149406,
魔音摄魂,令对手一定回合内无法恢复气血和疗伤,4,,40点魔法,天外魔音技能达到45级,,,,,,,,,,wzife.wdf,32064057,1554838399,
勾魂,恢复自身气血，减少对方一定的气血,4,,40点魔法,秋波暗送技能达到20级,,,,,,,,,,wzife.wdf,3333121941,802455732,
鼓乐,魔音摄魂的命中率增加20%。,8,,,,,,,,,,,,,wzife.wd2,0xC17A7A56,0xC17A7A56,
妖气,增加武器伤害*12%的封印命中等级。,8,,,,,,,,,,,,,wzife.wd2,0xB3956495,0xB3956495,
怜心,姐妹同心的命中率增加12%。队伍中只有一个盘丝洞弟子时：每场战斗的第一次姐妹同心必中。,8,,,,,,,,,,,,,wzife.wd2,0x38D87BEB,0x38D87BEB,
迷瘴,使用含情脉脉命中目标后，吸取目标5项属性中最高项所对应的主能力4%给自己，持续5回合。,8,,,,,,,,,,,,,wzife.wd2,0x661970E1,0x661970E1,
粘附,增加武器伤害*18%的天罗地网伤害。,8,,,,,,,,,,,,,wzife.wd2,0xD2180C25,0xD2180C25,
意乱,使用魔音摄魂命中目标时，目标不能回复魔法值。（当与其他封印效果叠加时，回魔效果变为40%。）,8,,,,,,,,,,,,,wzife.wd2,0x0B95DA6D,0x0B95DA6D,
绝殇,被自己封印的目标在解除封印时获得的气血回复降低100%。,8,,,,,,,,,,,,,wzife.wd2,0x72B48AE0,0x72B48AE0,
安抚,战斗中使用药品的效果增加15%。,8,,,,,,,,,,,,,wzife.wd2,0x756CE723,0x756CE723,
忘忧,封印住目标后，每回合开始时目标损失60点魔法值，直到封印解除。若因此效果导致魔法值为0，则额外受到目标等级*3的气血伤害。,8,,,,,,,,,,,,,wzife.wd2,0x59ED800F,0x59ED800F,
忘川,当目标力量点大于等级*4或者魔力点大于等级*4时，含情脉脉额外增加8%的命中几率。,8,,,,,,,,,,,,,wzife.wd2,0xBAA9AF30,0xBAA9AF30,
迷梦,幻镜术可以将法术反弹两次给敌方任意目标，并且减少2个冷却回合。,8,,,,,,,,,,,,,wzife.wd2,0xD713CFD8,0xD713CFD8,
倾情,使用姐妹同心成功后，如果目标的魔法值为0，则有45%的几率额外施放一次含情脉脉技能。,8,,,,,,,,,,,,,wzife.wd2,0xF28C8F12,0xF28C8F12,
情劫,瘴气持续回合数增加3。同时带有瘴气的目标在解除瘴气时获得的气血恢复受瘴气影响。,8,,,,,,,,,,,,,wzife.wd2,0x949B1634,0x949B1634,
脱壳,自身所受到敌方任意持续回合≥5的负面持续性法术时，持续回合变为5回合。,8,,,,,,,,,,,,,wzife.wd2,0xFF0081A3,0xFF0081A3,
迷意,带有瘴气的目标受到的回魔效果降低30%。,8,,,,,,,,,,,,,wzife.wd2,0x1A6D023E,0x1A6D023E,
结阵,你的盘丝阵效果增加200%，但持续回合数减少3。,8,,,,,,,,,,,,,wzife.wd2,0x93AE3E78,0x93AE3E78,
媚态,你的勾魂、摄魄必定命中；你使用瘴气时，清除目标身上的寡欲令。,8,,,,,,,,,,,,,wzife.wd3,0x26A40C6E,0x26A40C6E,
利刃,对方阵营所有目标每回合结束时损失30点魔法值。,8,,,,,,,,,,,,,wzife.wd2,0x8282C7D1,0x8282C7D1,
落花成泥,靡靡之音进入敌人耳际，使目标下回合彷徨不知所措、额外受到15%伤害，同时80%几率无法行动。（不受化生寺门派特色影响）。消耗：40点愤怒值。,8,,,,,,,,,,,,,wzife.wd2,0x4D94B673,0x4D94B673,
偷龙转凤,这是集天地玄妙的大成之技，修习此技，不仅要有绝代风华的女儿身，更要有一颗玲珑剔透的七窍心。对目标施法后（可以是己方，也可以是敌方），目标立刻损失所有魔法值，但在回合结束时会获得损失魔法值的10%，持续8回合。消耗：80点愤怒。冷却回合：8回合。（该技能为法术技能，受封印法术限制。）,8,,,,,,,,,,,,,wzife.wd2,0xC3BF2DE7,0xC3BF2DE7,
天罡气,按技能等级提高伤害力,8,,,,,,,,,,,,,wzife.wdf,4224325719,517623127,
傲世诀,无效果,8,,,,,,,,,,,,,wzife.wdf,3001127144,1049195070,
清明自在,按技能等级提高气血上限,8,,,,,,,,,,,,,wzife.wdf,3231066014,3842629365,
宁气诀,按技能等级提高灵力,8,,,,,,,,,,,,,wzife.wdf,1979452270,3573433154,
乾坤塔,按技能等级提高防御力,8,,,,,,,,,,,,,wzife.wdf,646614501,3014813769,
混天术,无效果,8,,,,,,,,,,,,,wzife.wdf,3643496130,481805567,
云霄步,按技能等级提高躲避力,8,,,,,,,,,,,,,wzife.wdf,276418186,3893284871,
天神护体,战斗中提升自己的灵力,5,,50点魔法,天罡气技能达到30级,,,,,,,,,,wzife.wdf,2173852985,4200916921,
镇妖,一定回合禁止目标使用特技，可与其他封印效果叠加,4,,45点魔法,乾坤塔技能达到50级,,,,,,,,,,wzife.wdf,2821624851,251203682,
百万神兵,令对方无法使用物理攻击,4,,60点魔法,混天术技能达到40级,,,,,,,,,,wzife.wdf,3140668291,4284468319,
天神护法,战斗中提升自己的防御,5,,30点魔法,天罡气技能等级达到40级以上,,,,,,,,,,wzife.wdf,4053425914,3750198819,
雷霆万钧,攻击性法术，使用后攻击对方多个目标,4,,35点魔法×作用人数,人物飞升且“天罡气”技能达到120级,,,,,,,,,,wzife.wdf,1167105764,2063612274,
天雷斩,使用后可以给予敌人重击，并降低灵力。但自己也会减少物理防御力。作用对象为怪物时，作用人数为多人。,4,,30点魔法,傲世诀技能达到25级,,,,,,,,,,wzife.wdf,315619009,958381035,
掌心雷,使用它后可以使对手不能使用主动法宝。效果可与其他封系效果叠加。成功几率等同封印成功率，受法术攻击修炼影响,4,,50点魔法,乾坤塔技能达到50级,,,,,,,,,,wzife.wdf,763772202,1576485465,
浩然正气,打造后为衣服提高一定的属性,12,,和技能等级数相同的活力,天罡气技能达到35级,,,,,,,,,,wzife.wdf,3449922467,567769462,
五雷轰顶,减少敌人25%当前气血及魔法，但最高不会超过自己等级×50，失败只减少5%的当前气血,4,,50点魔法,天罡气技能达到35级,,,,,,,,,,wzife.wdf,4236045895,1825724039,
天诛地灭,克制地府弟子的必杀技,4,,150点愤怒值,天罡气技能达到25级，人物等级达到20级,,,,,,,,,,wzife.wdf,4053425914,3701201548,
金刚镯,一定回合内降对方的武器伤害,4,,50点魔法,人物飞升且“混天术”技能达到120级,,,,,,,,,,wzife.wdf,4185507078,1737815847,
腾云驾雾,平时状态下使用，可以瞬间回到自己的门派,0,,10点气血和10点魔法,云霄步技能达到1级,,,,,,,,,,wzife.wdf,1924869232,906709372,
错乱,令对手无法使用法术，并在物理攻击时出现目标偏差,4,,60点魔法,乾坤塔技能达到50级,,,,,,,,,,wzife.wdf,3622268205,4290077259,
知己知彼,使用后可以领悟目标的状态,4,,80点魔法,清明自在达到35级以上,,,,,,,,,,wzife.wdf,196316992,2448181313,
宁心,解除并避免女儿村封类法术的影响,3,,30点魔法,宁气诀技能达到20级,,,,,,,,,,wzife.wdf,2585090388,1957863037,
威吓,五雷轰顶成功时造成的伤害比例在基础上增加8%并且目标本回合内不再增加愤怒值。,8,,,,,,,,,,,,,wzife.wd2,0x4E4ECD7C,0x4E4ECD7C,
疾雷,使用天雷斩攻击NPC时，额外增加0.6*(敏捷点数-人物等级)的伤害力。,8,,,,,,,,,,,,,wzife.wd2,0x67324D63,0x67324D63,
轰鸣,使用五雷轰顶技能成功时使目标减少240点物理防御，效果持续3回合，效果不能叠加，不能刷新。,8,,,,,,,,,,,,,wzife.wd2,0x11DBB164,0x11DBB164,
趁虚,每次使用特技之后，在接下来两个回合的封印成功率提高8%，效果不可叠加，可以被刷新。,8,,,,,,,,,,,,,wzife.wd2,0x54E910DB,0x54E910DB,
余韵,“魔兽之印”“河东狮吼”“圣灵之甲”“碎甲术”“停陷术”“啸风诀”的效果增加50%。,8,,,,,,,,,,,,,wzife.wd2,0x8009DFB1,0x8009DFB1,
驭意,增加自身魔力属性点5%的速度；自身封印命中率降低5%。,8,,,,,,,,,,,,,wzife.wd2,0x2CBA65C0,0x2CBA65C0,
震慑,使用错乱成功封印对手后，使目标同时附有掌心雷的封印效果；自身法术伤害力降低10%。,8,,,,,,,,,,,,,wzife.wd2,0xC5CB9BBB,0xC5CB9BBB,
神念,使用法宝时，额外获得10点愤怒。,8,,,,,,,,,,,,,wzife.wd2,0xA79CD890,0xA79CD890,
伏魔,附魔天书的效果增加50%；自身封印命中率降低5%。,8,,,,,,,,,,,,,wzife.wd2,0x7D54F95D,0x7D54F95D,
苏醒,在一回合内掉血量达到自身气血上限的40%，回合结束时自动移除自身封印类异常状态，人物死亡时则失效。,8,,,,,,,,,,,,,wzife.wd2,0xC8EF7B06,0xC8EF7B06,
护佑,增加50点防御力及法术防御力。,8,,,,,,,,,,,,,wzife.wd2,0xFEAD9161,0xFEAD9161,
电芒,被雷霆万钧击中的目标，身上将缠绕着电流。带有此电流的目标再次受到雷霆万钧打击时额外承受5%的伤害，持续3回合，不可叠加，可以被刷新。,8,,,,,,,,,,,,,wzife.wd2,0x7B970F69,0x7B970F69,
月桂,增加武器伤害*12%的封印命中等级，但不再增加法术伤害力。,8,,,,,,,,,,,,,wzife.wd2,0x71D17EEA,0x71D17EEA,
怒火,当因气血损失而增加＞10的愤怒时，可以额外增加5点愤怒。,8,,,,,,,,,,,,,wzife.wd2,0x58B7E9CB,0x58B7E9CB,
灵光,装备上的宝石舍利子效果增加25%；自身封印命中率降低5%。,8,,,,,,,,,,,,,wzife.wd2,0x9571F0A2,0x9571F0A2,
神律,天神护体法防效果增加100%，额外增加云霄步等级*0.3的速度，但不再增加法伤。,8,,,,,,,,,,,,,wzife.wd2,0xEA46BD71,0xEA46BD71,
洞察,你的知己知彼额外提高自身等级*2的伤害、防御、法伤、法防、封印等级、抗封等级，持续3回合。,8,,,,,,,,,,,,,wzife.wd2,0x8660A7C9,0x8660A7C9,
雷波,雷霆万钧对首目标造成的伤害提高8%，“电芒”产生的电流增加1持续回合数。,8,,,,,,,,,,,,,wzife.wd2,0xA7603CC9,0xA7603CC9,
画地为牢,天宫弟子随手布下的囚牢，却是无数穷凶极恶之徒的饮恨之所。对敌方使用后，降低敌方1个单位16%的对封印法术抵抗能力以及16%的封印能力，持续回合为5回合。消耗：50点魔法；冷却时间：5回合。,8,,,,,,,,,,,,,wzife.wd2,0xBAF731FA,0xBAF731FA,
风雷韵动,以风为弦、以雷为钟，其鸣如黄钟大吕般的攻击不仅能击溃对方的躯体，也能摧毁抵抗的意志。该技能本身伤害不会给目标增加愤怒值并降低目标8点愤怒，不受佛法无边影响。消耗：60点魔法。,8,,,,,,,,,,,,,wzife.wd2,0x169010C9,0x169010C9,
周易学,按技能等级提高魔法上限,8,,,,,,,,,,,,,wzife.wdf,951717916,3182787390,
潇湘仙雨,按技能等级提高伤害力,8,,,,,,,,,,,,,wzife.wdf,3541032788,2723035390,
乾坤袖,无效果,8,,,,,,,,,,,,,wzife.wdf,2256743052,3443276818,
修仙术,无效果,8,,,,,,,,,,,,,wzife.wdf,3726980014,1673560698,
混元道果,按技能等级提高灵力,8,,,,,,,,,,,,,wzife.wdf,675093303,3799123064,
明性修身,按技能等级提高防御力,8,,,,,,,,,,,,,wzife.wdf,4104116990,3074583809,
七星遁,按技能等级提高躲避力,8,,,,,,,,,,,,,wzife.wdf,923985229,2400021580,
驱尸,解除各类中毒状态,3,,40点魔法,周易学技能达到20级,,,,,,,,,,wzife.wdf,1226417381,546827248,
烟雨剑法,使用后可以连续攻击对手两次,4,,50点魔法,潇湘仙雨技能达到25级，当前气血高于上限的60%,,,,,,,,,,wzife.wdf,3124546025,3643055813,
飘渺式,作用为当目标为怪物时，通过法术启动物理攻击对方多个目标,4,,30点魔法+作用人数*30点魔法,潇湘仙雨技能达到20级,,,,,,,,,,wzife.wd1,3268745174,3398385178,
天地同寿,为目标临时加上一个防御护罩，吸收全部法术伤害，降低目标50%防御效果，且所受物理伤害会加倍,9,,50点魔法,人物飞升且“乾坤袖”技能达到120级,,,,,,,,,,wzife.wdf,4224047219,3294906395,
日月乾坤,可令对手一定回合内无法行动，无法使用法术、特技和普通攻击，与怪物战斗中若对方均中此法术不会战斗胜利，与玩家对战时类似普通封类法术。,4,,35点魔法 使用失败消耗：10点魔法,乾坤袖技能达到20级，不能用在某些特殊任务的战斗中使用成功,,,,,,,,,,wzife.wdf,3902929414,3489253938,
驱魔,解除并避免方寸山封类法术的影响,6,,45点魔法,周易学技能达到25级,,,,,,,,,,wzife.wdf,1284415330,656352481,
生命之泉,一定回合内补充自己和队友的气血,3,,作用人数*30点魔法,修仙术技能达到30级,,,,,,,,,,wzife.wdf,1093047199,2757069702,
太极生化,克制狮驼岭弟子的必杀技,4,,150点愤怒值,修仙术技能达到25级，人物等级达到20级,,,,,,,,,,wzife.wdf,1665649019,1661704448,
炼气化神,一定回合内补充自己和队友的魔法,3,,作用人数*30点气血,修仙术技能达到30级,,,,,,,,,,wzife.wdf,2394667501,1686425132,
一气化三清,打造后为衣服提高一定的属性,12,,和技能等级数相同的活力,修仙术技能达到35级,,,,,,,,,,wzife.wdf,4257500096,2501870432,
乾坤妙法,牺牲自己的物理防御来保护队友，使其不受任何负面影响，但也无法进行任何行动,9,,50点魔法,人物飞升且“乾坤袖”技能达到120级,,,,,,,,,,wzife.wdf,1736041428,3294906395,
三花聚顶,消耗一定的气血来补充魔法，非战斗时每2分钟使用一次,5,,30点气血,明性修身技能达到30级,,,,,,,,,,wzife.wdf,3813527840,3150915326,
斗转星移,平时状态下使用，可以瞬间回到自己的门派,0,,10点气血和10点魔法,七星遁技能达到1级,,,,,,,,,,wzife.wdf,2019188530,655674701,
体恤,当生命之泉的作用目标气血≤30%时，生命之泉恢复效果增加150点。,8,,,,,,,,,,,,,wzife.wd2,0xF19C2D33,0xF19C2D33,
锤炼,武器耐久损失速度降低40%，增加3%武器伤害。,8,,,,,,,,,,,,,wzife.wd2,0x18172D37,0x18172D37,
神附,增加人物力量*8%的伤害力。,8,,,,,,,,,,,,,wzife.wd2,0x43F66789,0x43F66789,
心浪,回合结束时，若你愤怒少于50点，随机增加1~15点愤怒。,8,,,,,,,,,,,,,wzife.wd2,0x284FBFEC,0x284FBFEC,
养生,当你气血降低到50%以下，且没有生命之泉时，获得生命之泉效果。,8,,,,,,,,,,,,,wzife.wd2,0xCF2DA86F,0xCF2DA86F,
强击,攻击时忽视召唤兽10%的防御值；自身封印命中率降低5%。,8,,,,,,,,,,,,,wzife.wd2,0xA88BC46C,0xA88BC46C,
归本,日月乾坤命中时，60%取消对方主动法宝增加的持续效果。,8,,,,,,,,,,,,,wzife.wd2,0x736BD2FA,0x736BD2FA,
修心,使用除“慈航普度”以外的特技时，若愤怒不足将使用（所需愤怒*20）点魔法代替。每场战斗限一次。,8,,,,,,,,,,,,,wzife.wd3,0x151405E2,0x151405E2,
混元,当你气血≥70%时，临时提升5%的伤害力。,8,,,,,,,,,,,,,wzife.wd2,0x03636ACD,0x03636ACD,
修身,力量、体质、魔力、耐力、敏捷均增加14点。,8,,,,,,,,,,,,,wzife.wd2,0x47BCA30B,0x47BCA30B,
同辉,天地同寿状态下的目标防御值降低变为35%。,8,,,,,,,,,,,,,wzife.wd2,0xBF6B4C8C,0xBF6B4C8C,
雨杀,使用烟雨剑法需要的气血要求降低5%。烟雨剑法第二次攻击的必杀率提高20%。,8,,,,,,,,,,,,,wzife.wd2,0xA88BC46C,0xB6C48838,
乾坤,如果你连续2回合及以上没有使用日月乾坤，则你下一次使用日月乾坤成功率提高12%。,8,,,,,,,,,,,,,wzife.wd2,0x86543FA8,0x86543FA8,
意境,本方所有目标每回合结束时回复24点魔法值、1点愤怒。,8,,,,,,,,,,,,,wzife.wd2,0xC5AFBFE0,0xC5AFBFE0,
傲视,当攻击出现必杀时，下一次使用日月乾坤的成功率提高20%。,8,,,,,,,,,,,,,wzife.wd2,0xB6C48838,0xB6C48838,
陌宝,日月乾坤将附加无法使用道具的效果。自身物理伤害结果降低15%，封印命中率提升2%。,8,,,,,,,,,,,,,wzife.wd2,0xA88BC46C,0xA88BC46C,
心随意动,这是五庄弟子的最高心境，于此心法下施展“日月乾坤”，令人陶陶乎直入另一个世界。激活后（再次使用关闭此状态），持续8回合后自动关闭。持续回合内：1.提升七星遁等级*1.5的封印命中等级、伤害力；2.使用日月乾坤封印成功后自己下回合不能使用日月乾坤；消耗：30点MP。,8,,,,,,,,,,,,,wzife.wd2,0xFD5AC0B0,0xFD5AC0B0,
致命,被你攻击的目标在回合结束时，若目标的气血小于气血上限的10%则直接暴毙。（对NPC最多造成等级*10点伤害）,8,,,,,,,,,,,,,wzife.wd2,0x8C44F88C,0x8C44F88C,
清风望月,五庄观的弟子可以于乾坤腾挪之中领悟妙法，吸收2个队友身上的封印效果，使自己进入疯狂状态2回合。消耗：40点愤怒。冷却回合：4。,8,,,,,,,,,,,,,wzife.wd2,0x8FE977C4,0x8FE977C4,
天命剑法,率意而行、道法自然，在五庄弟子出手之际，他自身也道不出这一招之中蕴含了多少剑意。或许，只有冥冥之中的三清可知吧？以无人能够预知的剑术攻击目标，对其随机发动2~5次物理攻击。使用后下回合不能行动。使用需要气血≥气血上限的70%；消耗：消耗最大气血的2%*实际攻击次数。冷却回合：5回合。,8,,,,,,,,,,,,,wzife.wd2,0x30EA31AF,0x30EA31AF,
九龙诀,按技能等级提高灵力,8,,,,,,,,,,,,,wzife.wdf,140291603,923894374,
破浪诀,按技能等级提高伤害力,8,,,,,,,,,,,,,wzife.wdf,4132491653,3313121721,
呼风唤雨,无效果,8,,,,,,,,,,,,,wzife.wdf,438165716,1919875705,
龙腾术,无效果,8,,,,,,,,,,,,,wzife.wdf,3471484278,2151837087,
逆鳞术,按技能等级提高防御力,8,,,,,,,,,,,,,wzife.wdf,3104091414,3406230011,
游龙术,按技能等级提高躲避力,8,,,,,,,,,,,,,wzife.wdf,1730135660,316450658,
龙附术,无效果,8,,,,,,,,,,,,,wzife.wdf,3715378746,3758617445,
龙腾,施展强力的法术攻击对方单人,4,,30点魔法,龙腾术技能达到50级,,,,,,,,,,wzife.wdf,2093346600,3650312562,
乘风破浪,战斗中增加自己或队友的躲避力,3,,40点魔法,游龙术技能达到20级,,,,,,,,,,wzife.wdf,90073709,3228417140,
龙吟,龙啸九天，使用后可以减少对方全体队员一定的气血和魔法值,4,,30点魔法,龙附技能达到30级,,,,,,,,,,wzife.wdf,1318499395,2137943042,
神龙摆尾,持续一定回合的防御性法术，拥有该效果时施法者减少20%所承受的物理伤害。,5,,100点魔法,人物飞升且“破浪诀”技能达到120级,,,,,,,,,,wzife.wdf,1562612473,2539345287,
龙卷雨击,施展法术攻击对方，技能达到一定等级后可攻击多人,4,,20点魔法，攻击多人时消耗增加,呼风唤雨技能达到15级,,,,,,,,,,wzife.wdf,201672841,842454497,
逆鳞,战斗中增加自己的伤害力,2,,40点魔法,逆鳞技能达到30级,,,,,,,,,,wzife.wdf,1493556934,3804853170,
解封,单次解除女儿村封类法术的影响,3,,60点魔法,九龙诀技能达到30级,,,,,,,,,,wzife.wdf,2555181368,1807191850,
龙啸九天,克制盘丝洞弟子的必杀技,4,,150点愤怒值,龙附技能达到25级，人物等级达到20级,,,,,,,,,,wzife.wdf,3644673853,2124753589,
二龙戏珠,施展法术攻击对方两个目标,4,,70点魔法,人物飞升且“九龙诀”技能达到120级,,,,,,,,,,wzife.wdf,1266218218,630766288,
龙附,打造后为武器提高一定的属性,12,,和技能等级数相同的活力,龙附技能达到35级，人物等级达到30级,,,,,,,,,,wzife.wdf,2888970157,1784954158,
水遁,平时或战斗中使用，可以瞬间回到自己的门派,0,,战斗时消耗当前所有魔法，非战斗时消耗10点气血、魔法,游龙术技能达到1级,,,,,,,,,,wzife.wdf,596614171,2671300567,
波涛,龙腾造成的伤害将额外增加破浪诀等级*1.5的固定伤害。,8,,,,,,,,,,,,,wzife.wd2,0x4714CA13,0x4714CA13,
破浪,每次使用技能时有概率额外提高100点临时法伤（只用于本次出手）,8,,,,,,,,,,,,,wzife.wd2,0xA5F354BA,0xA5F354BA,
云霄,龙卷雨击造成伤害的时候，将概率额外增加100点临时伤害,8,,,,,,,,,,,,,wzife.wd2,0x8A3EF0F0,0x8A3EF0F0,
逐浪,龙卷雨击造成的伤害将额外增加破浪诀等级*0.5的固定伤害。,8,,,,,,,,,,,,,wzife.wd2,0x890B8397,0x890B8397,
踏涛,破浪诀等级≥人物等级时，增加60点法伤。,8,,,,,,,,,,,,,wzife.wd2,0x45238FC3,0x45238FC3,
清吟,龙吟技能额外将减少目标50-100点的气血值。,8,,,,,,,,,,,,,wzife.wd2,0xA135A426,0xA135A426,
天龙,每3次使用技能都能激发龙宫弟子的潜力，使得下一次法术攻击时临时提升150法术伤害力。,8,,,,,,,,,,,,,wzife.wd2,0x4DEF4B05,0x4DEF4B05,
龙珠,每次使用二龙戏珠时，有8%的几率额外增加一个目标。,8,,,,,,,,,,,,,wzife.wd2,0xF4F33841,0xF4F33841,
龙骇,任何门派伤害法术造成的伤害增加40点伤害结果。,8,,,,,,,,,,,,,wzife.wd2,0xDFF0E26B,0xDFF0E26B,
龙慑,对敌人额外增加100点法术伤害结果。,8,,,,,,,,,,,,,wzife.wd2,0xA9FDF759,0xA9FDF759,
傲翔,神龙摆尾持续回合增加1回合，效果增加10%。,8,,,,,,,,,,,,,wzife.wd2,0xA925D675,0xA925D675,
飞龙,受到大于等于气血上限25%的伤害都有70%的几率触发神龙摆尾技能。,8,,,,,,,,,,,,,wzife.wd2,0x45A7F519,0x45A7F519,
戏珠,增加二龙戏珠伤害，数值为目标(1-当前气血#W//目标气血上限)*1000。,8,,,,,,,,,,,,,wzife.wd2,0x4B2FA59C,0x4B2FA59C,
回魔,每回合回复魔法上限与当前灵力的差值的5%。,8,,,,,,,,,,,,,wzife.wd2,0xEE1C323A,0xEE1C323A,
月魂,装备上的月亮石效果增加40%。,8,,,,,,,,,,,,,wzife.wd2,0xBF6B4C8C,0xBF6B4C8C,
汹涌,当目标处于法术减免状态下，忽视8%的减免效果。,8,,,,,,,,,,,,,wzife.wd2,0x773514B8,0x773514B8,
龙魄,龙卷雨击有10%几率额外作用3人。,8,,,,,,,,,,,,,wzife.wd2,0x97C568AA,0x97C568AA,
摧意,龙腾造成的伤害≥目标气血上限*20%时，减少目标300点魔法值。,8,,,,,,,,,,,,,wzife.wd2,0x13DFE838,0x13DFE838,
亢龙归海,矫健的神龙翻腾四海的英姿很少有人目睹，而之后更无人能够道出其中的神威。每回合临时增加自身5%的灵力，最高25%，持续到战斗结束。每回合额外消耗100点魔法,8,,,,,,,,,,,,,wzife.wd2,0xCE07792D,0xCE07792D,
雷浪穿云,当那天地间卷起的白浪与电闪中的云彩揉成一片，任谁都无力承当神龙见首不见尾的后续打击。对目标使用后，目标在5回合内遭受的所有法术伤害增加30%，使用法术技能消耗MP增加100%+30点。消耗：60点MP。,8,,,,,,,,,,,,,wzife.wd2,0x77EC444B,0x77EC444B,
灵性,按技能等级提高灵力,8,,,,,,,,,,,,,wzife.wdf,3949490866,3143201775,
护法金刚,按技能等级提高伤害力,8,,,,,,,,,,,,,wzife.wdf,223144262,84328029,
观音咒,无效果,8,,,,,,,,,,,,,wzife.wdf,1410587972,1911562650,
五行学说,无效果,8,,,,,,,,,,,,,wzife.wdf,3646722626,733606302,
金刚经,无效果,8,,,,,,,,,,,,,wzife.wdf,2444843522,4122844852,
五行扭转,按技能等级提高防御力,8,,,,,,,,,,,,,wzife.wdf,3256679059,3457635171,
莲花宝座,按技能等级提高躲避力,8,,,,,,,,,,,,,wzife.wdf,37911440,2202511971,
巨岩破,施展法术攻击多人，并附加固定伤害,4,,50点魔法,五行学技能达到12级,,,,,,,,,,wzife.wdf,3218559640,3817801025,
灵动九天,妙法万千，唤九天神威为队友临时增加灵力,3,,30点魔法,人物飞升且“金刚经”技能达到120级,,,,,,,,,,wzife.wdf,2299324564,1921901005,
紧箍咒,一定回合内每回合减少对方的气血和气血上限,4,,50点魔法,观音咒技能达到30级,,,,,,,,,,wzife.wdf,1573115441,956876360,
苍茫树,施展法术攻击多人，并附加固定伤害,4,,50点魔法,五行学技能达到13级,,,,,,,,,,wzife.wdf,1228860567,2355974251,
自在心法,清除己方队员身上普渡众生效果，同时将该回合剩余回合可增加的当前气血与气血上限结算进行回复。,3,,30点魔法,灵性技能达到60级,,,,,,,,,,wzife.wd1,1199130784,3420028880,
莲华妙法,打造后为项链提高一定的属性,12,,和技能等级数相同的活力,金刚经技能达到35级,,,,,,,,,,wzife.wdf,4050867699,2277699794,
杨柳甘露,使用后可以复活已经死亡的队友，可以复活处在“锢魂术”或者“死亡召唤”状态下剩余回合小于等于2的队友。,3,,150点魔法,观音咒技能达到20级,,,,,,,,,,wzife.wdf,3757213330,794491517,
五行错位,克制女儿村弟子的必杀技,4,,150点愤怒值,五行扭转技能达到25级，人物等级达到20级,,,,,,,,,,wzife.wdf,322760356,3739244200,
靛沧海,施展法术攻击多人，并附加固定伤害,4,,50点魔法,五行学技能达到11级,,,,,,,,,,wzife.wdf,2679663466,1783445565,
坐莲,平时状态下使用，可以瞬间回到自己的门派,0,,10点气血和10魔法,莲花宝座技能达到1级,,,,,,,,,,wzife.wdf,2462764859,3850121742,
颠倒五行,为队友临时增加四系法术吸收率、法术闪避率及概率触发法术连击率(不对治疗效果生效),3,,80点魔法,“五行扭转”技能达到30级,,,,,,,,,,wzife.wdf,1849998950,3616521026,
普渡众生,恢复队友的气血并治疗伤势,3,,50点魔法,金刚经技能达到15级,,,,,,,,,,wzife.wdf,688650727,3407231441,
日光华,施展法术攻击多人，并附加固定伤害,4,,50点魔法,五行学技能达到10级,,,,,,,,,,wzife.wdf,2064123225,877019458,
化戈,增加武器伤害*18%的治疗量。,8,,,,,,,,,,,,,wzife.wd2,0x8FE4B9FF,0x8FE4B9FF,
推衍,自身敏捷≥等级*2.2时，五行法术对目标伤害增加21%，。,8,,,,,,,,,,,,,wzife.wd2,0x7D712683,0x7D712683,
借灵,武器伤害的24%转化为五行法术伤害。,8,,,,,,,,,,,,,wzife.wd2,0x9C0D1C5B,0x9C0D1C5B,
莲花心音,普陀弟子以莲花苞为躯，引魂入体，则可以复活在战斗中死亡的鬼魂幻兽。复活场上一个处于死亡状态的鬼魂宠，被复活目标获得60%的气血上限与当前36%的魔法值。,8,,60点魔法,,,,,,,,,,,wzife.wd2,0x07DEBF4F,0x07DEBF4F,
生克,队伍内成员的五行克制能力增加4%。,8,,,,,,,,,,,,,wzife.wd2,0x1C454D91,0x1C454D91,
默诵,紧箍咒造成的伤害增加100%，同时如果目标处于紧箍咒时每回合结束时增加自身6点愤怒。,8,,,,,,,,,,,,,wzife.wd2,0x6AB318F7,0x6AB318F7,
劳心,当前气血≤气血上限*30%时，使用普渡众生或者杨柳甘露技能带来的气血恢复效果额外增加100%。,8,,,,,,,,,,,,,wzife.wd2,0x00B8064E,0x00B8064E,
普渡,普渡众生的气血恢复效果增加12%。,8,,,,,,,,,,,,,wzife.wd2,0x9110FB84,0x9110FB84,
化怨,当前气血≤气血上限*30%时，受到的所有伤害减少25%。,8,,,,,,,,,,,,,wzife.wd2,0xBBC8F2A2,0xBBC8F2A2,
甘露,对目标使用杨柳甘露法术成功时，有50%的几率附带普渡众生效果4回合。,8,,,,,,,,,,,,,wzife.wd2,0xAF6FDE97,0xAF6FDE97,
法印,颠倒五行法术吸收几率与上限增加10%、躲避率增加8%，持续回合数增加3。,8,,,,,,,,,,,,,wzife.wd2,0x4B145B23,0x4B145B23,
秘术,使用五行法术时，将波动150点伤害,8,,,,,,,,,,,,,wzife.wd2,0xF109AB4C,0xF109AB4C,
灵动,灵动九天效果增加30点，持续回合数增加3。,8,,,,,,,,,,,,,wzife.wd2,0x4DCD5F44,0x4DCD5F44,
雨润,当队伍中成员的普渡众生效果消失时，目标会额外恢复灵性等级*0.7的气血,8,,,,,,,,,,,,,wzife.wd2,0x4290BCBB,0x4290BCBB,
莲心剑意,普陀山的弟子情系众生、虔心不染如一朵莲花绽放在凡尘中但江湖险恶、妖风魔雨为了护佑苍生她们不得不常怀剑意惩恶除奸使用此技能后进入进攻状态增加法术修炼等级*3%的固定伤害但降低自身12%被治疗的效果,8,,500点MP,,,,,,,,,,,wzife.wd2,0xC2D6BBD3,0xC2D6BBD3,
玉帛,护法金刚技能所为人物增加伤害的8%转化为普渡众生气血恢复效果。,8,,,,,,,,,,,,,wzife.wd2,0xA96E7A76,0xA96E7A76,
道衍,普渡众生的作用对象额外增加2个。,8,,,,,,,,,,,,,wzife.wd2,0xCE18F021,0xCE18F021,
法咒,五行法术有20%的几率使伤害增加50%,8,,,,,,,,,,,,,wzife.wd2,0x2A398778,0x2A398778,
波澜不惊,普陀山弟子由于精通五行造化，方可布下这吸收一切伤害的结界阵法。颠倒五行增加20%的法术连击效果。,8,,,,,,,,,,,,,wzife.wd2,0xAED0F931,0xAED0F931,
五行制化,随机使用五行法术中的任意一个，但将目标提升为10，且伤害增加30%,4,,70点魔法,,,,,,,,,,,wzife.wd2,0xF46EB09D,0xF46EB09D,
瞬息万变,无效果,8,,,,,,,,,,,,,common/wzife.wdf,91138644,3611723828,
万灵诸念,按技能等级提高灵力,8,,,,,,,,,,,,,common/wzife.wdf,1673295044,3633730222,
巫咒,按技能等级提高伤害力,8,,,,,,,,,,,,,common/wzife.wdf,1387740863,3945429798,
万物轮转,按技能等级提高防御力,8,,,,,,,,,,,,,common/wzife.wdf,236054114,3548374182,
天人庇护,按技能等级提高躲避力,8,,,,,,,,,,,,,common/wzife.wdf,466502506,2656066797,
神木恩泽,无效果,8,,,,,,,,,,,,,common/wzife.wdf,1911264426,785936658,
驭灵咒,按技能等级提高最大魔法上限,8,,,,,,,,,,,,,common/wzife.wdf,3018347230,1524159458,
落叶萧萧,使用法术攻击敌方多个目标。 攻击个数=技能等级除以35+1，最多5人。,4,,70点魔法*作用人数,“瞬息万变”技能达到35级,,,,,,,,,,common/wzife.wdf,0x2E734F9D,0x0B8CF3A1,
荆棘舞,使用法术攻击敌方，造成较高伤害。,4,,80点魔法,“万灵诸念”技能达到20级,,,,,,,,,,common/wzife.wdf,0xDD2AB898,0x6A647570,
尘土刃,使用法术攻击敌方单体目标，并附加固定伤害。,4,,80点魔法,“万灵诸念”技能达到20级,,,,,,,,,,common/wzife.wdf,0x3FE17E30,0x71C197B0,
冰川怒,使用法术攻击敌方单体目标。并且有一定概率冻结目标。冻结期间目标伤害降低10%，并且每回合概率不行动,4,,80点魔法,“万灵诸念”技能达到20级,,,,,,,,,,common/wzife.wdf,0xEDF81F56,0x3B12CD18,
雾杀,使用法术攻击敌方单人目标，对敌人造成持续毒性伤害。,4,,150点魔法,“巫咒”技能达到40级,,,,,,,,,,common/wzife.wdf,0x1EE55D3C,0x0DA2D8DF,
血雨,消耗自身气血，对敌人单体目标造成大量伤害。 使用后，自己下回合无法使用法术。 ,4,,200点魔法，200点气血,“巫咒”技能达到40级,,,,,,,,,,common/wzife.wdf,0x126B932F,0x7D52C301,
星月之惠,回复自身一定的气血值。,5,,150点魔法,“巫咒”技能达到40级,,,,,,,,,,common/wzife.wdf,4284560198,8287795,
炎护,抵御50%的气血伤害，每抵御1点伤害消耗1点魔法,5,,100点魔法,“天人庇护”技能达到50级,,,,,,,,,,common/wzife.wdf,0xA215E746,0xC5D73984,
叶隐,平时状态下使用，可以瞬间回到自己的门派。,0,,10点气血和10点魔法,“天人庇护”技能达到1级,,,,,,,,,,common/wzife.wdf,0x64FEA3A4,0x51763883,
神木呓语,打造后为鞋子临时增加一定的魔法值。,12,,10点气血和10点魔法,“神木恩泽”技能达到35级，人物等级达到30级。,,,,,,,,,,common/wzife.wdf,0x977F5625,0x33CC0A38,
蜜润,增加己方多人的法术伤害力 ,5,,100点魔法,“驭灵咒”技能达到20级,,,,,,,,,,common/wzife.wdf,0x058EE366,0xF83E2272,
蝼蚁蚀天,克制凌波城弟子的必杀技。,0,,150点愤怒值,“驭灵咒”技能达到25级，人物等级达到20级,,,,,,,,,,common/wzife.wdf,0xAC0B8B61,0xAC574467,
风灵,每次使用单体封印技能失败时，使得下次单体封印时成功率提高30%。到下一次命中时清空该效果。攻击时，每命中一个目标都有48%的几率使施法者获得风灵效果，风灵效果持续到战斗结束，最高可叠加10层；施法者进行法术攻击时额外增加风灵层数*瞬息万变技能等级*0.1的法术攻击伤害力。,8,,,,,,,,,,,,,common/wzife.wdf,0x4BB78E6D,0x4BB78E6D,
法身,你的落叶萧萧在对目标施放时会额外作用一个单位。,8,,,,,,,,,,,,,common/wzife.wdf,0xC3E2C628,0xC3E2C628,
"咒术""",同时被落叶萧萧命中的目标有25%几率获得“雾杀”效果。如果目标带有雾杀效果，且目标雾杀效果消失时会为施法者附加一层“雾痕”的效果，雾痕会使施法者增加雾痕层数*0.1*巫咒技能等级的法术伤害，但雾痕效果最高叠加6层,8,,,,,,,,,,,,,common/wzife.wdf,0xDBFE0302,0xDBFE0302,
雾痕,同时被落叶萧萧命中的目标有25%几率获得“雾杀”效果。如果目标带有雾杀效果，且目标雾杀效果消失时会为施法者附加一层“雾痕”的效果，雾痕会使施法者增加雾痕层数*0.1*巫咒技能等级的法术伤害，但雾痕效果最高叠加6层,8,,,,,,,,,,,,,common/wzife.wdf,0xDBFE0302,0xDBFE0302,
灵压,法术攻击类技能伤害结果提高8%。,8,,,,,,,,,,,,,common/wzife.wdf,0x8BE68718,0x8BE68718,
咒法,巫咒等级≥人物等级时，增加60点法术伤害力。,8,,,,,,,,,,,,,common/wzife.wdf,0xE17F1C2E,0xE17F1C2E,
蔓延,使用荆棘舞时会消耗自身所有的雾痕，每层雾痕额外增加30点伤害效果,8,,,,,,,,,,,,,common/wzife.wdf,0xDA21274D,0xDA21274D,
鞭挞,荆棘舞会额外增加“万灵诸念”等级*风灵层数*0.3的法术伤害力。,8,,,,,,,,,,,,,common/wzife.wdf,0x2AAB3A47,0x2AAB3A47,
月影,星月之惠效果增加20%。,8,,,,,,,,,,,,,wzife.wd2,0x95F03B6B,0x95F03B6B,
不侵,带有“炎护”时，攻击你的目标有50%的几率被附加“雾杀”效果。,8,,,,,,,,,,,,,common/wzife.wdf,0x51C241BE,0x51C241BE,
风魂,战斗中提升自身风灵层数*10的防御。,8,,,,,,,,,,,,,common/wzife.wdf,0xD53A237C,0xD53A237C,
冰锥,当使用冰川怒成功冰冻目标时有几率将是施法者身上的雾痕层数提高一倍；当冰川怒对触发过“高级神佑复生”或“神佑复生”的目标时将附加风灵层数*15的伤害值。,8,,,,,,,,,,,,,common/wzife.wdf,0x83D1EA06,0x83D1EA06,
血契,使用血雨时会消耗自身全部的雾痕印记，但会额外对目标使用一次血雨，且使用血雨时无需休息并且会附加200点的固定伤害，但同时自身会再次消耗200点魔法。,8,,,,,,,,,,,,,common/wzife.wdf,0x1A899ACD,0x1A899ACD,
滋养,使用蜜润时，会为目标额外回复自身一定的魔法,8,,,,,,,,,,,,,common/wzife.wdf,0x82DE1BB0,0x82DE1BB0,
纯净,进入战斗时临时提高万物轮转等级*2的气血上限,8,,,,,,,,,,,,,common/wzife.wdf,0x8E6B4692,0x8E6B4692,
破杀,“雾杀”在消失时会发生爆炸，爆炸产生的伤害为最后回合本应造成伤害的150%。,8,,,,,,,,,,,,,common/wzife.wdf,0xE567BAAB,0xE567BAAB,
追击,当使用尘土刃时有风灵层数*5%的几率对额外的一个目标造成50%的伤害。,8,,,,,,,,,,,,,common/wzife.wdf,0xCE2EEB29,0xCE2EEB29,
灵能,使用落叶萧萧将有30%的几率对目标额外造成(施法者灵力#W//瞬息万变技能等级)*5的伤害,8,,,,,,,,,,,,,common/wzife.wdf,0xF316F196,0xF316F196,
寄生,使用尘土刃时将会引爆目标身上的所有雾痕印记，每层印记造成75点的固定伤害。,8,,,,,,,,,,,,,common/wzife.wdf,0x92FE057C,0x92FE057C,
风卷残云,神木林在觉醒，风在咆哮！大风带着神木林弟子的怒意无情的打击面前的敌人。对目标使用一次落叶萧萧技能，并且对目标附加风灵印记层数*50点的固定伤害。,4,,150点魔法,,,,,,,,,,,common/wzife.wdf,0x3778487D,0x3778487D,
凋零之歌,歌声飘进敌人的耳中，颤动着敌人心窝，在无形中侵袭着敌阵的斗志，埋下毁灭之种。目标接下来2回合受到的法术伤害增加16%，若目标带有雾杀效果，则引爆雾杀效果，否则只能造成100点伤害；并使对手随机3个未带雾杀效果的目标获得雾杀效果。,4,,100点魔法,,,,,,,,,,,common/wzife.wdf,0x281E732A,0x281E732A,
天地无极,无效果,8,,,,,,,,,,,,,common/wzife.wdf,2616462789,3629430297,
九转玄功,无效果,8,,,,,,,,,,,,,common/wzife.wdf,1837364177,1720159516,
武神显圣,无效果,8,,,,,,,,,,,,,common/wzife.wdf,3229675127,2285367568,
啸傲,按技能等级提高灵力,8,,,,,,,,,,,,,common/wzife.wdf,1753145086,796505945,
气吞山河,按技能等级提高伤害力,8,,,,,,,,,,,,,common/wzife.wdf,4005775594,1613219782,
诛魔,按技能等级提高防御力,8,,,,,,,,,,,,,common/wzife.wdf,150136690,2802612826,
法天象地,按技能等级提高命中,8,,,,,,,,,,,,,common/wzife.wdf,2858795509,3937616310,
踏山裂石,临时提升必杀几率对单个敌人进行物理攻击,4,,50点魔法,“气吞山河”技能达到25级,,,,,,,,,,common/wzife.wdf,0xF4DCF38F,0x1C603FAE,
裂石,临时提升必杀几率对单个敌人进行物理攻击，增加1点战意值。,4,,50点魔法,“气吞山河”技能达到25级,,,,,,,,,,common/wzife.wdf,0xF4DCF38F,0x1C603FAE,
断岳势,临时提升必杀几率对单个敌人进行2次物理攻击。,4,,50点魔法、1点战意,“气吞山河”技能达到35级,,,,,,,,,,common/wzife.wdf,0x5AA54949,0x5C95AF41,
天崩地裂,临时提升必杀几率对单个敌人进行3次物理攻击。最后一次攻击不会被保护。,4,,50点魔法、3点战意,“气吞山河”技能达到45级,,,,,,,,,,common/wzife.wdf,0x9ADAEA80,0x3FB03390,
浪涌,根据对方防御值临时提升一定伤害力对单个敌人进行物理攻击。目标为怪物时增加作用人数。攻击怪物个数=技能等级除以35+1。最多3个。增加1点战意值。 ,4,,个数*20点魔法,“气吞山河”技能达到25级,,,,,,,,,,common/wzife.wdf,0xCE61D91C,0x1A289BEA,
惊涛怒,根据对方防御值临时提升一定伤害力对多个敌人进行物理攻击。攻击个数=技能等级出除以35+1，最多3人。,4,,个数*20点魔法、1点战意,“气吞山河”技能达到35级,,,,,,,,,,common/wzife.wdf,0xB91C6953,0xBE11779C,
翻江搅海,根据对方防御值临时提升一定伤害力对多个敌人进行物理攻击。攻击个数=技能等级除以30+2，最多6人。,4,,个数*30点魔法、3点战意,“气吞山河”技能达到45级,,,,,,,,,,common/wzife.wdf,0x26419C11,0x11879028,
腾雷,对目标造成伤害并有机会使目标受技能恢复效果降低。,4,,60点魔法,“诛魔”技能达到120级，且人物飞升,,,,,,,,,,common/wzife.wdf,0x569D01F7,0x956BA0A2,
指地成钢,克制无底洞弟子的必杀技。,4,,150点愤怒,“诛魔”技能达到25级，人物等级达到20级。,,,,,,,,,,common/wzife.wdf,0xF4DCF38F,0x1C603FAE,
不动如山,使用后减少自身受到的法术伤害与物理伤害。持续1回合。,5,,150点魔法,“九转玄功”技能达到25级,,,,,,,,,,common/wzife.wdf,0xD96F2331,0x38C47290,
碎星诀,提升自己或队友的物理伤害结果，持续一定回合。不能与镇魂诀同时存在。,5,,30点魔法,“武神显圣”技能达到30级,,,,,,,,,,common/wzife.wdf,0x136442C0,0x5F8D7935,
镇魂诀,提升自己或者队友的必杀几率，持续一定回合。 不能与碎星诀同时存在。,3,,5%的当前气血,“武神显圣”技能达到120级，且人物飞升,,,,,,,,,,common/wzife.wdf,0x9E1580AA,0xF808DCC6,
无穷妙道,一定几率解除无底洞封印法术。,5,,60点魔法,“法天象地”技能达到30级,,,,,,,,,,common/wzife.wdf,0xAFDB81A4,0x76FBBEEC,
纵地金光,平时状态下使用，可以瞬间回到自己的门派。,0,,10点气血和10点魔法,“法天象地”技能达到1级。,,,,,,,,,,common/wzife.wdf,0xE6A2AA59,0xFEF5D678,
穿云破空,为腰带附加提升物理攻击伤害结果的临时效果。,9,,和技能等级相同的活力,“啸傲”技能达到35级，人物等级达到30级。 ,,,,,,,,,,wzife.wdf,3085440238,3294906395,
山破,使用天崩地裂后，自身恢复气血上限5%的血量。,8,,,,,,,,,,,,,common/wzife.wdf,0x673833C4,0x673833C4,
战诀,使用碎星诀和镇魂诀时，额外提高10%的必杀率，不可叠加，持续到战斗结束。,8,,,,,,,,,,,,,common/wzife.wdf,0xB97A5577,0xB97A5577,
抗击,不动如山增加100%反击效果。,8,,,,,,,,,,,,,common/wzife.wdf,0x37FCB484,0x37FCB484,
聚气,使用消耗愤怒≥60的特技时，有20%的几率触发不动如山的效果。,8,,,,,,,,,,,,,common/wzife.wdf,0x6009D906,0x6009D906,
神诀,使用天崩地裂与翻江倒海的技能时，刷新自身碎星诀或镇魂诀状态的回合数到初始值，并增加25%的效果，最多增加100%。,8,,,,,,,,,,,,,common/wzife.wdf,0x7D0D0DAB,0x7D0D0DAB,
魂聚,每次使用攻击类技能，增加6点愤怒。,8,,,,,,,,,,,,,common/wzife.wdf,0xB7BD0013,0xB7BD0013,
神躯,受到大于等于气血上限20%的伤害时，超过20%的部分会降低30%。。,8,,,,,,,,,,,,,common/wzife.wdf,0xCF5AD689,0xCF5AD689,
斩魔,碎星诀和镇魂诀效果提升12%。,8,,,,,,,,,,,,,common/wzife.wdf,0xE2910606,0xE2910606,
不动,若在不动如山的状态下死亡，会额外保留80点愤怒。,8,,,,,,,,,,,,,common/wzife.wdf,0x9769021C,0x9769021C,
力战,天崩地裂最后一击额外造成360点伤害。,8,,,,,,,,,,,,,common/wzife.wdf,0x0E10688C,0x0E10688C,
破击,裂石，断岳势，天崩地裂出现必杀的几率翻倍，但产生必杀时只会造成1.6倍的伤害。,8,,,,,,,,,,,,,common/wzife.wdf,0x6E010D11,0x6E010D11,
怒涛,浪涌，惊涛怒，翻江搅海的每一次攻击有70%几率降低目标人物自身等级/2的防御，持续2回合。,8,,,,,,,,,,,,,common/wzife.wdf,0xE971301E,0xE971301E,
海沸,增加人物力量*8%的伤害力。,8,,,,,,,,,,,,,common/wzife.wdf,0xBCE3BB39,0xBCE3BB39,
怒火,每次使用攻击类技能后，如果当前回合受到20%气血上限的伤害时，下回合自身伤害提升10%，防御降低10%。,8,,,,,,,,,,,,,common/wzife.wdf,0xDEECD728,0xDEECD728,
煞气,使用攻击类技能时附加100点伤害力。,8,,,,,,,,,,,,,common/wzife.wdf,0x338B3040,0x338B3040,
强袭,每次使用不动如山后，都会使攻击类技能伤害提升12%，持续3回合。状态不可刷新，不叠加。,8,,,,,,,,,,,,,common/wzife.wdf,0xC6AD7685,0xC6AD7685,
雷附,提升腾雷的命中率10%，被腾雷附上致死状态的单位若在2回合内死亡，有50%的概率回复人物气血上限5%的血量。,8,,,,,,,,,,,,,common/wzife.wdf,0x7F38C97C,0x7F38C97C,
再战,每次使用断岳势造成一个单位的死亡都会使下回合的断岳势伤害结果提高10%。,8,,,,,,,,,,,,,common/wzife.wdf,0x606669C9,0x606669C9,
天神怒斩,天神盛怒，以开天辟地之势，挥刀怒斩，天崩地裂的攻击次数变为4次，但气血消耗将加倍。,8,,,,,,,,,,,,,common/wzife.wdf,0xA8AF3DC0,0xA8AF3DC0,
真君显灵,敲动战鼓，一鼓作气拿下敌人。进入“真君显灵”状态，持续3回合，提升自身10%物理伤害，降低自身10%物理防御。消耗：100点魔法。冷却回合：5。,66,,,,,,,,,,,,,common/wzife.wdf,0x4017404F,0x4017404F,
枯骨心法,无效果,8,,,,,,,,,,,,,common/wzife.wdf,3947876534,3256658495,
阴风绝章,无效果,8,,,,,,,,,,,,,common/wzife.wdf,580599606,2376753741,
鬼蛊灵蕴,按技能等级提高灵力,8,,,,,,,,,,,,,common/wzife.wdf,2137124880,642299714,
燃灯灵宝,按技能等级提高防御力,8,,,,,,,,,,,,,common/wzife.wdf,2206649654,2011054851,
地冥妙法,无效果,8,,,,,,,,,,,,,common/wzife.wdf,2066772317,1202816090,
混元神功,按技能等级提伤害力,8,,,,,,,,,,,,,common/wzife.wdf,3367413411,2065734785,
秘影迷踪,按技能等级提高速度,8,,,,,,,,,,,,,common/wzife.wdf,4041502466,2278980523,
移魂化骨,消耗自身气血使目标获得吸血效果，持续一定回合。,3,,最大气血的10%,“枯骨心法”技能达到20级,,,,,,,,,,common/wzife.wdf,0x173015AE,0x121AC8D4,
夺魄令,令目标一定回合内无法使用法术。,4,,30点魔法,“阴风绝章”技能达到25级,,,,,,,,,,common/wzife.wdf,0x62221B56,0x076EA85A,
煞气诀,使目标一定回合无法做部分行动（禁止使用物理、法术、特技、法宝、物品），并且该目标不会受到攻击。可作用于敌人或队友，不能作用于自己。使用后2回合内降低自己的速度。,4,,50点魔法,“阴风绝章”技能达到30级,,,,,,,,,,common/wzife.wdf,0xC0504605,0x28D6DCD8,
惊魂掌,使用后使对手在持续回合内无法被他人保护（天神护法、指令保护）。,4,,50点魔法,“阴风绝章”技能达到50级,,,,,,,,,,common/wzife.wdf,0xC232A281,0x71307D22,
摧心术,使敌方2个目标速度降低，持续一定回合,4,,100点魔法,“阴风绝章”技能达到120级，且人物飞升,,,,,,,,,,common/wzife.wdf,0x1CC2B0B0,0xD6A5B20C,
夺命咒,使用固定伤害攻击对方多个目标，目标个数=技能等级除以35+1，最多5人。,4,,20点魔法，作用多人时消耗增加,“鬼蛊灵蕴”技能达到35级,,,,,,,,,,common/wzife.wdf,0x2A3E7A3C,0xA9AF9E72,
明光宝烛,使己方多人一定回合内大幅度提高防御力。,3,,100点魔法,“燃灯灵宝”技能达到35级,,,,,,,,,,common/wzife.wdf,0x54DB6CDE,0x59D84304,
金身舍利,使己方多人一定回合内承受的法术伤害结果减少,4,,100点魔法,“燃灯灵宝”技能达到120级，且人物飞升,,,,,,,,,,common/wzife.wdf,0x1BE322B2,0xFE884980,
地涌金莲,恢复自己或者队友的气血与气血上限,3,,50点魔法,“地冥妙法”技能达到20级,,,,,,,,,,common/wzife.wdf,0x40FB7647,0xF437CA2F,
万木凋枯,克制神木林弟子的技能,4,,150点愤怒,“地冥妙法”技能达到25级,,,,,,,,,,common/wzife.wdf,0x036B4345,0xF2E06AF8,
元阳护体,打造后为武器提升一定的气血,12,,和技能等级相同的活力,“混元神功”技能达到25级,,,,,,,,,,common/wzife.wdf,0xABD57D92,0x2EF58426,
遁地术,平时状态下使用，可以瞬间回到自己的门派。,0,,10点气血和10点魔法,“秘影迷踪”技能达到1级,,,,,,,,,,common/wzife.wdf,0x1D14968A,0x34D061C7,
金莲,地涌金莲额外作用一个目标。,8,,,,,,,,,,,,,common/wzife.wdf,0x33470573,0x33470573,
追魂,敏捷点数≥人物等级*2.2时，对目标使用的夺命咒伤害结果增加“枯骨心法”等级100%。你的夺魄令会封印目标的物理攻击。,8,,,,,,,,,,,,,common/wzife.wdf,0x4345B564,0x4345B564,
回敬,当前气血≤气血上限*50%时，封印命中率增加15%*（1-当前HP/最大HP）。,8,,,,,,,,,,,,,common/wzife.wdf,0x8E2CB1FA,0x8E2CB1FA,
由己渡人,复活一名队友，同时附加一个持续一回合的护盾。复活后恢复“地冥妙法”等级*6气血恢复“地冥妙法”等级*12的临时气血附加一个可以吸收（消耗气血+“地冥妙法”等级*4）的护盾消耗：10%的当前气血自身气血少于最大气血10%时无法使用。,8,,,,,,,,,,,,,common/wzife.wdf,0xDE58924A,0xDE58924A,
自愈,地涌金莲的恢复自身的气血量增加50%。,8,,,,,,,,,,,,,common/wzife.wdf,0x4F57FF06,0x4F57FF06,
陷阱,夺魄令被解除时，自身回复自身等级*1点气血。当前气血≤气血上限*50%时，该效果额外增加200%。,8,,,,,,,,,,,,,common/wzife.wdf,0x3E7BB1D9,0x3E7BB1D9,
化莲,地涌金莲增加武器伤害*30%点治疗能力。队伍中只有1个无底洞弟子时，地涌金莲首目标额外恢复地冥妙法*6点气血。,8,,,,,,,,,,,,,common/wzife.wdf,0x40FB7647,0x40FB7647,
风墙,使用金蟾，会同时消耗当前气血*50%的自身气血，同时为我方其他单位增力加消耗气血(金蜡等级*4+1)%(不超过等级*16)的护后值。,8,,,,,,,,,,,,,common/wzife.wdf,0xA35299B7,0xA35299B7,
御兽,自身携带的召唤兽（及孩子）进入战斗时，如果速度≥召唤兽等级*3，则增加召唤兽等级*1.6的速度。,8,,,,,,,,,,,,,common/wzife.wdf,0x4972C591,0x4972C591,
精进,明光宝烛、金身舍利效果增加200%，每回合减少40%。,8,,,,,,,,,,,,,common/wzife.wdf,0x3AC8DBC2,0x3AC8DBC2,
救人,煞气决对队友使用必定命中，且会额外回复地冥妙法等级*5的气血。,8,,,,,,,,,,,,,common/wzife.wdf,0xFD01D3AD,0xFD01D3AD,
灵身,当前气血≤气血上限*50%时，自身获得的金身舍利和明光宝烛持续回合数增加4、效果增加200%。,8,,,,,,,,,,,,,common/wzife.wdf,0x90622900,0x90622900,
持戒,惊魂掌命中率变为原先的300%（无视命中率上限），但持续回合数上限变为2回合，目标将无法受好友保护。,8,,,,,,,,,,,,,common/wzife.wdf,0x7B3ACA53,0x7B3ACA53,
内伤,夺命咒攻击目标时，对目标额外造成50+枯骨心法技能等级*150%的伤害。每场战斗的第一次夺命咒会作用多个单位，数量和攻击目标时相同。,8,,,,,,,,,,,,,common/wzife.wdf,0x70FDB194,0x70FDB194,
反先,摧心术的目标额外减少阴风绝章*40%点速度，同时减少8%封印命中率、物理暴击率、法术暴击率。,8,,,,,,,,,,,,,common/wzife.wdf,0xFB48D5CC,0xFB48D5CC,
忍辱,每当你被对方封印时，无论是否成功，都有100%概率获得6点愤怒。,8,,,,,,,,,,,,,common/wzife.wdf,0xB1254F74,0xB1254F74,
暗潮,愤怒在90以下时，每回合结束获得4点愤怒。,8,,,,,,,,,,,,,wzife.wd3,0x26A40C6E,0x26A40C6E,
噬魂,你的“移魂化骨”吸取生命值的40%会转化为你的生命值。,8,,,,,,,,,,,,,common/wzife.wdf,0x173015AE,0x173015AE,
同舟共济,为目标队友分担伤害，持续3回合。目标队友承受30%伤害，你承受30%伤害。消耗：最大气血的10%当前气血需≥最大气血50%才能使用冷却回合：5。,8,,,,,,,,,,,,,common/wzife.wdf,0x57365436,0x57365436,
妖风四起,驱动妖风封印敌人，使其不能使用法术。成功率与成功率上限=夺魄令成功率+10%。该封印不能被水清、冰清、玉清、晶清解除。（可封印处于休息状态的单位）持续2回合。消耗：40点愤怒。冷却回合：6。,8,,,,,,,,,,,,,common/wzife.wdf,0x8295E360,0x8295E360,
天火献誓,天女魃操纵天火的神力与生俱来。是修行本门技能的基础。,8,,,,,,,,,,,,,wzife.wd6,0X00000063,0X00000063,
天罚之焰,手中燃起灼灼炼焰，焚尽背恩忘义之徒。,8,,,,,,,,,,,,,wzife.wd6,0X00000057,0X00000057,
煌火无明,天女魃沉睡千年，煌火无明，魂梦成魇。梦中种种，惊、怒、怨、怖、仇皆化为凌厉诅咒，取人性命。,8,,,,,,,,,,,,,wzife.wd6,0X00000058,0X00000058,
化神以灵,悲而有灵，如惔如焚。怨而化魔，煌火燎原。怨怼仇恨可幻化为魑魅魍魉，与本门弟子一道出战。,8,,,,,,,,,,,,,wzife.wd6,0X00000060,0X00000060,
弹指成烬,生杀予夺，聚灭无常，弹指间，天火灼灼，魂火烬而烈焰生。,8,,,,,,,,,,,,,wzife.wd6,0X00000059,0X00000059,
藻光灵狱,粲粲三珠树，寄生赤水阴。三珠玄木蕴天地精华而生，灵光盈盈，吐叶垂华。沐其清辉，心静而神宁。,8,,,,,,,,,,,,,wzife.wd6,0X00000061,0X00000061,
离魂,勘破生死者，无影无形，心神意动，可绝云霓，入青霄，翱翔于杳冥之上。,8,,,,,,,,,,,,,wzife.wd6,0X00000062,0X00000062,
炽火流离,以炽热的火焰灼烧对手，吸噬其神魂，对单个敌方目标造成伤害并恢复自身生命,4,,30点魔法,“天罚之焰”技能达到10级,,,,,,,,,,wzife.wd6,0X00000100,0X00000165,
极天炼焰,天火煌煌，腾焰飞芒，极天之势，可焚万物，克制天机城弟子的必杀技，使用后需要休息1回合，成功率受技能等级与目标等级之差影响,4,,150点愤怒,“天罚之焰”技能达到25级,,,,,,,,,,wzife.wd6,0X00000101,0X00000166,
谜毒之缚,梦魇化为毒魅紧紧盘绕对手，使之无法呼吸，使目标造成的伤害和治疗降低，可叠加6层，作用目标数=技能等级/40+1，最多5个。,4,,(30+10*作用目标数)点魔法,“煌火无明”技能达到15级,,,,,,,,,,wzife.wd6,0X00000108,0X00000173,
诡蝠之刑,诡蝠振翅，阴风缭绕，见之皆毛骨悚然，使目标造成伤害时受到反噬，可叠加6层，作用目标数=技能等级/40+1，最多5个,4,,(30+10*作用目标数)点魔法,“煌火无明”技能达到10级,,,,,,,,,,wzife.wd6,0X00000109,0X00000174,
怨怖之泣,幽怨的哀哭绕梁不绝，令人魂悸而魄动，使目标增益状态更快消失，负面状态持续时间延长，可叠加6层，作用目标数=技能等级/40+1，最多5个,4,,(30+10*作用目标数)点魔法,“煌火无明”技能达到30级,,,,,,,,,,wzife.wd6,0X00000110,0X00000175,
誓血之祭,歃血为祭，唤天魔之哮，可惊天地，对目标造成大量伤害并诅咒对方，使用后需休息一回合,4,,50点魔法,“煌火无明”技能达到40级当前气血≥最大气血*50%,,,,,,,,,,wzife.wd6,0X00000111,0X00000176,
唤灵·魂火,怨之极，为仇，为怒，化形为魂火，有燎发摧枯之能，召唤(技能等级/125+2)个怨灵,66,,30点魔法,“化神以灵”技能达到1级,,,,,,,,,,wzife.wd6,0X00000102,0X00000167,
唤魔·堕羽,魂火灼灼而烬，堕羽浴火而生，其光其焰，威不可测，牺牲两个怨灵，召唤一个幻魔,66,,50点魔法,“化神以灵”技能达到20级,,,,,,,,,,wzife.wd6,0X00000103,0X00000168,
唤魔·毒魅,天火焚灵兽，灵兽神魂俱灭，其惊怖之状幻化为魔，靡坚不摧，牺牲召唤兽，召唤一个幻魔,66,,100点魔法,“化神以灵”技能达到120级且角色飞升,,,,,,,,,,wzife.wd6,0X00000112,0X00000177,
唤灵·焚魂,天火焚灵兽，灵兽形陨神散，化为魂火，牺牲召唤兽，召唤六个怨灵,66,,100点魔法,“化神以灵”技能达到120级且角色飞升,,,,,,,,,,wzife.wd6,0X00000113,0X00000178,
天魔觉醒,感惊、怒、怨、怖、仇之咒，天魔惊起而嗟，声震八荒，天震地骇，将吸收目标身上的诅咒并转换成一个幻魔,4,,1个金鸦火羽，100点魔法,角色化圣,,,,,,,,,,wzife.wd6,0X00000114,0X00000179,
净世煌火,天火灼灼，吞噬怨灵以补充自身的气血，牺牲一个怨灵，恢复气血并解除异常状态,3,,50点魔法,“弹指成烬”技能达到25级,,,,,,,,,,wzife.wd6,0X00000106,0X00000171,
焚魔烈焰,魂火烈烈，怨灵化燎原之焰灼烧对手，牺牲一个怨灵，对三个单位造成伤害,4,,(50*作用目标数)点魔法,“弹指成烬”技能达到35级,,,,,,,,,,wzife.wd6,0X00000107,0X00000172,
幽影灵魄,女魃墓弟子可采撷三珠树幻影所结灵魄，赋予装备神秘的力量，平时状态下使用，临时赋予鞋子提升抗封的功效，下线后消失,4,,和技能等级相同点数的活力,“藻光灵狱”技能达到35级且角色等级达到30级,,,,,,,,,,wzife.wd6,0X00000104,0X00000169,
魂兮归来,魂兮归来！吟诵起古老乐歌的女魃墓弟子可倏忽间返回门派，平时状态下使用，可以瞬间回到自己的门派，成功率受技能等级影响,0,,10点气血、10点魔法,“离魂”技能达到1级,,,,,,,,,,wzife.wd6,0X00000105,0X00000170,
腐蚀,你的怨灵和幻魔对带有诅咒的单位伤害提高1%*总层数。,8,,,,,,,,,,,,,wzife.wd6,0x00000223,0x00000223,
引魂,与NPC战斗时：进入战斗时会立刻召唤一个怨灵，若因为没有怨灵使用焚魔烈焰失败，且回合结束时场上没有怨灵，则会获得随机1-2个怨灵；你的怨灵只会攻击处于“谜毒之缚、诡蝠之刑、怨怖之泣”的单位，且伤害提升100%。,8,,,,,,,,,,,,,wzife.wd6,0x00000224,0x00000224,
咒怨,誓血之祭附带的诅咒提高为2层且伤害提高20%,8,,,,,,,,,,,,,wzife.wd6,0x00000225,0x00000225,
不共戴天,以锥心刻骨之恸、之怨、之怒化作为三界至阴至狠之诅咒，令对手骨化形销。提高目标身上所有来自你的诅咒4层，并且本回合内，这些诅咒不会被清除。,8,,,,,,,,,,,,,wzife.wd6,0x00000226,0x00000226,
灵诅,谜毒之缚、诡蝠之刑、怨怖之泣作用人数增加1。,8,,,,,,,,,,,,,wzife.wd6,0x00000227,0x00000227,
噬魔,对人物单位造成的所有伤害提高10%。,8,,,,,,,,,,,,,wzife.wd6,0x00000228,0x00000228,
异兆,使用唤灵·魂火有50%几率额外召唤一个怨灵,8,,,,,,,,,,,,,wzife.wd6,0x00000229,0x00000229,
不灭,你的谜毒之缚、诡蝠之刑、怨怖之泣有6%*层数的几率无法被晶清诀和玉清诀解除。,8,,,,,,,,,,,,,wzife.wd6,0x00000230,0x00000230,
灵威,你的法术击飞目标时，会召唤一个怨灵。,8,,,,,,,,,,,,,wzife.wd6,0x00000231,0x00000231,
余烬,场上没有怨灵时，使用焚魔烈焰会牺牲所有幻魔，每个牺牲的幻魔将会临时增加3个作用目标和等级*1的法伤。,8,,,,,,,,,,,,,wzife.wd6,0x00000232,0x00000232,
遗世,队伍中只有一个女魃墓弟子时，对方带有谜毒之缚、诡蝠之刑、怨怖之泣的单位被击飞时，获得状态“遗世”：你的下次焚魔烈焰不需要牺牲单位，持续3回合。,8,,,,,,,,,,,,,wzife.wd6,0x00000233,0x00000233,
怒火,焚魔烈焰额外作用一个单位。,8,,,,,,,,,,,,,wzife.wd6,0x00000234,0x00000234,
凋零,你的怨灵和幻魔受到的伤害降低10%。与玩家战斗时，召唤的首回合受到的伤害额外降低50%。,8,,,,,,,,,,,,,wzife.wd6,0x00000235,0x00000235,
血泉,目标的每层谜毒之缚、诡蝠之刑、怨怖之泣会使得你炽火流离和誓血之祭造成的伤害提高3%。,8,,,,,,,,,,,,,wzife.wd6,0x00000236,0x00000236,
俱灭,场上有怨灵时，炽火流离会额外消耗一个怨灵，此次法术必中且伤害提升30%，并且不会触发“降魔斗篷”、“蟠龙玉璧”。,8,,,,,,,,,,,,,wzife.wd6,0x00000237,0x00000237,
焕然,你的怨灵增加15%气血。,8,,,,,,,,,,,,,wzife.wd6,0x00000238,0x00000238,
伤蚀,你的怨灵/幻魔攻击时，有100%概率使目标获得随机诅咒。,8,,,,,,,,,,,,,wzife.wd6,0x00000239,0x00000239,
狂焰,每个怨灵会使得你造成的伤害提高3%。,8,,,,,,,,,,,,,wzife.wd6,0x00000240,0x00000240,
觉醒,回合结束时，每个在场的幻魔会使得你下回合速度提高5%。,4,,200点魔法,,,,,,,,,,,wzife.wd6,0x00000241,0x00000241,
无相诛戮,天女魃自幼乖僻邪谬，冷厉无情，绝境之时，唤怨灵化炽焰，不惜伤及队友。对一个单位造成大量法术伤害，但己方已死人物会附带2回合死亡禁锢。（效果与“天罚之焰”等级、己方死亡人数相关）,4,,60点魔法,,,,,,,,,,,wzife.wd6,0x00000243,0x00000243,
神工无形,大道无形，大巧不工。以神为意，方可御甲万里。此技能是本门修行的基础。,8,,,,,,,,,,,,,wzife.wd6,0X00000070,0X00000070,
攻玉以石,他山之石，可以攻玉。对友敌双方的深入研究，使你得以捭阖纵横，机变如神。,8,,,,,,,,,,,,,wzife.wd6,0X00000064,0X00000064,
擎天之械,吾有偃甲，壮伟无伦，擎天蔽日，威压乾坤。施展此技能，召唤出擎天巨甲，造就一道敌人永难跨越的屏障。,8,,,,,,,,,,,,,wzife.wd6,0X00000065,0X00000065,
千机奇巧,偃甲机簧精妙，毫厘之变，可激摇地拔山之能。精于偃术者，伏脉敌方之身，引发其懈怠之时，攻无不克。,8,,,,,,,,,,,,,wzife.wd6,0X00000069,0X00000069,
匠心不移,御甲之人以全部精神贯注其中，方可操纵自如。习至得心应手，便可引领友方攻势。,8,,,,,,,,,,,,,wzife.wd6,0X00000066,0X00000066,
运思如电,心窍开启，如有神助。修习此技能将令你心念如电，义理精要了然于胸。,8,,,,,,,,,,,,,wzife.wd6,0X00000068,0X00000068,
探奥索隐,浩繁辰星，烂漫银河。有景如斯，心岂缚于俗务？引首以望，吾辈意在苍穹。此技能可迫使天地展露其秘密，万物兴歇尽在掌握。,8,,,,,,,,,,,,,wzife.wd6,0X00000067,0X00000067,
一发而动,心念一动，身遂覆以偃甲。精心准备一枚零件，在回合结束时进入偃甲状态。 ,4,,1个金鸦火羽，100点魔法,角色化圣,,,,,,,,,,wzife.wd6,0X00000099,0X00000164,
针锋相对,针尖化为刀刃，敌人对你的锋锐将避无可避。物理攻击1～3名敌方单位，减少其对除了你之外的目标造成的所有伤害，可叠加3层。,4,,50点魔法,“攻玉以石”技能达到25级,,,,,,,,,,wzife.wd6,0X00000090,0X00000155,
攻守易位,攻守二势，神意相通，臻于化境，转换自如。将你的“攻之械”和“守之械”互相转化。,4,,30点魔法,“攻玉以石”技能达到120级且角色飞升,,,,,,,,,,wzife.wd6,0X00000091,0X00000156,
锋芒毕露,尽情展示偃甲魄力，使敌人如飞蛾扑火，无法将攻势从你身上转移。嘲讽1～5名敌方单位一定回合，使其攻击性行为以你为目标。,4,,50点魔法,“擎天之械”技能达到25级,,,,,,,,,,wzife.wd6,0X00000096,0X00000161,
诱袭,巧用偃术，以逸待劳，诱导指定的敌人发动进攻，反击制胜。挑衅1名敌方目标，使其对你进行物理攻击并触发你的反击。,4,,70点魔法,“千机奇巧”技能达到45级,,,,,,,,,,wzife.wd6,0X00000088,0X00000153,
匠心·破击,以偃术伏脉敌身，在适当时机激发，对其造成加倍伤害。对敌方单位造成固定伤害。,4,,（30*作用人数）点魔法,“千机奇巧”技能达到1级,,,,,,,,,,wzife.wd6,0X00000089,0X00000154,
匠心·削铁,独运巧匠之心，令友伴的兵刃削铁如泥。增加1～5名友方单位本回合造成的所有伤害。,4,,100点魔法,“匠心不移”技能达到120级且角色飞升,,,,,,,,,,wzife.wd6,0X00000093,0X00000158,
匠心·固甲,独运巧匠之心，令友伴的护甲坚不可摧。减少1～5名友方单位本回合受到的所有伤害。,4,,100点魔法,“匠心不移”技能达到35级,,,,,,,,,,wzife.wd6,0X00000094,0X00000159,
匠心·蓄锐,独运巧匠之心，令友伴的元气平复如故。回复1～5名友方单位的气血。,3,,80点魔法,“匠心不移”技能达到25级,,,,,,,,,,wzife.wd6,0X00000095,0X00000160,
天马行空,心至则身至，任天涯海角，瞬息便可回到门派之中。平时状态下使用，可以瞬间回到自己的门派,4,,10点气血、10点魔法,“运思如电”技能达到1级,,,,,,,,,,wzife.wd6,0X00000092,0X00000157,
鬼斧神工,大巧之造，可夺天工，赋予装备惊神泣鬼之能。临时赋予腰带增加封印命中的功效，下线后消失,4,,和技能等级相同点数的活力,“探奥索隐”技能达到35级且角色等级达到30级,,,,,,,,,,wzife.wd6,0X00000097,0X00000162,
移山填海,独揽自然之钥，运格物之力以辗轧敌人。克制花果山弟子的必杀技，使用后需要休息1回合，成功率受技能等级与目标等级之差影响 ,4,,150点愤怒,“探奥索隐”技能达到25级,,,,,,,,,,wzife.wd6,0X00000098,0X00000163,
锐志,提升锋芒毕露12%的基础命中率，且命中率上限增加至100%。,8,,,,,,,,,,,,,wzife.wd6,0x00000202,0x00000202,
精奇,自身敏捷≥等级*3或力量≥等级*3时，增加武器伤害*18%的“破击”伤害。与NPC战斗时，随机获得1-2个零件。,8,,,,,,,,,,,,,wzife.wd6,0x00000203,0x00000203,
善工,针锋相对对召唤兽、召唤物的伤害提升10%。,8,,,,,,,,,,,,,wzife.wd6,0x00000204,0x00000204,
玄机,处于偃甲状态时，额外增加（15%+10%*攻之械数量）的抵抗封印几率，但不再增加伤害结果。,8,,,,,,,,,,,,,wzife.wd6,0x00000205,0x00000205,
催锋,使用“匠心”类技能后，提升等级*1的伤害和封印命中等级，持续2回合。,8,,,,,,,,,,,,,wzife.wd6,0x00000206,0x00000206,
巧偃,被“诱袭”的目标本回合受到的物理和法术伤害增加10%。,8,,,,,,,,,,,,,wzife.wd6,0x00000207,0x00000207,
连枷,“破击”的首目标若处于“锋芒毕露”状态，则本回合强制进入法术封印状态，这个效果不能被“晶清诀”或“玉清诀”解除（不能被解除的效果对NPC无效）,8,,,,,,,,,,,,,wzife.wd6,0x00000208,0x00000208,
断矶,如果目标同时带有“锋芒毕露”和“针锋相对”两种状态，则造成的所有伤害额外降低20%。,8,,,,,,,,,,,,,wzife.wd6,0x00000209,0x00000209,
纯青,如果使用“针锋相对”时自身气血百分比大于目标，临时提升100点伤害力。,8,,,,,,,,,,,,,wzife.wd6,0x00000210,0x00000210,
无痕,偃甲状态下被处于“锋芒毕露”的单位攻击时，攻之械带来的减少伤害效果提升20%。,8,,,,,,,,,,,,,wzife.wd6,0x00000211,0x00000211,
奇肱,对召唤兽和召唤物的“针锋相对”持续时间翻倍，且无视目标的“神迹”和“高级神迹”。,8,,,,,,,,,,,,,wzife.wd6,0x00000212,0x00000212,
攻云,对带有“针锋相对”的单位使用“破击”或“火炮之术”时，额外提升“你的伤害力*40%”的固定伤害。,8,,,,,,,,,,,,,wzife.wd6,0x00000213,0x00000213,
造化,若场上处于来自于你的“锋芒毕露”的单位数量大于等于2个，则减少自身受到所有伤害10%。,8,,,,,,,,,,,,,wzife.wd6,0x00000214,0x00000214,
天匠,偃甲状态下，连续使用匠心会增加（20%+12%*攻之械数量）的效果。,8,,,,,,,,,,,,,wzife.wd6,0x00000215,0x00000215,
穷变,你的“针锋相对”被解除时，你的下次攻击额外获得等级*1的伤害力,8,,,,,,,,,,,,,wzife.wd6,0x00000216,0x00000216,
鲸甲,偃甲状态使用原始愤怒消耗超过120的特技时，偃甲状态延长一回合。,8,,,,,,,,,,,,,wzife.wd6,0x00000217,0x00000217,
天机神迹,回合结束时，如果本方没有玩家单位倒地，你获得2点抵抗封印等级，持续到战斗结束。,8,,,,,,,,,,,,,wzife.wd6,0x00000218,0x00000218,
不厌,处于偃甲状态中，使用特技后回复攻之械*25的愤怒。,8,,,,,,,,,,,,,wzife.wd6,0x00000219,0x00000219,
铜山铁壁,使得你的偃甲过载，提高自身防御，替友方所有单位承受一定次数的攻击。,4,,200点魔法,,,,,,,,,,,wzife.wd6,0x00000220,0x00000220,
所向披靡,使你的偃甲过载，偃甲提升伤害的效果翻倍，对目标释放一次强力的“针锋相对”；如果本次攻击造成目标死亡，你的偃甲持续时间延长一回合。,4,,60点魔法,,,,,,,,,,,wzife.wd6,0x00000222,0x00000222,
神通广大,齐天大圣降妖伏魔，嫉恶如仇，其法术之高，神通广大，无所不能。通晓此技能，是本门修行的基础。,8,,,,,,,,,,,,,wzife.wd6,0X00000056,0X00000056,
如意金箍,大禹治水之定海神针为齐天大圣的随身兵器，乌铁神珍，大小随心。习得此棒法可助力本门弟子给予对手重击，令其不敢小觑。,8,,,,,,,,,,,,,wzife.wd6,0X00000050,0X00000050,
齐天逞胜,齐天大圣之名方可遂悟空之意，闹凌霄、撼东海、戏阎王，无一不为逞胜之举。花果山弟子均继承了此等威仪自信。,8,,,,,,,,,,,,,wzife.wd6,0X00000051,0X00000051,
金刚之躯,孙悟空在太上老君的丹炉中用三昧真火足足炼了七七四十九日，锻成金刚之躯。花果山弟子也继承其坚韧躯体，凡刃不能伤。,8,,,,,,,,,,,,,wzife.wd6,0X00000055,0X00000055,
灵猴九窍,混沌初分，鸿蒙始辨。花果山孕育仙石，上有九窍八孔，终于见风化作灵明石猴。此猴通变化，识天时，知地利，天地间一切似乎尽在其掌握。,8,,,,,,,,,,,,,wzife.wd6,0X00000052,0X00000052,
七十二变,地煞之术，该当七十二般变化。可男可女，可老可少，可人可物，变化无穷，习此变化之术，天雷、阴火、赑风均可避之。,8,,,,,,,,,,,,,wzife.wd6,0X00000054,0X00000054,
腾云驾霧,以云雾飞行于天穹，自在无穷。,8,,,,,,,,,,,,,wzife.wd6,0X00000053,0X00000053,
威震凌霄,灵霄宝殿惊玉皇，十万天军无可挡。被大圣选定的攻击目标，其勇气和攻势将大大减弱。对目标造成伤害，并降低目标物理/法术暴击等级。,4,,100点魔法,“神通广大”技能达到120级且角色飞升。,,,,,,,,,,wzife.wd6,0X00000085,0X00000150,
气慑天军,大闹天宫之际，虽有天军名将，仍震慑于大圣之气势，众人攻势均不能近其要害。对自己使用，大量提升抗物理/法术暴击等级。,3,,100点魔法,“神通广大”技能达到120级且角色飞升。,,,,,,,,,,wzife.wd6,0X00000086,0X00000151,
当头一棒,迎头一棒，直截了当。花果山弟子之威不需掩饰，敢于侵犯者将被予以毫不留情的警告。临时提升伤害攻击一个敌方单位，目标气血百分比若处于60%~70%，造成双倍伤害。,4,,75点魔法,“如意金箍”技能达到1级,,,,,,,,,,wzife.wd6,0x00000071,0x00000136,
神针撼海,神针撼动，东海倾波，龙宫不稳，海中生灵无一不处在你攻势的笼罩之下。对多个目标造成物理伤害。作用目标数=技能等级/35+1，最多5个。,4,,75点魔法,“如意金箍”技能达到1级,,,,,,,,,,wzife.wd6,0x00000072,0x00000137,
杀威铁棒,面对敌人的嚣张气焰，花果山弟子的铁棒将大大煞其威风，令其对己攻势减弱。临时提升伤害攻击一个敌方单位，并降低目标本回合对自己的伤害。,4,,75点魔法,“如意金箍”技能达到1级,,,,,,,,,,wzife.wd6,0x00000073,0x00000138,
泼天乱棒,金箍棒影覆盖整个天穹，热爱逐胜的花果山弟子，不会放过任何一名敌人。,4,,75点魔法,“如意金箍”技能达到1级,,,,,,,,,,wzife.wd6,0x00000074,0x00000139,
九幽除名,在生死薄上划去自己名字，使得勾魂鬼差无法近身。,3,,75点魔法,“齐天逞胜”技能达到1级,,,,,,,,,,wzife.wd6,0x00000081,0x00000146,
移星换斗,拥有偷天换地之能，可转换星斗的位置，借此影响自身属性的转变。,3,,30点气血,“齐天逞胜”技能达到15级,,,,,,,,,,wzife.wd6,0x00000082,0x00000147,
云暗天昏,一棒之威，云暗天昏，星落云散，花果山弟子的速度也随这一棒的威力而提升。,4,,75点魔法,“齐天逞胜”技能达到1级,,,,,,,,,,wzife.wd6,0x00000083,0x00000148,
担山赶月,力拔山河，肩挑日月，以盖世之力为装备附加力量。,3,,和技能等级相同点数的活力,“金刚之躯”技能达到35级且角色等级达到30级,,,,,,,,,,wzife.wd6,0x00000075,0x00000140,
铜头铁臂,老君丹炉中练就铜头铁臂，勇猛强悍，刀枪不入。,3,,75点魔法,“金刚之躯”技能达到1级,,,,,,,,,,wzife.wd6,0x00000076,0x00000141,
无所遁形,敌方弱点在你面前无所遁形，利用对方防守之缺陷予以狠狠一击。,3,,75点魔法,“灵猴九窍”技能达到1级,,,,,,,,,,wzife.wd6,0x00000079,0x00000144,
天地洞明,祭此奇技，霎时间天地洞明，战场一切形势尽收眼中。,4,,1个金鸦火羽、50点魔法,角色化圣,,,,,,,,,,wzife.wd6,0x00000087,0x00000152,
除光息焰,驾云布雨，止熄魔火，令炼焰失辉。,4,,150点愤怒,“灵猴九窍”技能达到25级且角色等级达到20级,,,,,,,,,,wzife.wd6,0x00000080,0x00000145,
呼子唤孙,拔下一撮毫毛，一口仙气吹去，猴子猴孙纷纷来助。,66,,30点魔法,“七十二变”技能达到10级,,,,,,,,,,wzife.wd6,0x00000077,0x00000142,
八戒上身,施展七十二般变化之术，将敌人变成一只没有威胁的小猪。,4,,50点魔法,“七十二变”技能达到45级,,,,,,,,,,wzife.wd6,0x00000078,0x00000143,
筋斗云,一个筋斗十万八千里，无论在三界任一角落均可瞬间回到门派。,0,,10点气血、10点魔法,“腾云驾雾”技能达到1级,,,,,,,,,,wzife.wd6,0x00000084,0x00000149,
顽心,使用普通攻击时，可以保留当前回合的如意神通至下回合。,8,,,,,,,,,,,,,wzife.wd6,0x00000181,0x00000181,
逐胜,与NPC战斗时，你的普通攻击额外攻击一个单位，但普通攻击不再触发追加法术、无心插柳、嗜血幡。,8,,,,,,,,,,,,,wzife.wd6,0x00000182,0x00000182,
愈勇,使用如意神通时，会使得自己造成的伤害增加2%，受到的伤害降低2%，持续到使用了防御、法宝或者特技为止，可叠加3层。,8,,,,,,,,,,,,,wzife.wd6,0x00000183,0x00000183,
斗志,你使用的如意神通效果增加6%，但不在下回合随机出现。,8,,,,,,,,,,,,,wzife.wd6,0x00000184,0x00000184,
忘形,使队伍中的每个玩家增加3%的物理暴击和法术暴击几率。（不可叠加）,8,,,,,,,,,,,,,wzife.wd6,0x00000185,0x00000185,
贪天,你使用的如意神通有50%几率出现在下回合并且效果增加3%。,8,,,,,,,,,,,,,wzife.wd6,0x00000186,0x00000186,
显圣,使用晶清诀、罗汉金钟的愤怒消耗下降8点，并且使你下回合可以使用任何如意神通。,8,,,,,,,,,,,,,wzife.wd6,0x00000187,0x00000187,
"锤炼"" and tp.队伍[1].门派 == ""花果山",你的杀威铁棒造成暴击时，随机驱散目标的一个增益状态。,8,,,,,,,,,,,,,wzife.wd6,0x00000188,0x00000188,
火眼,弱点击破造成的伤害增加50%。,8,,,,,,,,,,,,,wzife.wd6,0x00000189,0x00000189,
闹天,你的当头一棒将提升15%的伤害结果。,8,,,,,,,,,,,,,wzife.wd6,0x00000190,0x00000190,
铁骨,装备上的月亮石和翡翠石效果提升40%。,8,,,,,,,,,,,,,wzife.wd6,0x00000191,0x00000191,
搅海,你的神针撼海对每个目标有10%的几率造成双倍伤害。,8,,,,,,,,,,,,,wzife.wd6,0x00000192,0x00000192,
伏妖,增加（人物力量*10%+40）的伤害力,8,,,,,,,,,,,,,wzife.wd6,0x00000193,0x00000193,
豪胆,额外获得10%暴击率。,8,,,,,,,,,,,,,wzife.wd6,0x00000194,0x00000194,
压邪,连续两回合及以上使用如意神通时，临时提升等级*2的伤害力。,8,,,,,,,,,,,,,wzife.wd6,0x00000195,0x00000195,
战魄,每次使用如意神通，获得（可使用如意神通数量*1）点愤怒。,8,,,,,,,,,,,,,wzife.wd6,0x00000196,0x00000196,
不坏,自身气血≤气血上限*30%时，回复类药品效果提升30%。,8,,,,,,,,,,,,,wzife.wd6,0x00000197,0x00000197,
荡魔,击倒目标时将立即增加12%的伤害结果，不可叠加，可刷新，持续2回合。,8,,,,,,,,,,,,,wzife.wd6,0x00000198,0x00000198,
战神,造成人物、召唤兽、孩子、NPC单位死亡后，当回合内本方单位对人物单位造成的物理法术伤害提升8%，且你下回合额外随机一个如意神通。,4,,200点魔法,,,,,,,,,,,wzife.wd6,0x00000199,0x00000199,
齐天神通,花果山弟子逆天而立，战天斗地，每回合使用如意神通均有50%的几率额外释放一次，但临时降低30%的抵抗封印能力，状态持续4回合,4,,60点魔法,,,,,,,,,,,wzife.wd6,0x00000201,0x00000201,
其疾如风,使用后下回合，我方人物获得增加30%速度，,2,,100点魔法,,,,,,,,,,,wzife.wd3,2718476462,407794048,4
其疾如林,使用后下回合，回合结束时，若3个以上单位处于封印状态，则解除所有异常状态。,2,,100点魔法,,,,,,,,,,,wzife.wd3,1241199591,2424291766,4
其疾如火,使用后下回合，我方人物获得增加20%造成的伤害,2,,100点魔法,,,,,,,,,,,wzife.wd3,1989203646,1650371514,4
其疾如山,使用后下回合，我方人物获得降低20%受到的伤害,2,,100点魔法,,,,,,,,,,,wzife.wd3,1055337578,40250350,4
醍醐灌顶,解除目标的一个封印效果、恢复气血于气血上限、增加愤怒、清空药性。,4,,100点魔法,,,,,,,,,,,wzife.wd3,220585988,47783851,6
月下霓裳,使目标不能召唤召唤兽和使用法宝，持续4回合。,4,,100点魔法,,,,,,,,,,,wzife.wd3,4257633385,3293272905,6
否极泰来,移除自身异常状态、复制指定目标部分增益状态,4,,100点魔法,,,,,,,,,,,wzife.wd3,2494574845,2171889511,8
龙战于野,减少自身部分法术防御10%，使用龙卷雨击、龙腾、亢龙归海时额外消耗350点法力值并提高30%伤害结果，持续8回合,2,,100点魔法,,,,,,,,,,,wzife.wd3,830551480,3422758826,8
清静菩提,每回合结束时，随机解除双方一个单位所有异常状态，随机解除双方一个单位所有增益状态，持续4回合,2,,100点魔法,,,,,,,,,,,wzife.wd3,917584295,912434102,4
同伤式,临时提升(己方速度-对方速度)的伤害力(最小为0)并移除自身所有增益状态发动一次攻击,4,,100点魔法,,,,,,,,,,,wzife.wd3,1801367551,912434102,8
鸣雷诀,自身气血≤50%时方可使用，回合结束时对对方气血最低的单位造成人物等级*8的伤害，持续4回合,2,,100点魔法,,,,,,,,,,,wzife.wd3,376590482,502623457,8
无间地狱,双方所有单位受到的伤害增加10%，人物单位死亡时若身上无“死亡禁锢”则附带2回合死亡禁锢，持续4回合,2,,100点魔法,,,,,,,,,,,wzife.wd3,4045502576,3388648357,10
疯狂鹰击,使用一次特别的鹰击，若自身气血≥90%则额外作用两个单位，否则触发一次正常的鹰击（需要变身）,4,,100点魔法,,,,,,,,,,,wzife.wd3,2063567623,3246975793,6
魔火焚世,自身气血≥30%方可使用，临时提高自身法术伤害力、法术暴击率使用一次飞砂走石,4,,400点魔法,,,,,,,,,,,wzife.wd3,0x82933a2e,3167155447,6
媚眼如丝,所有单位回合结束时减少等级*0.5的魔法值，增加实际减少魔法值*4的气血，持续4回合,2,,100点魔法,,,,,,,,,,,wzife.wd3,1413976393,3300168132,10
无双战魂,随机获得1~3点战意，战意为0时额外获得1点,2,,100点魔法,,,,,,,,,,,wzife.wd3,679069867,3525938545,6
净土灵华,恢复一个单位所有伤势，自身受到治疗量降低7%,3,,100点魔法,,,,,,,,,,,wzife.wd3,1376987089,622704744,2
花语歌谣,随机获得下列3个效果中的1个，触发2~3次后buff消失。?1）落叶萧萧额外作用3个单位。?2）尘土刃、冰川怒、荆棘舞触发月影的概率提升为原来的4倍。?3）自身行动后，若自身处于封印状态，解除自身所有封印状态,2,,100点魔法,,,,,,,,,,,wzife.wd3,1009005548,764272371,2
气疗术,恢复（上限3%+200）的气血，对单人使用,3,,30点愤怒,,,,,,,,,,,wzife.wdf,175234791,2394534448,
心疗术,恢复（上限6%+400）的气血，对单人使用,3,,60点愤怒,,,,,,,,,,,wzife.wdf,1936940204,4247881671,
命疗术,恢复（上限9%+600）的气血，对单人使用,3,,90点愤怒,,,,,,,,,,,wzife.wdf,2327070966,1214582243,
凝气诀,恢复上限（15%+200）的魔法，对单人使用,3,,60点愤怒,,,,,,,,,,,wzife.wdf,2234398453,4231419592,
凝神诀,恢复上限（15%+400）的魔法，对单人使用,3,,90点愤怒,,,,,,,,,,,wzife.wdf,3010398248,3594183195,
气归术,自身恢复四分之一的气血,5,,30点愤怒,,,,,,,,,,,wzife.wdf,1743955726,1501636093,
命归术,自身恢复二分之一的气血,5,,60点愤怒,,,,,,,,,,,wzife.wdf,2585363944,1305176222,
四海升平,全体恢复四分之一的气血,3,,135点愤怒,,,,,,,,,,,wzife.wdf,2015850288,2239024625,
回魂咒,单体复活,3,,100点愤怒,,,,,,,,,,,wzife.wdf,3815030652,2541979797,
起死回生,单体复活并恢复二分之一的气血,3,,120点愤怒,,,,,,,,,,,wzife.wdf,2205777788,3279499363,
水清诀,单体解除异常状态,3,,50点愤怒,,,,,,,,,,,wzife.wdf,1988393110,2231990553,
冰清诀,单体解除异常状态并恢复四分之一的气血,3,,100点愤怒,,,,,,,,,,,wzife.wdf,4269368884,994373130,
玉清诀,全体解除异常状态,3,,125点愤怒,,,,,,,,,,,wzife.wdf,2317466220,1064948127,
晶清诀,全体解除异常状态并恢复四分之一的气血,3,,150点愤怒,,,,,,,,,,,wzife.wdf,4162645482,2183757094,
弱点击破,单体无视一半防御攻击,4,,50点愤怒,,,,,,,,,,,wzife.wdf,4136547665,2136234800,
冥王爆杀,减少对方气血，最小伤害为50,4,,60点愤怒,,,,,,,,,,,wzife.wdf,0x59DBD730,0x59DBD730,
冥王暴杀,减少对方气血，最小伤害为50,4,,60点愤怒,,,,,,,,,,,wzife.wdf,0x59DBD730,0x59DBD730,
笑里藏刀,减少敌方单人70点愤怒值 ,4,,30点愤怒,,,,,,,,,,,wzife.wdf,3659778884,441260658,
罗汉金钟,全体队友受到的法术伤害减半，效果为3回合,3,,150点愤怒,,,,,,,,,,,wzife.wdf,2015850288,2239024625,
野兽之力,提升队友的伤害力，效果持续到战斗结束,3,,40点愤怒,,,,,,,,,,,wzife.wdf,1101171654,3074786323,
魔兽之印,提升我方全体的伤害力，效果持续到战斗结束,3,,70点愤怒,,,,,,,,,,,wzife.wdf,2015850288,2239024625,
啸风诀,全体队友速度上升，效果持续到战斗结束,3,,80点愤怒,,,,,,,,,,,wzife.wdf,2015850288,2239024625,
流云诀,提升队友的速度，效果持续到战斗结束,3,,40点愤怒,,,,,,,,,,,wzife.wdf,2015850288,2239024625,
光辉之甲,提升队友的防御，效果持续到战斗结束,3,,40点愤怒,,,,,,,,,,,wzife.wdf,2015850288,2239024625,
圣灵之甲,提升我方全体的防御，效果持续到战斗结束,3,,80点愤怒,,,,,,,,,,,wzife.wdf,2015850288,2239024625,
凝气决,恢复自身魔法(魔法上限*10%+150),3,,60点愤怒,,,,,,,,,,,wzife.wdf,2015850288,2239024625,
凝神术,恢复自身魔法(魔法上限*15%+250),3,,90点愤怒,,,,,,,,,,,wzife.wdf,2015850288,2239024625,
太极护法,受到的法术伤害减半，效果为3回合,3,,90点愤怒,,,,,,,,,,,wzife.wdf,2015850288,2239024625,
破血狂攻,狂性大发，可以连续攻击两次,4,,50点愤怒,,,,,,,,,,,wzife.wdf,4254723553,326320655,
破碎无双,狂性大发，可以连续攻击两次,4,,50点愤怒,,,,,,,,,,,wzife.wdf,4254723553,326320655,
破甲术,降低敌人的物理防御力，效果持续到战斗结束,4,,35点愤怒,,,,,,,,,,,wzife.wdf,1415639395,752055472,
碎甲术,降低敌方全体的物理防御力，效果持续到战斗结束,4,,80点愤怒,,,,,,,,,,,wzife.wdf,1415639395,752055472,
放下屠刀,降低敌人的物理攻击力，效果持续到战斗结束,4,,30点愤怒,,,,,,,,,,,wzife.wdf,3659778884,441260658,
河东狮吼,降低敌方全体的物理攻击力，效果持续到战斗结束,4,,100点愤怒,,,,,,,,,,,wzife.wdf,4154480125,1389260370,
慈航普度,慈航普度复活全部队友,3,,150点愤怒,,,,,,,,,,,wzife.wdf,0x5F4E6740,0x8521b2b4,
额外能力,,8,,,,,,,,,,,,,wzife.wd2,0xA209C3C2,0xA209C3C2,
牛刀小试,兄弟吃我一发小菜刀,4,,20魔法,,,,,,,,,,,wzife.wdf,3416022732,3416022732,
杀气决_孩子,,108,,,,,,,,,,,,,wzife.wdf,1094328641,154611339,
定身术_孩子,,108,,,,,,,,,,,,,wzife.wdf,1255883361,74020856,
极度疯狂_孩子,,108,,,,,,,,,,,,,wzife.wdf,83457587,3595846396,
活血_孩子,,108,,,,,,,,,,,,,wzife.wdf,1605266111,322011652,
生命之泉_孩子,,108,,,,,,,,,,,,,wzife.wdf,2960653843,245161213,
天雷斩_孩子,,108,,,,,,,,,,,,,wzife.wdf,539518506,1574496587,
蚩尤之负_孩子,,108,,,,,,,,,,,,,wzife.wdf,791459990,791459990,
飞沙走石_孩子,,108,,,,,,,,,,,,,wzife.wdf,867595182,3889225756,
龙腾_孩子,,108,,,,,,,,,,,,,wzife.wdf,868553018,3624604778,
幽冥鬼眼_孩子,,108,,,,,,,,,,,,,wzife.wdf,2278091379,1028611600,
金刚护体_孩子,,108,,,,,,,,,,,,,wzife.wdf,1209389031,3373270632,
姐妹同心_孩子,,108,,,,,,,,,,,,,wzife.wdf,1403995919,1953990529,
烟雨剑法_孩子,,108,,,,,,,,,,,,,wzife.wdf,1634807266,1466025569,
三味真火_孩子,,108,,,,,,,,,,,,,wzife.wdf,4025764396,1582861976,
修罗隐身_孩子,,108,,,,,,,,,,,,,wzife.wdf,2002401788,1845639026,
杨柳甘露_孩子,,108,,,,,,,,,,,,,wzife.wdf,1942192760,3948419042,
龙卷雨击_孩子,,108,,,,,,,,,,,,,wzife.wdf,1985805172,2475354629,
颠倒五行_孩子,,108,,,,,,,,,,,,,wzife.wdf,3574274162,2825519851,
推拿_孩子,,108,,,,,,,,,,,,,wzife.wdf,3358815312,2263105695,
威慑_孩子,,108,,,,,,,,,,,,,wzife.wdf,2331186926,2704780255,
还阳术_孩子,,108,,,,,,,,,,,,,wzife.wdf,3176527248,2540134659,
楚楚可怜_孩子,,108,,,,,,,,,,,,,wzife.wdf,3641489048,2733536938,
五行错位_孩子,,108,,,,,,,,,,,,,wzife.wdf,2142901359,3944942841,
知己知彼_孩子,,108,,,,,,,,,,,,,wzife.wdf,2822489006,3305618620,
后发制人_孩子,,108,,,,,,,,,,,,,wzife.wdf,3103180357,3134099760,
针灸_孩子,,108,,,,,,,,,,,,,wzife.wdf,3806528554,3934208876,
勾魂_孩子,,108,,,,,,,,,,,,,wzife.wdf,3559866648,2020340816,
赴汤蹈火_孩子,大幅度提高HP，大幅度提高法术防御能力。（受悟性、等级影响）,108,,,,,,,,,,,,,wzife.wd2,498794492,498794492,
不知名手_孩子,,108,,,,,,,,,,,,,wzife.wd2,771989455,771989455,
开门见山_孩子,提高物理攻击结果、提高HP上限，并在进场后立即普通攻击一个未催眠之敌。,108,,,,,,,,,,,,,wzife.wdf,1860385343,1860385343,
四面埋伏_孩子,[主动]使目标队友获得封印法术命中率提高的效果， 持续4回合。冷却3回合。,108,,,,,,,,,,,,,wzife.wd2,1799071953,3805139411,
仙人指路_孩子,[主动]恢复目标队友的HP，并在回合结束时解除其封类异常状态,108,,,,,,,,,,,,,wzife.wd2,1823684018,2403051314,
千锤百炼_孩子,大幅度提高HP，大幅度提高防御能力。（受悟性、等级影响）,108,,,,,,,,,,,,,wzife.wd2,2601256007,2601256007,
张弛有道_孩子,每回合结束时，都获得1层秘法能量。,108,,,,,,,,,,,,,wzife.wd2,3331072259,3697992326,
峰回路转_孩子,当携带此技能的孩子在第5回合及以后进场，则立即为全体队友恢复HP。,108,,,,,,,,,,,,,wzife.wd2,193326389,193326389,
地涌金莲_孩子,,108,,,,,,,,,,,,,common/wzife.wdf,1259905637,136055460,
不知名鬼脸_孩子,,108,,,,,,,,,,,,,common/wzife.wdf,2093828616,230555165,
蜜润_孩子,,108,,,,,,,,,,,,,common/wzife.wdf,1906139022,799817954,
塔_孩子,,108,,,,,,,,,,,,,common/wzife.wdf,1535869502,4292100900,
浪涌_孩子,,108,,,,,,,,,,,,,common/wzife.wdf,3739580581,3761009538,
调息,非战斗情况下使用，可以按技能等级恢复一定气血值。,108,,,,,,,,,,,,,wzife.wdf,0x94308B6B,0x5956387D,
打坐,非战斗情况下使用，可以按技能等级恢复一定魔法值。,108,,,,,,,,,,,,,wzife.wdf,0xB77AFA4C,0xA0D18931,
妙手空空,战斗中使用的法术，可从怪物身上偷来银两或宝物。#G/(每次使用都将消耗目标等级*4点魔法),108,,,,,,,,,,,,,wzife.wdf,0xD4815978,0x8466E376,
宝石工艺,提高合成宝石的成功率。,108,,,,,,,,,,,,,wzife.wdf,0x408D50D7,0x5899607A,
奇门遁甲,在特定场景使用道具“导标旗”做标记，用以传送。1级时可以在长寿村做标记，2级时增加傲来国，3级增加长安城，4级增加朱紫国。,108,,,,,,,,,,,,,wzife.wdf,0xFDB72ACA,0xEFE3F812,
仙灵店铺,平时使用，能够呼出购买界面直接购买商品。,108,,,,,,,,,,,,,wzife.wdf,0x47877A93,0xF3719878,
仙灵酒店,平时使用，能够快速回收背包内的所有可回收道具,108,,,,,,,,,,,,,wzife.wd2,0x895DED5F,0xF94E0B3B,
建筑之术,提高建造房屋的能力，玩家拥有较高的技能后，可以建造更高级的房屋，并获得更多的室内空间。,108,,,,,,,,,,,,,wzife.wdf,0x9F2DFDB6,0x16418D92,
变化之术,学习后可以使用特殊的变身卡片变换造型，变身后可以获得相应的附加效果，而且不会被他人PK。技能等级提高后可以使用更为高级的卡片，并延长一定的变身时间。,108,,,,,,,,,,,,,wzife.wdf,0xD8118484,0xE6CAA56,
火眼金睛,学习后可以使用特殊的变身卡片变换造型，变身后可以获得相应的附加效果，而且不会被他人PK。技能等级提高后可以使用更为高级的卡片，并延长一定的变身时间。,108,,,,,,,,,,,,,wzife.wdf,0xE9D07953,0x43CBAF9C,
暗器技巧,暗器名家的家传秘笈，学习后可以增加使用暗器的伤害力,8,,,,,,,,,,,,,wzife.wdf,2101102727,1473796032,
冥想,通过冥想凝聚强大的精神力量，学习可以提高魔法上限,8,,,,,,,,,,,,,wzife.wdf,97139368,903007607,
健身术,由华佗所创的五禽戏发展而来，学习可以增加体力上限,8,,,,,,,,,,,,,wzife.wdf,3589295296,3157390677,
养生之道,修身养性，固本清元之术，学习可以增加活力上限,80,,,,,,,,,,,,,wzife.wdf,968832765,1635371623,
巧匠之术,关于家具制作的技能，懂得一定的巧匠之术后，可以去找住在长寿村的工匠鲁成，制作各种家具的“设计图”,4,,,,,,,,,,,,,wzife.wdf,1296624794,1296624794,
追捕技巧,可以降低对手逃跑的成功率，但最低不小于10%,8,,,,,,,,,,,,,wzife.wdf,123566127,902425300,
逃离技巧,学习后可以提高战斗逃跑的成功率，但最高不超过90%,8,,,,,,,,,,,,,wzife.wdf,1198324882,1820394508,
烹饪技巧,传自商代名厨伊尹的技能，可以提高制作食物的能力,8,,,,,,,,,,,,,wzife.wdf,2019196942,3782401606,
中药医理,精通歧黄之术往往可以提高炼制丹药的能力,8,,,,,,,,,,,,,wzife.wdf,3878607199,642378453,
炼金术,秘术士私传的炼金之术，可以提高制作饰品、靴子和腰带的能力,8,,,,,,,,,,,,,wzife.wdf,1324974820,333902768,
裁缝技巧,从天衣无缝针法演化而来，可提高缝制头盔和铠甲的能力,8,,,,,,,,,,,,,wzife.wdf,1071853506,1758794729,
强身术,强身健体是习武之人的根本，学习后可以提高气血上限,8,,,,,,,,,,,,,wzife.wdf,3597995533,732966867,
强壮,强身健体是习武之人的根本，学习后可以提高4点人物基础气血上限,8,,,,,,,,,,,,,common/wzife.wdf,2458245611,1870892091,
神速,神速习武之人的根本，学习后可以提高0.3%点人物基础速度,8,,,,,,,,,,,,,common/wzife.wdf,440987942,3473412458,
御兽术,御兽术，学习后可以提高每级提示0.01%战斗的全属性,8,,,,,,,,,,,,,common/wzife.wdf,3947876534,3256658495,
熔炼技巧,异邦传入中土的锻造技巧，利用独特方法锻造而出的钨金，具有提升装备能力的特性。,8,,,,,,,,,,,,,wzife.wd1,0x2e8a8a30,0x2e8a8a30,
淬灵之术,传自仙界的聚灵萃取之术，虽无鬼斧神工之能，但依此术借三界间诸般奇物，亦能聚灵成物。提升制作灵饰的能力，可将对应的灵饰指南书与元灵品石打造成灵饰(造要求的熟练度为打造熟练度),8,,,,,,,,,,,,,wzife.wd3,0x825dde6b,0x825dde6b,
灵石技巧,可在百炼精铁和天眼珠中提炼出精餽灵石，并且能将同类的精魄灵石进行合成、镶嵌,8,,,,,,,,,,,,,wzife.wd2,208669879,208669879,
打造技巧,铸造名家欧冶子传下的技能，可以提高打造武器的能力,8,,,,,,,,,,,,,wzife.wdf,3866239213,1635206107,
开天辟地,增加统驭召唤兽忽视目标防御力的能力。,108,,,,,,,,,,,,,zdy.rpk,16777620,16777620,
破釜沉州,增加统驭召唤兽致命几率和命中率。,108,,,,,,,,,,,,,zdy.rpk,16777621,16777621,
金刚护身,统驭的召唤兽受到物理伤害时有几率减少所受伤害。,108,,,,,,,,,,,,,zdy.rpk,16777622,16777622,
偃旗息鼓,增加统驭召唤兽的防御。,108,,,,,,,,,,,,,zdy.rpk,16777623,16777623,
飞火流星,降低统驭召唤兽速度。,108,,,,,,,,,,,,,zdy.rpk,16777619,16777619,
乾坤借速,增加统驭的召唤兽闪躲，同时在物理攻击对方目标时有一定几率提升自身速度，效果持续3-5回合，持续回合数随技能等级增加而增加。,108,,,,,,,,,,,,,zdy.rpk,16777618,16777618,
大浪淘沙,降低（水攻、水漫金山、落岩、泰山压顶）水和土系法术对坐骑统驭的召唤兽伤害。,108,,,,,,,,,,,,,zdy.rpk,16777617,16777617,
炫火乱舞,降低（烈火、地狱烈火、雷击、奔雷咒）火和雷系法术对坐骑统驭的召唤兽伤害。,7,,,,,,,,,,,,,zdy.rpk,16777616,16777616,
铜墙铁壁,增加统驭召唤兽的中毒抵抗几率，随技能等级增加会额外降低统驭召唤兽中毒后的毒伤伤害值。,7,,,,,,,,,,,,,zdy.rpk,16777609,16777609,
忠贯日月,降低统驭召唤兽在战斗中忠诚的消耗速度。当坐骑饱食度低于50时，效果降低,7,,,,,,,,,,,,,zdy.rpk,16777728,16777728,
正身清心,每天前N次食用长寿面、豆斋果绝对不会中毒。N为此技能等级数。当坐骑饱食度低于50时，效果无效,7,,,,,,,,,,,,,zdy.rpk,16777625,16777625,
延年益寿,增加统驭召唤兽食用长寿面、桂花丸和豆斋果时增加的寿命值，技能等级越高，增加的寿命值越多。当坐骑饱食度低于50时，效果降低,7,,,,,,,,,,,,,zdy.rpk,16777624,16777624,
水来土掩,增加统驭召唤兽的中毒抵抗几率，随技能等级增加会额外降低统驭召唤兽中毒后的毒伤伤害值。,7,,,,,,,,,,,,,zdy.rpk,16777729,16777729,
超级连击,,7,,,,,,,,,,,,,wzife.wdf,,,
高级慧根,使用法术时所消耗的魔法降低为正常的50%,7,,,,,,,,,,,,,wzife.wdf,242180125,4174265955,
水攻,水属性的攻击法术，按召唤兽等级附加一定的法术伤害,4,,30点魔法,,,,,,,,,,,wzife.wdf,85059369,2415441344,
高级法术抵抗,减少10%所受的法术伤害，但同时物理伤害能力降低10%。,7,,,,,,,,,,,,,wzife.wd2,3908900845,3908900845,
高级反震,受到物理攻击时有30%几率给予对方反震，反震伤害为所受伤害的50%,7,,,,,,,,,,,,,wzife.wdf,1907422702,511662384,
高级偷袭,身手灵敏，不会受到反击和反震，物理攻击效果提高10%,7,,,,,,,,,,,,,wzife.wdf,4012815828,1555617599,
高级冥思,战斗中每回合自动恢复(自身等级/3)的魔法,7,,,,,,,,,,,,,wzife.wdf,1718714912,2174943999,
高级雷属性吸收,30%的几率免受雷属性法术伤害，并按应受伤害的大小恢复气血，吸收失败也可减少法术伤害的30%,7,,,,,,,,,,,,,wzife.wdf,1654409054,119787649,
强力,增加(自身等级×0.4)的攻击，如果对方有防御或高级防御技能，伤害结果会减少20%,7,,,,,,,,,,,,,wzife.wdf,1458903425,707555275,
冥思,战斗中每回合自动恢复(自身等级/4)的魔法,7,,,,,,,,,,,,,wzife.wdf,622128415,3554832714,
雷属性吸收,30%的几率免受雷属性法术伤害，并按应受伤害的大小恢复气血，吸收失败也可减少法术伤害的30%,7,,,,,,,,,,,,,wzife.wdf,1654409054,119787649,
奔雷咒,雷属性的攻击法术，按召唤兽等级附加一定的法术伤害，攻击人数为(自身等级/30+1)，最多为3人,4,,作用目标*30点魔法,,,,,,,,,,,wzife.wdf,2858620755,3666293224,
高级法术波动,使用法术攻击目标时伤害在原有伤害值基础上会有较大幅度的上下波动,7,,,,,,,,,,,,,wzife.wdf,2322584044,3668919080,
地裂火,施展法术攻击多人，并附加固定伤害,4,,50点魔法,五行学技能达到14级,,,,,,,,,,wzife.wdf,4132171079,75104423,
水漫金山,水属性的攻击法术，按召唤兽等级附加一定的法术伤害，攻击人数为(自身等级除以30+1)，最多为3人,4,,作用目标*30点魔法,,,,,,,,,,,wzife.wdf,2637597442,3867686033,
高级敏捷,提升自身速度的20%,7,,,,,,,,,,,,,wzife.wdf,1248152147,2061355872,
精神集中,精神集中，可以抵御封类异常状态，但自己的物理攻击效果也会降低20%,7,,,,,,,,,,,,,wzife.wdf,4141937856,2799682055,
清心,使用后可以解除中毒的状态,3,,30点魔法,九龙诀技能达到15级,,,,,,,,,,wzife.wdf,22613468,3563353856,
防御,增加(自身等级×0.6)的防御，但法术伤害能力会降低10%,7,,,,,,,,,,,,,wzife.wdf,91393867,4101692183,
感知,可以破解地府的修罗隐身、女儿村的楚楚可怜法术效果,7,,,,,,,,,,,,,wzife.wdf,3677043818,4012137980,
招架,15%的几率完全躲过敌人的物理攻击,7,,,,,,,,,,,,,wzife.wdf,2387844026,3512730332,
弱点雷,弱点为雷，受到雷属性法术攻击时伤害增加50%,7,,,,,,,,,,,,,wzife.wdf,2886112942,2605672758,
弱点火,弱点为火，受到火属性法术攻击时伤害增加50%,7,,,,,,,,,,,,,wzife.wdf,1546100078,4005696838,
苍鸾怒击,普通物理攻击发生必杀或连击时，临时提升10%伤害力随机攻击另一个目标，每回合最多触发一次。,7,,,,,,,,,,,,,common/wzife.wdf,3329378845,3329378845,
夜战,具备夜战能力，不受夜间攻防能力下降的影响,7,,,,,,,,,,,,,wzife.wdf,0xDD5CEE60,0xDD5CEE60,
高级夜战,具备夜战能力，不受夜间攻防能力下降的影响，夜间躲避能力提高20%,7,,,,,,,,,,,,,wzife.wdf,0x3E81ECFB,0x3E81ECFB,
高级土属性吸收,30%的几率免受土属性法术伤害，并按应受伤害的大小恢复气血，吸收失败也可减少法术伤害的30%,7,,,,,,,,,,,,,wzife.wdf,2639364118,751839372,
高级感知,破解地府的修罗隐身、女儿村的楚楚可怜法术效果，躲避能力提高10%,7,,,,,,,,,,,,,wzife.wdf,675296013,1822711583,
高级水属性吸收,30%的几率免受水属性法术伤害，并按应受伤害的大小恢复气血，吸收失败也可减少法术伤害的30%,7,,,,,,,,,,,,,wzife.wdf,2532360260,1312179231,
须弥真言,增加魔力*0.4的法术伤害力,7,,,,,,,,,,,,,wzife.wd5,16,16,
土属性吸收,30%的几率免受土属性法术伤害，并按应受伤害的大小恢复气血，但受到雷属性法术攻击时伤害会增加30%,7,,,,,,,,,,,,,wzife.wdf,134325226,3503123353,
高级必杀,物理攻击时的必杀几率增加20%，出现必杀时伤害结果会加倍,7,,,,,,,,,,,,,wzife.wdf,1672890477,1282412196,
再生,战斗中每回合自动恢复(自身等级一半)的气血,7,,,,,,,,,,,,,wzife.wdf,3287776911,2264480315,
连击,45%的几率连续两次物理攻击，如果对方有反震技能，只能攻击一次,7,,,,,,,,,,,,,wzife.wdf,1161065019,834880568,
毒,物理攻击时有15%的几率使敌人中毒，中毒后每回合减少10%的气血和5%的魔法,7,,,,,,,,,,,,,wzife.wdf,142259178,3804526840,
鬼魂术,死亡5回合后自动复活，不受异常状态影响，但也不能使用药品和食物恢复气血（可以食用包子）,7,,,,,,,,,,,,,wzife.wdf,813494718,4276424619,
法术波动,使用法术攻击目标时伤害在原有伤害值基础上会有大幅度的波动,7,,,,,,,,,,,,,wzife.wdf,762242741,267613400,
魔之心,对敌人的法术伤害效果提高10%,7,,,,,,,,,,,,,wzife.wdf,718604442,2278038627,
神佑复生,战斗死亡时有15%的几率复活，并恢复一半的气血，如果同时拥有鬼魂术（普通或高级），神佑复生的效果将取消,7,,,,,,,,,,,,,wzife.wdf,1409514751,2943632069,
偷袭,身手灵敏，不会受到反击和反震。攻击效果增加5%,7,,,,,,,,,,,,,wzife.wdf,3049408565,205675459,
必杀,物理攻击时的必杀几率增加10%，出现必杀时伤害结果会加倍,7,,,,,,,,,,,,,wzife.wdf,3789166294,1107454372,
驱鬼,对鬼魂类怪物的物理、法术伤害效果增加50%，如果将鬼魂类怪物打死，对方将飞出场外而不能复活,7,,,,,,,,,,,,,wzife.wdf,416049958,2077703648,
高级火属性吸收,30%的几率免受火属性法术伤害，并按应受伤害的大小恢复气血，吸收失败也可减少法术伤害的30%,7,,,,,,,,,,,,,wzife.wdf,2898051336,1343324785,
高级永恒,受到的辅助类法术效果持续回合数×4,7,,,,,,,,,,,,,wzife.wdf,4168001168,3963828674,
反震,受到物理攻击时有30%几率给予对方反震，反震伤害为所受伤害的25%,7,,,,,,,,,,,,,wzife.wdf,3941065708,3754360316,
飞行,躲避能力、物理攻击命中增加20%，但受暗器攻击时伤害会增加30%,7,,,,,,,,,,,,,wzife.wdf,813574344,1190813269,
吸血,物理攻击时，吸取对方所掉气血的25%， 如果对方有异常状态，吸血后会中毒，攻击鬼魂类怪物时无效,7,,,,,,,,,,,,,wzife.wdf,668285297,156592686,
高级招架,20%的几率完全躲过敌人的物理攻击,7,,,,,,,,,,,,,wzife.wdf,450878763,1018872745,
幸运,不会受到必杀攻击,7,,,,,,,,,,,,,wzife.wdf,3640080474,1085801234,
反击,受到物理攻击时有30%几率自动反击，反击伤害为正常伤害的50%,7,,,,,,,,,,,,,wzife.wdf,2574462722,326702364,
高级连击,55%的几率连续两次物理攻击，如果对方有反震技能，只能攻击一次,7,,,,,,,,,,,,,wzife.wdf,1321871887,3016140514,
隐身,自动附加地府修罗隐身法术2～3回合，拥有此技能物理攻击能力会降低20%，隐身状态下无法使用法术,7,,,,,,,,,,,,,wzife.wdf,1508147758,3007875758,
高级隐身,自动附加地府修罗隐身法术3～5回合，拥有此技能物理攻击能力会降低15%，隐身状态下无法使用法术,7,,,,,,,,,,,,,wzife.wdf,2491734238,2948130962,
高级法术连击,使用法术攻击目标时会有较大几率出现连续2次攻击敌人,7,,,,,,,,,,,,,wzife.wdf,3484714916,1890987017,
高级神佑复生,战斗死亡时有30%的几率复活为正常状态，如果同时拥有鬼魂术（普通或高级），神佑复生的效果将取消。,7,,,,,,,,,,,,,wzife.wdf,2040400078,3049938323,
法术连击,使用法术攻击目标时会有一定几率出现连续2次攻击敌人,7,,,,,,,,,,,,,wzife.wdf,2200246844,345682085,
高级隐身,动附加地府修罗隐身法术3～5回合，拥有此技能物理攻击能力会降低15%，隐身状态下无法使用法术,7,,,,,,,,,,,,,wzife.wdf,2491734238,2948130962,
剑荡四方,使用时可攻击多人。指定的目标受到一定伤害，并造成其他任意两个目标少量伤害。,4,,当前气血的百分之十,,,,,,,,,,,wzife.wd1,1668746823,1668746823,
落岩,土属性的攻击法术，按召唤兽等级附加一定的法术伤害,4,,30点魔法,,,,,,,,,,,wzife.wdf,4226735508,300977089,
弱点土,弱点为土，受到土属性法术攻击时伤害增加50%,7,,,,,,,,,,,,,wzife.wdf,2234852568,910396241,
驱怪,对怪物(不包含NPC和鬼魂类怪物)造成伤害增加10%，对人物攻击时不生效,7,,,,,,,,,,,,,wzife.wdf,0x18CC6B26,0x18CC6B26,
泰山压顶,土属性的攻击法术，按召唤兽等级附加一定的法术伤害，攻击人数为(自身等级除以30+1)，最多为3人,4,,作用目标*30点魔法,,,,,,,,,,,wzife.wdf,463605150,463605150,
火属性吸收,30%的几率免受火属性法术伤害，并按应受伤害的大小恢复气血，但受到火属性法术攻击时伤害会增加30%,7,,,,,,,,,,,,,wzife.wdf,4098020456,4092454521,
敏捷,提高自身速度的10%,7,,,,,,,,,,,,,wzife.wdf,3132756451,4289478506,
高级神迹,不受除日月乾坤外的所有异常状态影响,7,,,,,,,,,,,,,wzife.wdf,705701591,4235295997,
高级毒,自身对毒免疫，物理攻击时有20%的几率使敌人中毒，中毒后每回合减少10%的气血和5%的魔法,7,,,,,,,,,,,,,wzife.wdf,589320553,1086230366,
高级反击,受到物理攻击时有30%几率自动反击，反击的伤害与正常攻击相同,7,,,,,,,,,,,,,wzife.wdf,3922527672,3922527672,
地狱烈火,火属性的攻击法术，按召唤兽等级附加一定的法术伤害，攻击人数为(自身等级除以30+1)，最多为3人,4,,作用目标*30点魔法,,,,,,,,,,,wzife.wdf,4223394612,3042874244,
弱点水,弱点为水，受到水属性法术攻击时伤害增加50%,7,,,,,,,,,,,,,wzife.wdf,803997825,1114088245,
慧根,使用法术时所消耗的魔法降低为正常的75%,7,,,,,,,,,,,,,wzife.wdf,1457451798,3365576412,
高级幸运,不会受到必杀攻击，并有5%几率躲避敌人的法术攻击,7,,,,,,,,,,,,,wzife.wdf,1781077356,481753720,
高级法术暴击,使用法术攻击目标时会有较大几率使法术伤害值加倍,7,,,,,,,,,,,,,wzife.wdf,2071863113,1628140681,
高级魔之心,对敌人的法术伤害效果提高20%,7,,,,,,,,,,,,,wzife.wdf,2586072698,2875710379,
迟钝,天生行动缓慢，速度效果会降低20%,7,,,,,,,,,,,,,wzife.wdf,2619272788,274661895,
高级迟钝,天生行动缓慢，速度效果会降低20%,7,,,,,,,,,,,,,wzife.wdf,2619272788,274661895,
高级驱怪,对怪物(不包含NPC和鬼魂类怪物)造成伤害增加20%，对人物攻击时不生效,7,,,,,,,,,,,,,wzife.wdf,0x4512FE2,0x4512FE2,
惊心一剑,以物理攻击重创对手的气血及魔法,4,,100点魔法,,,,,,,,,,,wzife.wdf,472040976,376561149,
力劈华山,无视对方的防御使对方造成巨大的伤害,4,,100点魔法,,,,,,,,,,,wzife.wdf,3633016146,2223068576,
壁垒击破,忽视防御的攻击。攻击的目标防御，则会受到更大伤害。用此技能攻击时，会忽视“高级防御”和“防御”这两个召唤兽技能产生的技能效果。,4,,50点魔法,,,,,,,,,,,wzife.wd1,0xF1D5925A,0xF1D5925A,
神迹,每回合结束时自动解除一切异常状态,7,,,,,,,,,,,,,wzife.wdf,1245429649,1198707975,
雷击,雷属性的攻击法术，按召唤兽等级附加一定的法术伤害,4,,30点魔法,,,,,,,,,,,wzife.wdf,3336994935,2495588313,
上古灵符,随机施展冰冻(水属性法术，降低对手气血，一定几率令对手停止行动1回合)、流沙(土属性法术，降低对手气血，一定几率降低对手10%愤怒)、心火(火属性法术，降低对手气血，一定几率降低对手上限5%的魔法)、怒雷(雷属性法术，降低对手气血),4,,100点魔法,,,,,,,,,,,wzife.wdf,0xAA1341AF,0xAA1341AF,
善恶有报,攻击时有一定几率给予对手造成双倍的伤害，也有可能为对方恢复一定气血,4,,100点魔法,,,,,,,,,,,wzife.wdf,641427651,1898344999,
死亡召唤,给予对手巨大的伤害，并且使对手处于死亡禁锢状态下，该状态存在时使鬼魂术无效并且不能使用药品进行复活。,4,,50点魔法,,,,,,,,,,,wzife.wdf,1218594609,4279125360,
夜舞倾城,按自身力量点*1.5对对方造成伤害。（对玩家目标使用时效果减半）,4,,100点魔法,,,,,,,,,,,wzife.wdf,387579012,1832394806,
灵能激发,进入战斗后，临时提高自己的法术伤害能力。（法力点数越高效果越好，持续5回合）,7,,,,,,,,,,,,,wzife.wd1,0x400FF62B,0x0DB9B664,
盾气,进入战斗后，临时提高其等级*1的防御能力（持续6回合）,7,,,,,,,,,,,,,wzife.wd2,0x04B409B4,0x04B409B4,
高级盾气,进入战斗后，则提高其等级*2的防御能力（持续6回合）,7,,,,,,,,,,,,,wzife.wd2,0x8EC237B5,0x8EC237B5,
合纵,本方每有一种与其不同的召唤兽，则提高其等级#W//5.5的物理伤害结果。同时，被封印几率增加10%,7,,,,,,,,,,,,,common/wzife.wdf,0xA94D8FEA,0xA94D8FEA,
高级合纵,本方每有一种与其不同的召唤兽，则提高其等级#W//4的物理伤害结果。同时，被封印几率增加10%,7,,,,,,,,,,,,,common/wzife.wdf,0x4EAD21FF,0x4EAD21FF,
高级否定信仰,不受异常、辅助效果影响，受法术伤害减少20%，受到鬼魂类怪物攻击时伤害增加50%，不能同时拥有某些信仰类技能,7,,,,,,,,,,,,,wzife.wdf,484689261,2449787202,
高级精神集中,精神集中，可以抵御封类异常状态，躲避力提高10%，但物理攻击能力会降低20%,7,,,,,,,,,,,,,wzife.wdf,3121640283,3049938323,
月光,召唤数道月光攻击敌人，同一个人可以被多道月光攻击。,4,,100点魔法,,,,,,,,,,,wzife.wd5,0x00000022,0x00000022,
法力陷阱,召唤一个法力陷阱，持续到本回合结束。每个召唤进场的敌人都会触发陷阱，并损失大量MP和少量HP。但若从未触发，则自己损失大量HP。（同时自己物理、法术伤害能力减少5%，同队同时只能召唤1个陷阱,7,,,,,,,,,,,,,common/wzife.wdf,1660044242,2281450634,
灵山禅语,增加自身等级*成长的法防,7,,,,,,,,,,,,,common/wzife.wdf,3754689251,2265863757,
无畏布施,增加目标的防御、法防，但会降低自身的防御、法防。,7,,,,,,,,,,,,,common/wzife.wdf,3212547894,902068984,
不知名桃子,增加目标的防御、法防，但会降低自身的防御、法防。,7,,,,,,,,,,,,,common/wzife.wdf,173833185,3474777648,
大快朵颐,出手前有一定几率触发，大大提升几率性技能(连击，必杀)的触发几率。,7,,,,,,,,,,,,,common/wzife.wdf,0x4e3c17e0,0x4e3c17e0,
龙魂,每成功使用3次法术，都可以临时增加自身法术伤害（效果可持续2回合，成功使用法术后状态消失）,7,,,,,,,,,,,,,wzife.wd2,0x230CEC5B,0x230CEC5B,
浮云神马,在场时，提高自身及主人10%速度，最多持续5回合。,7,,,,,,,,,,,,,common/wzife.wdf,0xE52A8168,0xE52A8168,
千钧一怒,普通物理攻击造成的伤害≥目标气血上限*10%时，使自己主人获得10点愤怒。,7,,,,,,,,,,,,,wzife.wdf,0xFF01A989,0x7ABA738A,
八凶法阵,远古时代神秘群体法术，同时攻击对方三个目标，有一定的几率导致地方单位降速、降攻、降防状态。自身魔力点数低于等级*4时，概率降低。,4,,消耗气血90%,,,,,,,,,,,"wzife.wdf""",0x6DA1FE04,0xF2093660,
法术防御,极强的法术防御技能。可以防御法术攻击，减少60%的法术伤害，但无法防御物理攻击。效果可以持续4回合,2,,,,,,,,,,,,,wzife.wdf,0x3543B96C,0x2513128B,
独行,抵抗封印的能力提高25%,7,,,,,,,,,,,,,zdy.rpk,16777571,16777571,
进击必杀,第2回合及以后进入战斗时，提升15%的必杀几率持续5回合，且遂回合减少20%效果。,7,,,,,,,,,,,,,zdy.rpk,16777572,16777572,
进击法爆,第2回合及以后进入战斗时，提升10%6的法术暴击几率持续5回合，且逐回合臧少20%效果。,7,,,,,,,,,,,,,zdy.rpk,16777573,16777573,
遗忘,替代原召唤兽进入战斗时获得“遗志:造成伤害提升10%;井获得原召唤的“遗志”。最多两层,7,,,,,,,,,,,,,zdy.rpk,16777574,16777574,
高级独行,抵抗封印的能力提高40%,7,,,,,,,,,,,,,zdy.rpk,16777575,16777575,
高级进击必杀,第2回合及以后进入战斗时，提升30%的必杀几率持续5回合，且遂回合减少20%效果。,7,,,,,,,,,,,,,zdy.rpk,16777577,16777577,
高级进击法爆,第2回合及以后进入战斗时，提升20%的法术暴击几率持续5回合，且逐回合臧少20%效果。,7,,,,,,,,,,,,,zdy.rpk,16777576,16777576,
高级遗忘,替代原召唤兽进入战斗时获得“遗志:造成伤害提升20%;井获得原召唤的“遗志”。最多两层,7,,,,,,,,,,,,,zdy.rpk,16777584,16777584,
观照万象,使用所有的主动技能进攻目标，冷却回合数150，回合数10可以使用。只有谛听可拥有此技能使用的主动技能不包含认证技能,4,,,,,,,,,,,,,zdy.rpk,16777591,16777591,
出其不意,使用本回合己方召唤兽末使用过的技能时，造成的伤害结果提升15%,7,,,,,,,,,,,,,zdy.rpk,16777590,16777590,
势如破竹,物理攻击时，保护的单位分担伤害减少30%,7,,,,,,,,,,,,,zdy.rpk,16777589,16777589,
乘胜追击,普通攻击或连击达到4次时，额外攻击敌人2次。(额外攻击的伤害结果降低60%),7,,,,,,,,,,,,,zdy.rpk,16777588,16777588,
凭风借力,每次物理攻击提升必杀时12.5%的总伤害结果。(最多4层，在触发必杀时清空),7,,,,,,,,,,,,,zdy.rpk,16777587,16777587,
顾盼生姿,每次使用主动技能，提升主人0.5等级的封印命中等级。(最多4层，在主人封印成功时清空),7,,,,,,,,,,,,,zdy.rpk,16777586,16777586,
拘魂索命,使用法术或法术连击达到4次时，对气血百分比最低的数人额外释放1次法术(额外皮法术的伤害结果隆低20%),7,,,,,,,,,,,,,zdy.rpk,16777585,16777585,
溜之大吉,自身速段提高20%，躲避率增加10%,7,,,,,,,,,,,,,zdy.rpk,16777592,16777592,
神出鬼没,进入战斗后获得修罗隐身状态2-3回合;隐身状态下伤害效果提高10%，躲避率增加10%,7,,,,,,,,,,,,,zdy.rpk,16777593,16777593,
昼伏夜出,夜间物理伤害效果不会减少并提高10%躲避率增加10%,7,,,,,,,,,,,,,zdy.rpk,16777600,16777600,
流沙轻音,发动法术攻击多个目标，伤害按五声音阶递攻击人数=自身等级20，最少1人，最多5人。,4,,,,,,,,,,,,,zdy.rpk,16777601,16777601,
凝光炼彩,受伤时有25%概率获得护盾，护盾值为所受伤害的50%。,7,,,,,,,,,,,,,zdy.rpk,16777602,16777602,
净台妙谛,增加自身体质*成长*2的气血。“静听妙谛，腾云护身。,7,,,,,,,,,,,,,zdy.rpk,16777605,16777605,
津津有味,每回合吞掉主人的一个包子，提升暴击几率和暴击伤害倍率。,7,,,,,,,,,,,,,zdy.rpk,16777606,16777606,
叱诧风云,水系法术攻击目标和两个随机目标，提高法术连击的伤害法术连击可重复触发。,4,,,,,,,,,,,,,zdy.rpk,16777607,16777607,
食指大动,召唤随机种类的水果攻击敌人。不同的水果味道不一，效果自然各具特色。,4,,,,,,,,,,,,,zdy.rpk,16777608,16777608,
理直气壮,普通攻击时：有40%几率攻击3次,7,,,,,,,,,,,,,zdy.rpk,0x1000184,0x1000184,
从天而降,利用体重的优势碾压敌人。,7,,,,,,,,,,,,,zdy.rpk,0x1000183,0x1000183,
高级防御,增加(自身等级×0.8)的防御，但法术伤害能力会降低10%,7,,,,,,,,,,,,,wzife.wdf,1616189465,3783015310,
否定信仰,不受异常、辅助效果影响，受到鬼魂类怪物攻击时伤害增加50%，不能同时拥有某些信仰类技能,7,,,,,,,,,,,,,wzife.wdf,3345212313,3002471686,
法术暴击,使用法术攻击目标时会有一定几率使法术伤害值加倍,7,,,,,,,,,,,,,wzife.wdf,1389982585,1108386617,
高级再生,战斗中每回合自动恢复气血，恢复数值与自身等级相同,7,,,,,,,,,,,,,wzife.wdf,468221024,3809634425,
永恒,受到的辅助类法术效果持续回合加倍，如恢复气血、提升速度等,7,,,,,,,,,,,,,wzife.wdf,1988160424,1508625069,
高级吸血,物理攻击时，吸取对方所掉气血的30%，攻击鬼魂类怪物时无效,7,,,,,,,,,,,,,wzife.wdf,1364867245,2545117654,
高级飞行,躲避能力增加30%、物理攻击命中增加20%,7,,,,,,,,,,,,,wzife.wdf,4277341965,3853120636,
高级强力,增加(自身等级×0.715)的攻击，如果对方有防御或高级防御技能，伤害结果会减少20%,7,,,,,,,,,,,,,wzife.wdf,3563500497,2177485118,
高级鬼魂术,死亡5回合后自动复活，不受异常状态影响,7,,,,,,,,,,,,,wzife.wdf,2436724533,3547941491,
高级驱鬼,对鬼魂类怪物的物理、法术伤害效果加倍，如果将鬼魂类怪物打死，对方将飞出场外而不能复活,7,,,,,,,,,,,,,wzife.wdf,72429538,72429538,
烈火,火属性的攻击法术，按召唤兽等级附加一定的法术伤害,4,,30点魔法,,,,,,,,,,,wzife.wdf,2966154175,1668132272,
嗜血追击,使用物理攻击击倒目标时，会继续攻击另一个目标一次。此效果每回合只会触发一次,7,,,,,,,,,,,,,wzife.wd1,3287596045,3287596045,
水属性吸收,30%的几率免受水属性法术伤害，并按应受伤害的大小恢复气血，但受到火属性法术攻击时伤害会增加30%,7,,,,,,,,,,,,,wzife.wdf,92545119,1756512785,
移花接木,可以躲避暗器伤害，并按应受伤害的30%恢复HP,7,,,,,,,,,,,,,wzife.wd1,0x5886F7D3,0x5886F7D3,
