编号,名称,类型,地址,资源,前置,pyx,pyy
1,状态_苍白纸人_敌方,法宝,0x2f45b9f0,waddon.wdf,真,,
2,状态_苍白纸人_我方,法宝,0x592ebd89,waddon.wdf,假,,
3,状态_乾坤玄火塔_敌方,法宝,0x325a1f6a,waddon.wdf,假,,
4,状态_乾坤玄火塔_我方,法宝,0xc236bf21,waddon.wdf,假,,
5,状态_干将莫邪_敌方,法宝,0x47f867ff,waddon.wdf,假,,
6,状态_干将莫邪_我方,法宝,0x7838ce56,waddon.wdf,假,,
7,状态_混元伞_敌方,法宝,0x2F45B9F0,waddon.wdf,真,,
8,状态_混元伞_我方,法宝,0x592EBD89,waddon.wdf,假,,
9,状态_五彩娃娃_敌方,法宝,0x2F45B9F0,waddon.wdf,真,,
10,状态_五彩娃娃_我方,法宝,0x592EBD89,waddon.wdf,假,,
11,发瘟匣,法宝,0xe9ec95cd,magic.wdf,真,,
12,金甲仙衣,法宝,0x7AEF08A1,magic.wdf,真,,
13,无魂傀儡,法宝,0x7AEF08A1,magic.wdf,真,,
14,断线木偶,法宝,0x7AEF08A1,magic.wdf,真,,
15,降魔斗篷,法宝,0x7AEF08A1,magic.wdf,真,,
16,五彩娃娃,法宝,0x7AEF08A1,magic.wdf,真,,
17,状态_无魂傀儡,法宝,0x7aef08a1,waddon.wdf,真,0,1
18,状态_断线木偶,法宝,0x7aef08a1,waddon.wdf,真,0,1
19,状态_无尘扇,法宝,0x7aef08a1,waddon.wdf,真,0,1
20,无尘扇,法宝,0xb8c9232,magic.wdf,真,0,1
21,混元伞_我方,法宝,0x1F334661,magic.wdf,假,,
22,混元伞_敌方,法宝,0xf2822c9d,magic.wdf,真,,
23,金钱镖,法宝,0x87d204f0,magic.wdf,真,,
24,落宝金钱,法宝,0x87d204f0,magic.wdf,真,,
25,干将莫邪_敌方,法宝,0x47F867FF,magic.wdf,真,,
26,干将莫邪_我方,法宝,0x7838CE56,magic.wdf,真,,
27,清心咒,法宝,0x53a253c7,magic.wdf,真,,
28,苍白纸人,法宝,0x899DFF11,magic.wdf,真,,
29,状态_缚妖索,法宝,0xce13670b,addon.wdf,真,,
30,状态_捆仙绳,法宝,0xce13670b,addon.wdf,真,,
31,状态_缚龙索,法宝,0xce13670b,addon.wdf,真,,
32,缚妖索,法宝,0xce13670b,addon.wdf,真,,
33,捆仙绳,法宝,0xce13670b,addon.wdf,真,,
34,缚龙索,法宝,0xce13670b,addon.wdf,真,,
35,番天印,法宝,0x72574dc2,magic.wdf,真,,
36,状态_番天印,法宝,0x72574dc2,waddon.wdf,假,,
37,罗汉珠,法宝,0x631f3902,magic.wdf,真,0,3
38,状态_罗汉珠,法宝,0x287884cc,waddon.wdf,真,,
39,分水,法宝,0x1c5f1f4c,magic.wdf,真,0,2
40,状态_分水,法宝,0x973bcf2c,waddon.wdf,真,0,2
41,赤焰_我方,法宝,0x4b7e9179,magic.wdf,真,0,2
42,赤焰_敌方,法宝,0x87ae3947,magic.wdf,真,0,2
43,状态_赤焰,法宝,0x719d767f,waddon.wdf,真,0,1
44,天煞,法宝,0x5829cf13,common/magic.wdf,真,0,2
45,状态_天煞,法宝,0x719d767f,waddon.wdf,真,0,1
46,神木宝鼎,法宝,0x8d7d4a28,common/magic.wdf,真,0,1
47,状态_神木宝鼎,法宝,0x196f4a1d,common/magic.wdf,真,0,2
48,鬼泣,法宝,0x96E5FD5D,magic.wdf,真,,
49,惊魂铃,法宝,0x96E5FD5D,magic.wdf,真,,
50,失心钹,法宝,0xB5DC4541,magic.wdf,真,0,1
51,乾坤玄火塔,法宝,0xE4A2B66E,magic.wdf,真,,
52,七宝玲珑灯,法宝,0x44302d8b,magic.wdf,真,0,1
53,无字经,法宝,0x32D3023F,magic.wdf,真,,
54,状态_无字经,法宝,0x32D3023F,waddon.wdf,假,,
55,摄魂,法宝,0xe02f2e6d,magic.wdf,真,0,3
56,状态_摄魂,法宝,0xe02f2e6d,waddon.wdf,真,0,1
57,救命毫毛,法宝,0x526579a3,magic.wdf,真,,
58,照妖镜,法宝,0x80db228a,magic.wdf,真,,
59,九梵清莲,法宝,0xce4013a9,common/magic.wdf,真,,
60,状态_九梵清莲,法宝,0x9da386b,waddon.wdf,真,0,1
61,苍灵雪羽,法宝,0x287f7362,common/magic.wdf,真,0,1
62,状态_苍灵雪羽,法宝,0x73df2340,common/magic.wdf,真,0,1
63,烽火狼烟,法宝,0xdf5022f0,common/magic.wdf,真,0,3
64,状态_烽火狼烟,法宝,0x547c4b68,common/magic.wdf,真,0,1
65,舞雪冰蝶,法宝,0x732894c,common/magic.wdf,真,0,1
66,状态_舞雪冰蝶,法宝,0x619b686c,common/magic.wdf,真,0,1
67,紫火如意,法宝,0x25a881b4,common/magic.wdf,真,,
68,金蟾,法宝,0x2f02120b,common/magic.wdf,真,0,1
69,状态_金蟾,法宝,0xda03a73d,common/magic.wdf,真,0,1
70,璞玉灵钵,法宝,0x66e9f081,common/magic.wdf,真,,
71,状态_璞玉灵钵,法宝,0x715e9bd4,common/magic.wdf,真,0,1
72,还魂咒,子女,2391977602,magic.wdf,假,,
73,仙人指路,子女,388205471,magic.wdf,假,,
74,峰回路转,子女,0xF3B31E4E,magic.wdf,真,0,2
75,四面埋伏,子女,0x32A07D29,magic.wdf,真,0,2
76,状态_四面埋伏,子女,0x1E1AF8D9,waddon.wdf,假,,
77,落岩,召唤兽,180555238,magic.wdf,真,,
78,水攻,召唤兽,4180877467,magic.wdf,真,,
79,惊心一剑,召唤兽,1000651155,addon.wdf,真,,
80,泰山压顶,召唤兽,0x783f9d20,magic.wdf,真,,
81,泰山压顶2,召唤兽,0xDF4C3BE3,magic.wdf,真,,
82,泰山压顶3,召唤兽,0xE9401B00,magic.wdf,真,,
83,泰山压顶4,召唤兽,0x133F8E31,magic.wdf,真,,
84,八凶法阵,召唤兽,0x139426b5,magic.wdf,真,,
85,状态_八凶法阵1,召唤兽,0x85a553f8,waddon.wdf,真,,
86,状态_八凶法阵2,召唤兽,0x3d3fa597,waddon.wdf,真,,
87,状态_八凶法阵3,召唤兽,0xd48b920,waddon.wdf,真,,
88,叱诧风云,召唤兽,0xdb00e6d8,magic.wdf,真,,
89,流沙轻音,召唤兽,0xf7103c1d,magic.wdf,真,,
90,食指大动_香蕉,召唤兽,0x12f35dca,magic.wdf,真,,
91,食指大动_菠萝,召唤兽,0x15016b39,magic.wdf,真,,
92,食指大动_西瓜,召唤兽,0xbd4427bb,magic.wdf,真,,
93,地狱烈火1,召唤兽,0x257635ee,magic.wdf,真,,
94,地狱烈火2,召唤兽,0xBE325D99,magic.wdf,真,,
95,雷击,召唤兽,238079300,magic.wdf,真,0,2
96,烈火,召唤兽,3507654973,magic.wdf,真,,
97,水漫金山,召唤兽,0xc9c4951d,common/magic.wdf,真,,
98,水漫金山0,召唤兽,0x90e8589f,magic.wdf,真,,
99,水漫金山1,召唤兽,2431146143,magic.wdf,真,,
100,水漫金山2,召唤兽,0x97311BAD,magic.wdf,真,,
101,力劈华山,召唤兽,4281577710,magic.wdf,真,,
102,月光,召唤兽,685510219,common/ski.wdf,真,,
103,奔雷咒,召唤兽,4115415077,magic.wdf,真,,
104,奔雷咒1,召唤兽,0xf1f26922,magic.wdf,真,,
105,奔雷咒2,召唤兽,0x2a997658,magic.wdf,真,,
106,壁垒击破,召唤兽,0x99ddc32a,addon.wdf,真,0,3
107,善恶有报,召唤兽,0x8d8a818d,addon.wdf,真,0,3
108,上古灵符,召唤兽,48901659,magic.wdf,真,,
109,夜舞倾城,召唤兽,0xF18C76DD,magic.wdf,真,,
110,状态_法术防御,召唤兽,0xDEDEE983,waddon.wdf,真,0,3
111,死亡召唤,召唤兽,0x19182964,waddon.wdf,假,,
112,状态_死亡召唤,召唤兽,0x19182964,waddon.wdf,假,,
113,状态_八凶法阵,召唤兽,0x2C6223D4,waddon.wdf,假,,
114,剑荡四方,召唤兽,0x729ade62,magic.wdf,真,0,3
115,打雷加电,召唤兽,0x51EEBFF3,magic.wdf,真,,
116,津津有味,召唤兽,0x411c5d82,waddon.wdf,真,,
117,上古灵符_冰冻,召唤兽,0x2ea2e1b,magic.wdf,真,,
118,上古灵符_流沙,召唤兽,0xfc1c8ee7,magic.wdf,真,,
119,上古灵符_心火,召唤兽,0x9779b893,magic.wdf,真,,
120,上古灵符_怒雷,召唤兽,0xef3e3fe4,magic.wdf,真,0,2
121,状态_龙魂,召唤兽,0xaf4ec9f2,waddon.wdf,真,0,1
122,天降灵葫_大,召唤兽,0xf99822ce,magic.wdf,真,,
123,天降灵葫_中,召唤兽,0x75331968,magic.wdf,真,,
124,天降灵葫_小,召唤兽,0xdcd7a875,magic.wdf,真,,
125,状态_盾气_敌方,召唤兽,0x866ef702,waddon.wdf,真,,
126,状态_盾气_我方,召唤兽,0x28c53e46,waddon.wdf,真,,
127,腾挪劲,召唤兽,0xac3d253b,magic.wdf,真,,
128,怒吼,召唤兽,540773493,magic.wdf,真,,
129,状态_无畏布施_敌方,召唤兽,0x2f3e4271,waddon.wdf,真,0,3
130,状态_无畏布施_我方,召唤兽,0x1353874f,waddon.wdf,假,0,3
131,状态_进击必杀,召唤兽,0xb87f3249,waddon.wdf,真,0,3
132,状态_进击法爆,召唤兽,0x8037ea27,waddon.wdf,真,0,3
133,状态_高级进击必杀,召唤兽,0xb87f3249,waddon.wdf,真,0,3
134,状态_高级进击法爆,召唤兽,0x8037ea27,waddon.wdf,真,0,3
135,神牛蹈火,召唤兽,0x6ea4246e,magic.wdf,真,,
136,状态_神牛蹈火,召唤兽,0xa168e26f,waddon.wdf,真,0,3
137,三头六臂,召唤兽,0x4f8312f6,magic.wdf,真,,
138,追亡逐北,召唤兽,0xb0b36693,magic.wdf,真,,
139,北冥之渊,召唤兽,0x10426795,magic.wdf,真,,
140,状态_北冥之渊,召唤兽,0xf25bbfca,waddon.wdf,真,,
141,扶摇万里,召唤兽,0x1000015,zdy5.rpk,真,,
142,水击三千,召唤兽,0x472c0675,magic.wdf,真,,
143,慈航普度,特技,3775417657,magic.wdf,真,0,3
144,凝神诀,特技,2128818470,magic.wdf,真,0,2
145,回魂咒,特技,2391977602,magic.wdf,真,,
146,冰清诀,特技,388205471,magic.wdf,假,,
147,晶清诀,特技,388205471,magic.wdf,假,,
148,同生共死,特技,388205471,magic.wdf,假,,
149,玉清诀,特技,0x66150076,magic.wdf,假,,
150,水清诀,特技,0x66150076,magic.wdf,假,,
151,四海升平,特技,3497509792,magic.wdf,真,0,2
152,命归术,特技,821212684,magic.wdf,真,0,2
153,破血狂攻,特技,387269810,addon.wdf,真,0,3
154,弱点击破,特技,387269810,addon.wdf,真,0,3
155,气归术,特技,3497509792,magic.wdf,真,0,2
156,心疗术,特技,4227373440,magic.wdf,真,0,2
157,命疗术,特技,4088602190,magic.wdf,真,0,2
158,碎甲术,特技,0xd0eec915,magic.wdf,真,0,2
159,破甲术,特技,3505309973,magic.wdf,真,0,2
160,凝气诀,特技,843116756,magic.wdf,真,0,2
161,气疗术,特技,4088602190,magic.wdf,真,0,2
162,起死回生,特技,2391977602,magic.wdf,真,,
163,破碎无双,特技,0x21FAE73F,magic.wdf,真,0,2
164,放下屠刀,特技,0x81b4599f,magic.wdf,真,,
165,河东狮吼,特技,0x81B4599F,magic.wdf,真,,
166,状态_太极护法,特技,1549538628,waddon.wdf,假,,
167,太极护法,特技,1556617600,waddon.wdf,真,0,2
168,罗汉金钟,特技,1556617600,waddon.wdf,真,0,2
169,状态_罗汉金钟,特技,1549538628,waddon.wdf,假,,
170,流云诀,特技,0xfe27ebcf,magic.wdf,真,0,2
171,啸风诀,特技,0xfe27ebcf,magic.wdf,真,0,2
172,野兽之力,特技,540773493,magic.wdf,真,,
173,魔兽之印,特技,540773493,magic.wdf,真,,
174,光辉之甲,特技,956135146,magic.wdf,真,0,2
175,圣灵之甲,特技,956135146,magic.wdf,真,0,2
176,笑里藏刀,特技,1575320484,magic.wdf,真,,
177,绝幻魔音,特技,0x14E3155E,magic.wdf,真,0,2
178,状态_天衣无缝,特技,0xFAF4A2D4,waddon.wdf,真,0,1
179,天衣无缝,特技,0xC183DB1E,magic.wdf,真,,
180,凝滞术,特技,0xD1E593CE,magic.wdf,真,,
181,停陷术,特技,0x47C69103,magic.wdf,假,,
182,冥王爆杀,特技,0xA5199709,magic.wdf,真,0,2
183,修罗咒,特技,0x95065313,magic.wdf,真,0,2
184,状态_修罗咒,特技,0x2ecc6dac,waddon.wdf,真,0,1
185,逃跑,通用,0xF5189E48,addon.wdf,真,,
186,自爆,通用,0xA5199709,magic.wdf,真,0,2
187,捕捉开始,通用,3195920150,addon.wdf,真,0,2
188,加血,通用,2010253357,addon.wdf,真,,
189,加愤怒,通用,2156718962,addon.wdf,真,,
190,防御,通用,908223343,addon.wdf,真,,
191,牛刀小试,通用,1000651155,addon.wdf,真,,
192,飞镖,通用,0x494DC152,addon.wdf,真,,
193,弓弩攻击,通用,3804004647,common/lbc.wdf,真,,
194,加蓝,通用,1049700101,addon.wdf,真,,
195,状态_冰封,通用,324036383,waddon.wdf,真,,
196,保护,通用,4027829983,addon.wdf,真,,
197,状态_毒,通用,3687768876,waddon.wdf,假,,
198,被击中,通用,490729788,addon.wdf,真,0,3
199,反震,通用,3690777786,addon.wdf,真,0,3
200,暴击,通用,3973111811,magic.wdf,真,0,3
201,捕捉成功,通用,2601915514,addon.wdf,真,0,1
202,打狗棒,通用,0x1EE9406C,magic.wdf,真,,
203,状态_护法紫丝,通用,0x042B06AC,waddon.wdf,假,,
204,升级,通用,2604332261,addon.wdf,真,,
205,战斗暴击,通用,0xECD0E003,addon.wdf,真,,
206,法术暴击,通用,0xdad8ac20,magic.wdf,真,0,3
207,战斗头标,通用,0x97C79EDB,addon.wdf,真,0,1
208,特赦令牌,通用,0x7A55F632,magic.wdf,真,,
209,闪亮登场,通用,0x6DFE584A,wzife.wd2,真,,
210,挑战失败,通用,0x36F99CC8,wzife.wd2,真,,
211,无特效,通用,0xFCD58523,wzife.wdf,真,,
212,弓弩1,通用,0x775176bb,addon.wdf,真,,
213,弓弩2,通用,0xe84bf869,addon.wdf,真,,
214,弓弩3,通用,0x2843a984,addon.wdf,真,,
215,阵型_不动如山,通用,4106238113,wzife.wd2,真,,
216,状态_护盾_我方,通用,0xe953a650,waddon.wdf,假,0,-30
217,状态_护盾_敌方,通用,0x3905e790,waddon.wdf,假,0,-30
218,新_横扫千军,大唐官府,0x19c102d1,common/magic.wdf,真,,
219,新_后发制人,大唐官府,0x22dfd2ea,common/magic.wdf,真,,
220,新_破釜沉舟,大唐官府,0x439692de,common/magic.wdf,真,,
221,其疾如风,大唐官府,3293033444,waddon.wdf,真,,
222,其疾如林,大唐官府,2206060349,waddon.wdf,真,,
223,其疾如火,大唐官府,2215845942,waddon.wdf,真,,
224,其疾如山,大唐官府,3814947031,waddon.wdf,真,,
225,千里神行,大唐官府,3356723242,magic.wdf,真,,
226,杀气诀,大唐官府,0xC29A0737,magic.wdf,真,0,3
227,状态_杀气诀,大唐官府,0xaffb5781,waddon.wdf,真,0,3
228,后发制人,大唐官府,968268166,magic.wdf,真,,
229,横扫千军,大唐官府,2896471370,magic.wdf,真,0,3
230,破釜沉舟,大唐官府,0x78d6fd06,magic.wdf,真,,
231,状态_后发制人,大唐官府,0x2a2a0663,waddon.wdf,真,,
232,状态_横扫千军,大唐官府,0xd9463a0c,waddon.wdf,真,,
233,状态_破釜沉舟,大唐官府,0xd9463a0c,waddon.wdf,真,,
234,安神诀,大唐官府,0x3fca8c5a,magic.wdf,真,,
235,状态_安神诀,大唐官府,0xE61DB8B4,waddon.wdf,真,,
236,反间之计,大唐官府,0xe1e5ea57,magic.wdf,真,0,3
237,斩龙诀,大唐官府,0x81B4599F,magic.wdf,真,,
238,长驱直入,大唐官府,0x985d9164,magic.wd1,真,0,3
239,翩鸿一击,大唐官府,0xd332e62,magic.wd1,真,0,3
240,突进,大唐官府,0xbed8962a,magic.wd1,真,,
241,状态_突进,大唐官府,0x85b3d6f1,waddon.wdf,真,,
242,新_唧唧歪歪,化生寺,0xf71deaf7,common/magic.wdf,真,0,3
243,新_金刚护法,化生寺,0xab0d8604,common/magic.wdf,真,,
244,新_推气过宫,化生寺,0x7eec276b,common/magic.wdf,真,,
245,新_我佛慈悲,化生寺,0x6fc329c6,common/magic.wdf,真,,
246,新_活血,化生寺,0xef9691f3,common/magic.wdf,真,,
247,新_救死扶伤,化生寺,0xf2c7bc8e,common/magic.wdf,真,,
248,新_舍生取义,化生寺,0x8cba06e2,common/magic.wdf,真,,
249,新_金刚护体,化生寺,0x9e4e9755,common/magic.wdf,真,,
250,韦陀护法,化生寺,2493890284,magic.wdf,真,0,3
251,状态_韦陀护法,化生寺,0x62edd1cb,waddon.wdf,真,0,3
252,妙手回春,化生寺,51617616,magic.wdf,真,0,3
253,达摩护体,化生寺,2565901429,magic.wdf,真,0,3
254,状态_达摩护体,化生寺,2565901429,magic.wdf,真,0,3
255,推气过宫,化生寺,3899242890,magic.wdf,真,0,3
256,救死扶伤,化生寺,3899242890,magic.wdf,真,0,3
257,状态_金刚护体,化生寺,916220457,waddon.wdf,真,,
258,佛门普渡,化生寺,428453890,magic.wdf,真,,
259,活血,化生寺,51617616,magic.wdf,真,0,3
260,推拿,化生寺,51617616,magic.wdf,真,0,3
261,金刚护体,化生寺,952243307,magic.wdf,真,0,3
262,状态_一苇渡江,化生寺,382287583,waddon.wdf,假,,
263,一苇渡江,化生寺,4082420920,magic.wdf,真,,
264,解毒,化生寺,3727996990,magic.wdf,真,0,3
265,唧唧歪歪,化生寺,3240896099,magic.wdf,真,,
266,我佛慈悲,化生寺,540772211,magic.wdf,真,,
267,诸天看护,化生寺,0x49eb8017,magic.wd1,真,,
268,金刚护法,化生寺,0x04DB6C0A,magic.wdf,真,0,3
269,状态_金刚护法,化生寺,0xFCD58523,wzife.wdf,真,0,3
270,状态_佛法无边,化生寺,0xEA4D704A,waddon.wdf,真,,
271,佛法无边,化生寺,0xC8011EF1,magic.wdf,真,,
272,舍生取义,化生寺,0xF0CE9045,magic.wdf,真,,
273,妙悟,化生寺,0xF0CE9045,magic.wdf,真,,
274,醍醐灌顶,化生寺,2479870127,magic.wdf,真,0,3
275,紫气东来,化生寺,0xA742E8AB,magic.wdf,真,,
276,渡劫金身,化生寺,0x1abe4acc,magic.wd1,真,,
277,状态_渡劫金身,化生寺,0x92bc0997,waddon.wdf,真,,
278,新_楚楚可怜,女儿村,0x28faeff7,common/magic.wdf,真,,
279,新_满天花雨,女儿村,0x253c9538,common/magic.wdf,真,,
280,新_莲步轻舞,女儿村,0x73d87e89,common/magic.wdf,真,,
281,新_如花解语,女儿村,0xb493ef60,common/magic.wdf,真,0,-2
282,新_似玉生香,女儿村,0xba10e451,common/magic.wdf,真,0,-3
283,新_娉婷嬝娜,女儿村,0xaf8e7ddb,common/magic.wdf,真,0,-3
284,新_一笑倾城,女儿村,0x935fa878,common/magic.wdf,真,,
285,状态_花护,女儿村,0x7DCEE534,waddon.wdf,假,,
286,红袖添香,女儿村,3858048292,magic.wdf,真,,
287,状态_红袖添香,女儿村,3037907947,waddon.wdf,真,,
288,状态_飞花摘叶,女儿村,0xA9C8EA87,waddon.wdf,假,,
289,飞花摘叶,女儿村,0x78BF64A4,magic.wdf,真,,
290,百毒不侵,女儿村,0xD69CAE82,magic.wdf,真,,
291,一笑倾城,女儿村,0xcb3b68b8,magic.wdf,真,,
292,情天恨海,女儿村,0xC1825B80,magic.wdf,真,0,3
293,娉婷嬝娜,女儿村,0x430a96a6,magic.wdf,真,,
294,状态_娉婷嬝娜,女儿村,0x1e1af8d9,waddon.wdf,假,,
295,状态_百毒不侵,女儿村,0x860E67C9,waddon.wdf,真,,
296,状态_一笑倾城,女儿村,0x1350671f,waddon.wdf,真,,
297,满天花雨,女儿村,2640278135,magic.wdf,真,,
298,似玉生香,女儿村,1187493750,magic.wdf,真,,
299,状态_似玉生香,女儿村,0x59D77EF9,waddon.wdf,假,,
300,鸿渐于陆,女儿村,0xa83a5fa5,magic.wd1,真,,
301,楚楚可怜,女儿村,405595707,magic.wdf,真,,
302,状态_楚楚可怜,女儿村,1923968442,waddon.wdf,真,,
303,移形换影,女儿村,1963789198,magic.wdf,真,,
304,状态_如花解语,女儿村,505084121,waddon.wdf,假,,
305,状态_莲步轻舞,女儿村,0xc9ec1ff5,waddon.wdf,假,,
306,如花解语,女儿村,2319038367,magic.wdf,真,,
307,莲步轻舞,女儿村,2556614190,magic.wdf,真,,
308,雨落寒沙,女儿村,1229832530,addon.wdf,真,,
309,月下霓裳,女儿村,3808354120,magic.wdf,真,,
310,状态_自矜,女儿村,0x4f116543,waddon.wdf,真,0,1
311,新_落魄符,方寸山,0xb008ac11,common/magic.wdf,真,,
312,新_碎甲术,方寸山,0x116c932,common/magic.wdf,真,,
313,新_失心符,方寸山,0x89b2d33a,common/magic.wdf,真,,
314,新_五雷咒,方寸山,0x5bcbb64f,common/magic.wdf,真,,
315,新_催眠符,方寸山,0xb8e57120,common/magic.wdf,真,,
316,新_失忆符,方寸山,0xb073119d,common/magic.wdf,真,,
317,新_失魂符,方寸山,0x2406da40,common/magic.wdf,真,,
318,新_定身符,方寸山,0x8485b3e2,common/magic.wdf,真,,
319,新_落雷符,方寸山,0xc1731a60,common/magic.wdf,真,,
320,新_分身术,方寸山,0x4b9aca92,common/magic.wdf,真,,
321,失忆符,方寸山,3567923082,magic.wdf,真,0,3
322,状态_失忆符,方寸山,0xEB3D0AC1,waddon.wdf,假,,
323,落魄符,方寸山,1337287235,magic.wdf,真,0,3
324,状态_落魄符,方寸山,0x80d59b91|0x2b762ec,waddon.wdf,假,,
325,离魂符,方寸山,421114130,magic.wdf,真,0,3
326,碎甲符,方寸山,0xC27C1229,magic.wdf,真,,
327,状态_碎甲符,方寸山,0xEB3D0AC1,waddon.wdf,假,,
328,飞符炼魂,方寸山,0x76653afb,magic.wd1,真,0,3
329,状态_不灭,方寸山,0xEC3149BB,waddon.wdf,真,0,1
330,钟馗论道,方寸山,0x25f14a5e,magic.wd1,真,,
331,状态_钟馗论道,方寸山,0xdccb25e2,waddon.wdf,假,,
332,顺势而为,方寸山,0x3b86b284,magic.wd1,真,,
333,状态_顺势而为,方寸山,0x2ce2133e,waddon.wdf,假,,
334,状态_摧心,方寸山,0xbfc4004f,waddon.wdf,真,,
335,状态_追魂符,方寸山,3655438388,waddon.wdf,假,,
336,追魂符,方寸山,3556918902,magic.wdf,真,0,3
337,状态_离魂符,方寸山,3655438388,waddon.wdf,假,,
338,状态_定身符,方寸山,2461182746,waddon.wdf,假,,
339,状态_失心符,方寸山,3635978625,waddon.wdf,假,,
340,定身符,方寸山,3729668740,magic.wdf,真,0,3
341,状态_催眠符,方寸山,0xca8fdead,waddon.wdf,假,,
342,失心符,方寸山,152755655,magic.wdf,真,0,3
343,乙木仙遁,方寸山,1829610500,magic.wdf,真,,
344,落雷符,方寸山,4292234442,magic.wdf,真,0,3
345,五雷咒,方寸山,947658475,magic.wdf,真,0,3
346,归元咒,方寸山,0x517656E2,magic.wdf,真,0,3
347,乾天罡气,方寸山,0x144AF3F8,magic.wdf,真,0,3
348,失魂符,方寸山,0x7BCD8BC0,magic.wdf,真,0,3
349,状态_失魂符,方寸山,0x8B43833D,waddon.wdf,假,,
350,状态_分身术,方寸山,0xDE1AC16B,waddon.wdf,真,,
351,否极泰来,方寸山,2651211088,magic.wdf,真,,
352,三星灭魔,方寸山,0x4850F165,magic.wdf,真,,
353,凝神术,方寸山,0x5175d5ff,magic.wdf,真,,
354,状态_凝神术,方寸山,0xc2472120,waddon.wdf,真,,
355,渡劫_落魄符,方寸山,0xac38f5bf,magic.wdf,真,,
356,渡劫_催眠符,方寸山,0xea764d45,magic.wdf,真,,
357,新_天雷斩,天宫,0xf17168c5,common/magic.wdf,真,,
358,新_五雷轰顶,天宫,0x6044e21a,common/magic.wdf,真,0,3
359,新_雷霆万钧,天宫,0x911e3921,common/magic.wdf,真,,
360,新_镇妖,天宫,0x14965928,common/magic.wdf,真,,
361,新_错乱,天宫,0x8d302ce0,common/magic.wdf,真,0,-2
362,新_百万神兵,天宫,0x65955666,common/magic.wdf,真,,
363,百万神兵,天宫,2340755185,magic.wdf,真,,
364,五雷轰顶,天宫,4292234442,magic.wdf,真,0,3
365,天神护体,天宫,3231493430,magic.wdf,真,,
366,天神护法,天宫,1935690327,magic.wdf,真,0,3
367,雷霆万钧,天宫,664467571,magic.wdf,真,,
368,状态_百万神兵,天宫,3297426043,waddon.wdf,假,,
369,错乱,天宫,0xd35fc051,magic.wdf,真,,
370,状态_错乱,天宫,0x2f78c46e,waddon.wdf,真,,
371,天雷斩,天宫,3054771897,addon.wdf,真,,
372,镇妖,天宫,0xf70412c7,magic.wdf,真,0,3
373,状态_镇妖,天宫,0x98753F94,waddon.wdf,假,,
374,腾云驾雾,天宫,871130409,magic.wdf,真,,
375,状态_天神护体,天宫,1724676649,waddon.wdf,真,0,1
376,状态_天神护法,天宫,1724676649,waddon.wdf,真,0,1
377,宁心,天宫,0xa72fdb18,magic.wdf,真,,
378,鸣雷诀,天宫,3686610267,magic.wdf,真,0,3
379,天诛地灭,天宫,0xE4A2B66E,magic.wdf,真,,
380,知己知彼,天宫,0x1be628f9,magic.wdf,真,,
381,金刚镯,天宫,0x434750DE,magic.wd1,真,,
382,状态_金刚镯,天宫,0x426C0CC4,waddon.wdf,真,,
383,画地为牢,天宫,0xfc309480,magic.wd1,假,,
384,状态_画地为牢,天宫,0xdc6ae6d7,waddon.wdf,假,,
385,状态_轰鸣,天宫,0x5816cdc7,waddon.wdf,假,,
386,状态_电芒,天宫,0x6eca8405,waddon.wdf,假,,
387,风雷韵动,天宫,0xaa5e6357,magic.wd1,真,,
388,状态_趁虚,天宫,0xca4f1ac5,waddon.wdf,真,0,2
389,新_普渡众生,普陀山,0x3d0c6ff1,common/magic.wdf,真,,
390,新_巨岩破,普陀山,0xc4fabe4c,common/magic.wdf,真,,
391,新_靛沧海,普陀山,0x64a39819,common/magic.wdf,真,,
392,新_地裂火,普陀山,0xdc603fbe,common/magic.wdf,真,,
393,新_苍茫树,普陀山,0x2dee722a,common/magic.wdf,真,,
394,新_日光华,普陀山,0x46038131,common/magic.wdf,真,,
395,新_紧箍咒,普陀山,0x1ea5facc,common/magic.wdf,真,,
396,新_灵动九天,普陀山,0x9ccb0f3,common/magic.wdf,真,,
397,新_自在心法,普陀山,0xd6bf55ad,common/magic.wdf,真,,
398,巨岩破,普陀山,0x565a6fe1,magic.wdf,真,,
399,苍茫树,普陀山,2630577796,magic.wdf,真,,
400,坐莲,普陀山,1915810093,magic.wdf,真,,
401,状态_紧箍咒,普陀山,4024909497,waddon.wdf,真,0,1
402,普渡众生,普陀山,804734328,magic.wdf,真,,
403,状态_颠倒五行,普陀山,0x4ddf5690,waddon.wdf,真,0,2
404,日光华,普陀山,1170905363,magic.wdf,真,,
405,地裂火,普陀山,417414121,magic.wdf,真,,
406,紧箍咒,普陀山,1417725769,magic.wdf,真,0,1
407,杨柳甘露,普陀山,939734977,magic.wdf,真,,
408,靛沧海,普陀山,1818198902,magic.wdf,真,,
409,颠倒五行,普陀山,923673984,magic.wdf,真,,
410,状态_普渡众生,普陀山,0xD8857128,waddon.wdf,真,0,1
411,灵动九天,普陀山,0x3fca8c5a,magic.wdf,真,,
412,状态_灵动九天,普陀山,0x95FF4460,waddon.wdf,真,0,2
413,清静菩提,普陀山,1458710428,waddon.wdf,真,,
414,自在心法,普陀山,0x77592664,magic.wdf,真,,
415,五行错位,普陀山,0x5A07D50A,magic.wdf,真,0,3
416,波澜不惊,普陀山,0x842506a0,magic.wd1,真,,
417,状态_波澜不惊,普陀山,0x42b06ac,waddon.wdf,真,,
418,莲心剑意,普陀山,0x88f19652,magic.wd1,真,,
419,状态_莲心剑意,普陀山,0x2d1e688f,waddon.wdf,假,,
420,莲花心音,普陀山,0xfe0b5253,magic.wd1,真,,
421,木曰曲直,普陀山,0x1eb481e0,magic.wd1,真,,
422,士曰稼穑,普陀山,0x285f760a,magic.wd1,真,,
423,水曰润下,普陀山,0x1597c433,magic.wd1,真,,
424,火日炎上,普陀山,0x2a4c3f98,magic.wd1,真,,
425,金日从革,普陀山,0x86df146,magic.wd1,真,,
426,状态_木曰曲直_我方,普陀山,0xaca5045,waddon.wdf,假,0,3
427,状态_士曰稼穑_我方,普陀山,0x30434614,waddon.wdf,假,0,3
428,状态_水曰润下_我方,普陀山,0xd8a2a299,waddon.wdf,假,0,3
429,状态_火日炎上_我方,普陀山,0x214905b6,waddon.wdf,假,0,3
430,状态_金日从革_我方,普陀山,0x4f44a55e,waddon.wdf,假,0,3
431,状态_木曰曲直_敌方,普陀山,0x70e30632,waddon.wdf,真,0,3
432,状态_士曰稼穑_敌方,普陀山,0x20dfe815,waddon.wdf,真,0,3
433,状态_水曰润下_敌方,普陀山,0x3ee6c7fa,waddon.wdf,真,0,3
434,状态_火日炎上_敌方,普陀山,0x8037ea27,waddon.wdf,真,0,3
435,状态_金日从革_敌方,普陀山,0xb87f3249,waddon.wdf,真,0,3
436,新_龙卷雨击,龙宫,0x2ed86fd0,common/magic.wdf,真,,
437,新_龙腾,龙宫,0x3887b377,common/magic.wdf,真,,
438,新_龙吟,龙宫,0x48639cf5,common/magic.wdf,真,,
439,新_二龙戏珠,龙宫,0x36262006,common/magic.wdf,真,,
440,龙卷雨击,龙宫,2711530289,magic.wdf,真,,
441,龙卷雨击1,龙宫,3911640280,magic.wdf,真,,
442,龙卷雨击2,龙宫,3592299801,magic.wdf,真,,
443,龙卷雨击3,龙宫,3514247917,magic.wdf,真,,
444,龙卷雨击4,龙宫,1459200517,magic.wdf,真,,
445,龙吟1,龙宫,0xA5199709,magic.wdf,真,,
446,龙吟2,龙宫,0x5EC2D5BB,magic.wdf,真,,
447,龙吟3,龙宫,0x3D74BE12,magic.wdf,真,,
448,龙吟4,龙宫,0x63605C8D,magic.wdf,真,,
449,龙吟5,龙宫,0x9FE48849,magic.wdf,真,,
450,龙腾,龙宫,1936174863,magic.wdf,真,,
451,水遁,龙宫,1280017893,magic.wdf,真,,
452,二龙戏珠,龙宫,2793449505,magic.wdf,真,,
453,神龙摆尾,龙宫,0xA4790CE1,magic.wdf,真,,
454,状态_神龙摆尾,龙宫,0xF184BD59,waddon.wdf,真,,
455,龙吟,龙宫,1667259533,magic.wdf,真,,
456,状态_乘风破浪,龙宫,3366209335,waddon.wdf,假,,
457,状态_逆鳞,龙宫,0xFCD58523,wzife.wdf,真,,
458,解封,龙宫,1833750106,magic.wdf,真,,
459,乘风破浪,龙宫,1172493695,magic.wdf,真,,
460,清心,龙宫,822452251,magic.wdf,真,0,3
461,逆鳞,龙宫,81488906,magic.wdf,真,0,3
462,龙战于野,龙宫,4102286099,magic.wdf,真,,
463,状态_龙战于野,龙宫,1288547531,waddon.wdf,真,0,1
464,状态_天龙,龙宫,0x8aae95f4,waddon.wdf,真,0,1
465,亢龙归海,龙宫,0x2be88265,magic.wd1,真,,
466,雷浪穿云,龙宫,0x61c3ff68,magic.wd1,真,,
467,状态_雷浪穿云,龙宫,0x4eba6e1,waddon.wdf,真,,
468,龙啸九天,龙宫,0x20D80D98,magic.wdf,真,,
469,破浪,龙宫,0xbc74ad7f,magic.wd1,真,,
470,状态_破浪,龙宫,0xec3149bb,waddon.wdf,真,0,1
471,新_日月乾坤,五庄观,0x2c2da419,common/magic.wdf,真,,
472,新_炼气化神,五庄观,0x1cfe70fa,common/magic.wdf,真,,
473,新_生命之泉,五庄观,0x7c7d67a6,common/magic.wdf,真,,
474,新_烟雨剑法,五庄观,0xa3fd9577,common/magic.wdf,真,0,3
475,新_飘渺式,五庄观,0x66bebcba,common/magic.wdf,真,0,3
476,烟雨剑法,五庄观,3496024499,magic.wdf,真,0,3
477,飘渺式,五庄观,3496024499,magic.wdf,真,0,3
478,炼气化神,五庄观,910697598,magic.wdf,真,0,1
479,日月乾坤,五庄观,2802651747,magic.wdf,真,,
480,状态_蓝灯,五庄观,1906144895,waddon.wdf,真,,
481,状态_炼气化神,五庄观,1906144895,waddon.wdf,真,0,1
482,状态_生命之泉,五庄观,4176381242,waddon.wdf,真,0,1
483,状态_红灯,五庄观,4176381242,waddon.wdf,真,,
484,状态_日月乾坤,五庄观,826002553,waddon.wdf,真,,
485,三花聚顶,五庄观,2002768611,magic.wdf,真,,
486,生命之泉,五庄观,3537672915,magic.wdf,真,0,1
487,斗转星移,五庄观,1056770863,magic.wdf,真,,
488,驱魔,五庄观,0x726AC447,magic.wdf,真,,
489,驱尸,五庄观,0x726AC447,magic.wdf,真,,
490,状态_驱魔,五庄观,0xE89A19DF,waddon.wdf,真,,
491,同伤式,五庄观,4060043784,magic.wdf,真,,
492,天地同寿,五庄观,0x21f550ff,magic.wdf,真,,
493,状态_天地同寿,五庄观,0xb6cf194b,waddon.wdf,真,0,2
494,乾坤妙法,五庄观,0X89B2D33A,common/magic.wdf,真,,
495,状态_乾坤妙法,五庄观,0x56E05B32,waddon.wdf,真,,
496,太极生化,五庄观,0X14E3155E,magic.wdf,真,,
497,清风望月,五庄观,0xe3acd866,magic.wd1,真,,
498,天命剑法,五庄观,0x3426ace0,magic.wd1,真,,
499,心随意动,五庄观,0x3426ace0,magic.wd1,真,,
500,状态_心随意动,五庄观,0x56E05B32,waddon.wdf,真,,
501,新_象形,狮驼岭,0x73da1ccf,common/magic.wdf,真,,
502,新_狮搏,狮驼岭,0x96766a8,common/magic.wdf,真,,
503,新_鹰击,狮驼岭,0x83020dae,common/magic.wdf,真,0,3
504,新_变身,狮驼岭,0xb361fa6,common/magic.wdf,真,,
505,新_连环击,狮驼岭,0x6ad55205,common/magic.wdf,真,0,3
506,威慑,狮驼岭,2222331931,magic.wdf,真,0,3
507,状态_威慑,狮驼岭,553438868,waddon.wdf,真,,
508,状态_象形,狮驼岭,0x3646A4D9,waddon.wdf,假,,
509,状态_象形休息,狮驼岭,0x56e05b32,waddon.wdf,真,,
510,状态_定心术,狮驼岭,1724676649,waddon.wdf,真,0,1
511,定心术,狮驼岭,0x2D07CCEC,magic.wdf,真,0,3
512,变身,狮驼岭,0x1aab80f2,magic.wdf,真,0,3
513,状态_变身,狮驼岭,0x29d819df,magic.wdf,真,0,3
514,鹰击,狮驼岭,0x82C9074A,magic.wdf,真,,
515,渡劫_鹰击,狮驼岭,0x91109049,magic.wdf,真,,
516,狮搏,狮驼岭,0x688ea54b,magic.wdf,真,,
517,天魔解体,狮驼岭,0xD20E78BF,magic.wdf,真,,
518,极度疯狂,狮驼岭,0x718754a2,magic.wdf,真,0,3
519,状态_极度疯狂,狮驼岭,0xBBEA83F4,waddon.wdf,真,0,3
520,连环击,狮驼岭,1441516140,addon.wdf,真,,
521,状态_连环击,狮驼岭,0xdcfa757b,waddon.wdf,真,,
522,振翅千里,狮驼岭,2661053669,magic.wdf,真,,
523,象形,狮驼岭,3188881443,magic.wdf,真,,
524,状态_鹰击,狮驼岭,0x58628406,waddon.wdf,假,,
525,疯狂鹰击,狮驼岭,0x86fe2bc1,magic.wdf,真,,
526,魔息术,狮驼岭,0x3240F0D4,magic.wdf,真,0,1
527,状态_魔息术,狮驼岭,0xdc350672,waddon.wdf,真,0,1
528,魔兽啸天,狮驼岭,0x42F0386F,magic.wdf,真,,
529,状态_爪印,狮驼岭,0xa5d7b0f7,waddon.wdf,真,0,2
530,背水一战,狮驼岭,0x7fe3c5d8,magic.wd1,真,,
531,状态_背水一战,狮驼岭,0x3241903d,waddon.wdf,真,0,1
532,状态_狂袭,狮驼岭,0x5525c5fb,waddon.wdf,真,0,1
533,新_飞砂走石,魔王寨,0x47fe2cc6,common/magic.wdf,真,,
534,新_三昧真火,魔王寨,0x774b7cef,common/magic.wdf,真,,
535,新_牛劲,魔王寨,0x9f9f85ef,common/magic.wdf,真,,
536,新_风云变色,魔王寨,0x47fe2cc6,common/magic.wdf,真,,
537,飞砂走石,魔王寨,0x49CBD108,magic.wdf,真,,
538,飞砂走石1,魔王寨,0x2ABF191D,magic.wdf,真,,
539,牛屎遁,魔王寨,2938873934,magic.wdf,真,,
540,魔王回首,魔王寨,0x16B27FFC,magic.wdf,真,0,3
541,状态_魔王回首,魔王寨,0xBBEA83F4,waddon.wdf,真,0,3
542,三昧真火,魔王寨,0xFCDCCCEC,magic.wdf,真,,
543,牛劲,魔王寨,0x26F090BE,magic.wdf,真,0,3
544,状态_牛劲,魔王寨,0xa168e26f,waddon.wdf,真,0,3
545,火甲术,魔王寨,0x4B621DF7,magic.wdf,真,0,-2
546,状态_火甲术,魔王寨,0x82D17DF8,waddon.wdf,真,,
547,魔火焚世,魔王寨,1514813037,waddon.wdf,真,,
548,摇头摆尾,魔王寨,0x8b036de8,magic.wdf,真,,
549,状态_摇头摆尾,魔王寨,0x59322dba,waddon.wdf,真,0,3
550,踏山裂石,魔王寨,0xA68B3211,magic.wdf,真,,
551,魔焰滔天,魔王寨,0x6e888ea0,magic.wd1,真,,
552,烈焰真诀,魔王寨,0x434750de,magic.wd1,真,,
553,状态_烈焰真诀,魔王寨,0x411c5d82,waddon.wdf,真,,
554,状态_蚀天,魔王寨,0xaf4ec9f2,waddon.wdf,真,0,1
555,状态_敛恨,魔王寨,0x48b222c,waddon.wdf,真,0,1
556,状态_崩摧,魔王寨,0xdcd0b4b2,waddon.wdf,真,0,1
557,状态_魔冥,魔王寨,0x44be7b3,waddon.wdf,真,0,1
558,新_阎罗令,阴曹地府,0x280ac7b,common/magic.wdf,真,,
559,新_判官令,阴曹地府,0x2711a4a3,common/magic.wdf,真,,
560,新_尸腐毒,阴曹地府,0x3c172efa,common/magic.wdf,真,,
561,新_黄泉之息,阴曹地府,0x1adabfa6,common/magic.wdf,真,,
562,新_锢魂术,阴曹地府,0xfb076de,common/magic.wdf,真,,
563,新_魂飞魄散,阴曹地府,0xaff3afbd,common/magic.wdf,真,,
564,尸腐毒,阴曹地府,0x849e48fb,magic.wdf,真,,
565,状态_尸腐毒,阴曹地府,2208088730,waddon.wdf,真,,
566,杳无音讯,阴曹地府,2709550029,magic.wdf,真,,
567,阎罗令,阴曹地府,2662404697,magic.wdf,真,,
568,阎罗拘魂,阴曹地府,2662404697,magic.wdf,真,,
569,判官令,阴曹地府,605841034,magic.wdf,真,,
570,幽冥鬼眼,阴曹地府,0x7df52ca,magic.wdf,真,0,3
571,状态_幽冥鬼眼,阴曹地府,0x21435203,waddon.wdf,真,0,3
572,还阳术,阴曹地府,1538345049,magic.wdf,真,,
573,锢魂术,阴曹地府,0x5c0073ee,magic.wdf,真,0,1
574,状态_锢魂术,阴曹地府,2523841483,waddon.wdf,真,,
575,寡欲令,阴曹地府,0xFDE4BF24,magic.wdf,真,,
576,状态_寡欲令,阴曹地府,0xE89A19DF,waddon.wdf,真,,
577,无间地狱,阴曹地府,2289147609,waddon.wdf,真,,
578,无间地狱2,阴曹地府,1934115845,waddon.wdf,真,,
579,魂飞魄散,阴曹地府,0xa0fdf941,magic.wdf,真,,
580,黄泉之息,阴曹地府,0x2611e02e,magic.wdf,真,,
581,状态_黄泉之息,阴曹地府,0x61CB13B5,waddon.wdf,真,0,1
582,冤魂不散,阴曹地府,0xFA8837EE,magic.wdf,真,,
583,状态_汲魂,阴曹地府,0xDF5559A5,waddon.wdf,真,0,1
584,状态_魑魅缠身,阴曹地府,0x2D3F560C,common/magic.wdf,假,,
585,魑魅缠身,阴曹地府,0x63BADFEC,common/magic.wdf,真,0,-2
586,百爪狂杀,阴曹地府,0xefdfc9dd,magic.wd1,真,0,3
587,六道无量,阴曹地府,0x9706f13a,magic.wd1,真,0,3
588,遁地术,阴曹地府,3356723242,magic.wdf,真,,
589,新_勾魂,盘丝洞,0x1c57da8a,common/magic.wdf,真,,
590,新_摄魄,盘丝洞,0xb1a504b7,common/magic.wdf,真,,
591,新_魔音摄魂,盘丝洞,0x85e6ae55,common/magic.wdf,真,,
592,新_含情脉脉,盘丝洞,0xceaf0e44,common/magic.wdf,真,,
593,新_天罗地网,盘丝洞,0x60af6327,common/magic.wdf,真,,
594,新_姐妹同心,盘丝洞,0x42ed98b8,common/magic.wdf,真,,
595,姐妹同心,盘丝洞,0x29faebad,magic.wdf,真,,
596,夺命蛛丝,盘丝洞,0x7CD9C342,magic.wdf,真,0,3
597,瘴气,盘丝洞,0xba6fc6c2,magic.wdf,真,,
598,状态_瘴气,盘丝洞,0xd1cd1e6,waddon.wdf,真,,
599,天罗地网,盘丝洞,513152598,magic.wdf,真,,
600,状态_天罗地网,盘丝洞,0x8F3E73D5,waddon.wdf,假,,
601,天蚕丝,盘丝洞,341882911,magic.wdf,真,,
602,盘丝阵,盘丝洞,1774142217,magic.wdf,真,,
603,状态_盘丝阵,盘丝洞,0x369C6A29,waddon.wdf,真,,
604,复苏,盘丝洞,3698682735,magic.wdf,真,,
605,状态_复苏,盘丝洞,0x7DCEE534,waddon.wdf,真,,
606,含情脉脉,盘丝洞,1399041837,magic.wdf,真,,
607,状态_含情脉脉,盘丝洞,2164502482,waddon.wdf,假,,
608,魔音摄魂,盘丝洞,0x27e27719,magic.wdf,真,0,1
609,状态_魔音摄魂,盘丝洞,0xc4aa8e18,waddon.wdf,假,,
610,幻镜术,盘丝洞,0x8CD6756E,common/magic.wdf,真,,
611,状态_幻镜术,盘丝洞,0xC30D6DC9,common/magic.wdf,真,,
612,摄魄,盘丝洞,1505585649,magic.wdf,真,,
613,勾魂,盘丝洞,457649967,magic.wdf,真,,
614,状态_迷瘴,盘丝洞,0xd1cd1e6,waddon.wdf,假,,
615,落花成泥,盘丝洞,0x80d1cfb9,magic.wd1,真,,
616,状态_落花成泥,盘丝洞,0xbec7680a,waddon.wdf,真,0,1
617,偷龙转凤,盘丝洞,0xf5958d19,magic.wd1,真,,
618,状态_偷龙转凤,盘丝洞,0xc0e3d64c,waddon.wdf,真,,
619,媚眼如丝,盘丝洞,2565398678,waddon.wdf,真,,
620,新_落叶萧萧,神木林,0x36bfe018,common/magic.wdf,真,,
621,宝莲秘法,神木林,0x36bfe018,common/magic.wdf,真,,
622,新_尘土刃,神木林,0x63badfec,common/magic.wdf,真,,
623,新_荆棘舞,神木林,0x34826440,common/magic.wdf,真,,
624,新_冰川怒,神木林,0x4c7470bf,common/magic.wdf,真,,
625,新_雾杀,神木林,0x33f18d1,common/magic.wdf,真,0,-2
626,新_炎护,神木林,0xadf90980,common/magic.wdf,真,,
627,状态_炎护,神木林,0xd2578505,waddon.wdf,假,,
628,新_血雨,神木林,0xbacd6f79,common/magic.wdf,真,,
629,状态_血雨,神木林,0x21c17ca5,common/magic.wdf,假,,
630,状态_风灵,神木林,0x1fdf16a3,waddon.wdf,真,0,1
631,状态_雾杀,神木林,1506044316,common/magic.wdf,真,0,1
632,炎护,神木林,1863894572,common/magic.wdf,真,,
633,尘土刃,神木林,2645145495,common/magic.wdf,真,,
634,状态_炎护,神木林,0x8b468339,common/magic.wdf,真,,
635,落叶萧萧,神木林,0xbd677226,common/magic.wdf,真,,
636,落叶萧萧1,神木林,0xf66070df,common/magic.wdf,真,,
637,落叶萧萧2,神木林,0x94931579,common/magic.wdf,真,,
638,血雨,神木林,1886752675,common/magic.wdf,真,,
639,冰川怒,神木林,1425547471,common/magic.wdf,真,,
640,叶隐,神木林,1859374553,common/magic.wdf,真,,
641,蜜润,神木林,3298164407,common/magic.wdf,真,,
642,荆棘舞,神木林,636234317,common/magic.wdf,真,,
643,星月之惠,神木林,3298164407,common/magic.wdf,真,,
644,雾杀,神木林,1264783402,common/magic.wdf,真,,
645,花语歌谣,神木林,0xc0a21e7f,common/magic.wdf,真,,
646,状态_冰川怒,神木林,0x0D25E055,waddon.wdf,假,,
647,状态_冰川怒伤,神木林,0xAF07277F,waddon.wdf,真,,
648,状态_蜜润,神木林,0x1FDF16A3,waddon.wdf,真,0,1
649,蝼蚁蚀天,神木林,0xCEEA8F28,common/magic.wdf,真,,
650,凋零之歌,神木林,0x9ea0388d,common/magic.wdf,真,,
651,落叶萧萧1,神木林,3177673254,common/magic.wdf,真,,
652,落叶萧萧2,神木林,0x94931579,common/magic.wdf,真,,
653,状态_雾痕,神木林,0x34999043,waddon.wdf,真,0,1
654,新_裂石,凌波城,0x3c5c1616,common/magic.wdf,真,,
655,新_断岳势,凌波城,0x958fac37,common/magic.wdf,真,,
656,新_天崩地裂,凌波城,0xeef5baf6,common/magic.wdf,真,,
657,新_浪涌,凌波城,0xd53a25eb,common/magic.wdf,真,,
658,新_惊涛怒,凌波城,0x697e01e6,common/magic.wdf,真,,
659,新_翻江搅海,凌波城,0x584b98c0,common/magic.wdf,真,,
660,新_腾雷,凌波城,0x8a506a89,common/magic.wdf,真,,
661,新_不动如山,凌波城,0xc514b5e7,common/magic.wdf,真,0,-2
662,状态_战意1,凌波城,0xc4fe8e3f,common/magic.wdf,真,,
663,状态_战意2,凌波城,0x3d3c8d10,common/magic.wdf,真,,
664,状态_战意3,凌波城,0xd1c3b611,common/magic.wdf,真,,
665,状态_战意4,凌波城,0xd1c3b611,common/magic.wdf,真,,
666,状态_战意5,凌波城,0x8b468339,common/magic.wdf,真,,
667,碎星诀,凌波城,2704907892,common/magic.wdf,真,0,1
668,裂石,凌波城,741439825,common/magic.wdf,真,0,3
669,断岳势,凌波城,0x32fee53d,common/magic.wdf,真,0,3
670,状态_不动如山,凌波城,281904888,common/magic.wdf,真,,
671,浪涌,凌波城,1065487884,common/magic.wdf,真,0,3
672,天崩地裂,凌波城,2761456237,common/magic.wdf,真,0,3
673,状态_碎星诀,凌波城,814399755,common/magic.wdf,真,0,1
674,纵地金光,凌波城,3546433571,common/magic.wdf,真,,
675,不动如山,凌波城,4106497964,common/magic.wdf,真,,
676,翻江搅海,凌波城,3385103645,common/magic.wdf,真,,
677,惊涛怒,凌波城,3197608773,common/magic.wdf,真,,
678,无双战魂,凌波城,2272115910,magic.wdf,真,,
679,指地成钢,凌波城,0x4C7470BF,common/magic.wdf,真,,
680,状态_镇魂诀,凌波城,0xA1399E74,common/magic.wdf,真,0,1
681,镇魂诀,凌波城,0x8E04515D,common/magic.wdf,真,0,1
682,无穷妙道,凌波城,1833750106,magic.wdf,真,,
683,腾雷,凌波城,0xb94d0b94,common/magic.wdf,真,0,3
684,状态_腾雷,凌波城,0x1a13cece,common/magic.wdf,真,,
685,状态_怒涛,凌波城,0x20360a02,common/magic.wdf,真,0,1
686,真君显灵,凌波城,0xe241d087,common/magic.wdf,真,,
687,状态_真君显灵,凌波城,0x2ED4AF64,common/magic.wdf,真,,
688,天神怒斩,凌波城,0x5f2d32ab,common/magic.wdf,真,,
689,状态_强袭,凌波城,0xe1063ad,common/magic.wdf,真,0,1
690,状态_再战,凌波城,0xe1063ad,common/magic.wdf,真,0,1
691,状态_力竭,凌波城,0xe1063ad,common/magic.wdf,真,0,1
692,新_地涌金莲,无底洞,0xe1dcdb9,common/magic.wdf,真,0,-2
693,新_惊魂掌,无底洞,0x158ef991,common/magic.wdf,真,0,-2
694,新_煞气决,无底洞,0x8cd6756e,common/magic.wdf,真,,
695,新_夺魄令,无底洞,0xbe97e00,common/magic.wdf,真,0,-2
696,新_摧心术,无底洞,0xe12cb30c,common/magic.wdf,真,0,-2
697,新_夺命咒,无底洞,0x11f0c5b,common/magic.wdf,真,0,-2
698,地涌金莲,无底洞,3231850111,common/magic.wdf,真,,
699,状态_夺魄令,无底洞,566328485,common/magic.wdf,假,,
700,惊魂掌,无底洞,3285527731,common/magic.wdf,真,,
701,移魂化骨,无底洞,0x13b05a29,common/magic.wdf,真,,
702,状态_明光宝烛,无底洞,540412418,common/magic.wdf,真,0,3
703,状态_摧心术,无底洞,2126428619,common/magic.wdf,真,,
704,状态_惊魂掌,无底洞,2156799976,common/magic.wdf,真,,
705,摧心术,无底洞,2702496872,common/magic.wdf,真,,
706,夺命咒,无底洞,2699497351,common/magic.wdf,真,,
707,明光宝烛,无底洞,1479134995,common/magic.wdf,真,,
708,状态_移魂化骨,无底洞,0x2d3f560c,common/magic.wdf,真,0,1
709,夺魄令,无底洞,2668097987,common/magic.wdf,真,,
710,煞气诀,无底洞,0x3c876325,common/magic.wdf,真,,
711,状态_煞气诀,无底洞,2126428619,common/magic.wdf,真,,
712,净土灵华,无底洞,3029064273,magic.wdf,真,,
713,金身舍利,无底洞,0x74A85C95,common/magic.wdf,真,,
714,状态_金身舍利,无底洞,0xECEC37F7,common/magic.wdf,真,,
715,万木凋枯,无底洞,0x15AE9E20,common/magic.wdf,真,,
716,同舟共济,无底洞,0x5DC6FFDD,common/magic.wdf,真,,
717,状态_同舟共济,无底洞,0x5826238A,common/magic.wdf,真,,
718,状态_妖风四起,无底洞,0x2bafa21d,common/magic.wdf,假,,
719,妖风四起,无底洞,0x1cfe70fa,common/magic.wdf,真,,
720,由己渡人,无底洞,0xf001a7b5,common/magic.wdf,真,,
721,蚩尤技能,怪物,0xf08c56e8,common/magic.wdf,真,,
722,刀光剑影,怪物,0xf28e2dc,common/magic.wdf,真,,
723,刀光剑影2,怪物,0xdfc4a4f2,common/magic.wdf,真,,
724,武神之怒,怪物,0x3dd71df3,common/magic.wdf,真,,
725,毁灭之光,怪物,0xc13cb3dd,common/magic.wdf,真,,
726,状态_毁灭之光,怪物,0x583cbc0b,waddon.wdf,真,,
727,重生,怪物,0xc0a21e7f,common/magic.wdf,真,,
728,血沸,怪物,0x3a63d8a8,common/magic.wdf,真,,
729,怒击,怪物,0x3f820e0c,common/magic.wdf,真,,
730,寒冰监牢,怪物,0xce33e201,common/magic.wdf,真,,
731,归墟,怪物,0x998f6e31,common/magic.wdf,真,,
732,电芒,怪物,0x3c5c1616,common/magic.wdf,真,,
733,猛击,怪物,0x885acbe1,addon.wdf,真,,
734,怒火,怪物,0xf6a543cc,common/magic.wdf,真,,
735,秘传封印,怪物,0x2aeb8662,common/magic.wdf,真,,
736,状态_秘传封印,怪物,0x583cbc0b,waddon.wdf,真,,
737,尸腐无常,怪物,0x849e48fb,magic.wdf,真,,
738,状态_尸腐无常,怪物,0xd2578505,waddon.wdf,真,,
739,冰封千里,怪物,0x2ea2e1b,magic.wdf,真,,
740,烈火焚原,怪物,0x5829cf13,common/magic.wdf,真,,
741,状态_烈火焚原,怪物,0xeb3d0ac1,waddon.wdf,真,,
742,断穹巨剑_敌方,灵宝,0x69d8c3e0,tx.wdf,真,,
743,断穹巨剑_我方,灵宝,0x7fdd0de0,tx.wdf,真,,
744,静心禅珠,灵宝,0xc93a4fe0,tx.wdf,真,,
745,宁心道符,灵宝,0xedf566e0,tx.wdf,真,,
746,状态_宁心道符,灵宝,0x195303e0,tx.wdf,真,0,3
747,相思寒针,灵宝,0xab04e6ab,tx.wdf,真,,
748,状态_相思寒针,灵宝,0x1e054ce0,tx.wdf,真,0,3
749,风舞心经_敌方,灵宝,0x8200f2e0,tx.wdf,真,0,2
750,风舞心经_我方,灵宝,0x5dd8c0e0,tx.wdf,真,0,2
751,锢魂命谱,灵宝,0xbf04fae0,tx.wdf,真,,
752,青狮獠牙,灵宝,0xe4ca53e0,tx.wdf,真,,
753,冥火炼炉,灵宝,0x69cf86e0,tx.wdf,真,,
754,缚仙蛛丝,灵宝,0x6140e704,tx.wdf,真,,
755,煞魂冥灯,灵宝,0xf570fde0,tx.wdf,真,,
756,九霄龙锥,灵宝,0x3aef41e0,tx.wdf,真,,
757,化怨清莲,灵宝,0x8eecabe0,tx.wdf,真,,
758,状态_化怨清莲,灵宝,0xa268fde0,tx.wdf,真,0,3
759,真阳令旗,灵宝,0x4592dee0,tx.wdf,真,,
760,天雷音鼓,灵宝,0x51EEBFF3,magic.wdf,真,,
761,寒霜盾戟,灵宝,0xcd3741e0,tx.wdf,真,,
762,乾坤金卷,灵宝,0xc93a4fe0,tx.wdf,真,,
763,定神仙琴,灵宝,0xbf0fa1e0,tx.wdf,真,,
764,状态_定神仙琴,灵宝,0x6659aee0,tx.wdf,真,0,2
765,赤炎战笛,灵宝,0x4559e871,tx.wdf,真,,
766,状态_赤炎战笛,灵宝,0xf848bae0,tx.wdf,真,0,1
767,护体灵盾,灵宝,0x4cd30be0,tx.wdf,真,,
768,惊兽云尺,灵宝,0xc27b9ee0,tx.wdf,真,,
769,战神宝典,灵宝,0x121133e0,tx.wdf,真,,
770,潜力激发,子女,81488906,magic.wdf,真,0,3
